timestamp,site_id,consumption_mw,voltage_v,frequency_hz,status
2025-01-30T03:00:00,SITE_COM_001,0.479,223.3,50.02,OK
2025-01-08 18:00:00,SITE_COM_001,1.288,229.1,49.95,OK
2025-01-30T16:00:00,SITE_COM_001,1.218,233.6,49.96,OK
2025-01-12T17:00:00,SITE_COM_002,0.672,230.2,49.83,OK
2025-01-18T03:00:00,SITE_RES_002,0.288,232.0,49.96,OK
2025-01-11 01:00:00,SITE_IND_002,0.662,230.1,50.08,OK
2025-01-16T23:00:00,SITE_COM_002,0.41,222.3,50.03,OK
2025-01-30 13:00:00,SITE_IND_002,2.302,234.4,50.03,OK
2025-01-22T20:00:00,SITE_IND_002,2.069,226.8,49.97,OK
2025-01-21T18:00:00,SITE_IND_001,2.874,232.6,49.82,OK
2025-01-17T01:00:00,SITE_COM_001,0.492,229.6,50.0,OK
2025-01-14T14:00:00,SITE_RES_001,0.35,239.5,50.11,OK
2025-01-24T17:00:00,SITE_RES_001,0.294,227.0,50.08,OK
2025-01-24T05:00:00,SITE_IND_001,1.769,229.2,50.02,OK
2025-01-13T22:00:00,SITE_IND_001,1.595,226.6,50.0,OK
2025-01-04T18:00:00,SITE_IND_001,1.882,227.9,50.15,OK
2025-01-18T04:00:00,SITE_IND_002,0.765,229.9,50.11,OK
2025-01-10T14:00:00,SITE_COM_002,0.929,231.5,49.98,OK
2025-01-24T01:00:00,SITE_RES_001,0.304,232.9,50.01,OK
2025-01-10T12:00:00,SITE_IND_001,2.872,231.7,49.84,OK
05/01/2025 18:00:00,SITE_RES_002,0.434,228.5,50.03,OK
2025-01-05 10:00:00,SITE_IND_002,1.362,226.6,50.03,OK
2025-01-26T23:00:00,SITE_IND_001,1.138,238.0,49.99,OK
2025-01-12 23:00:00,SITE_COM_002,0.262,229.3,50.04,OK
2025-01-28T12:00:00,SITE_RES_001,0.303,225.1,49.78,OK
2025-01-17T19:00:00,SITE_IND_001,3.091,230.4,49.88,OK
2025-01-24T13:00:00,SITE_COM_002,0.969,231.9,50.01,OK
2025-01-26 16:00:00,SITE_COM_001,0.846,234.0,49.96,OK
2025-01-18T03:00:00,SITE_RES_001,0.35,235.9,50.21,OK
04/01/2025 23:00:00,SITE_RES_001,0.354,234.9,49.92,OK
2025-01-01T19:00:00,SITE_IND_002,2.137,231.5,50.09,OK
2025-01-11T01:00:00,SITE_RES_001,0.399,232.8,50.12,OK
2025-01-15T07:00:00,SITE_IND_001,2.91,231.3,50.01,OK
2025-01-20T00:00:00,SITE_IND_002,1.315,230.3,49.98,OK
2025-01-07T11:00:00,SITE_IND_001,2.851,231.9,50.05,OK
2025-01-30T00:00:00,SITE_RES_001,-888,229.0,49.94,ERROR
2025-01-28T15:00:00,SITE_IND_002,-999,228.6,50.0,ERROR
2025-01-28T05:00:00,SITE_RES_002,0.244,229.4,50.02,OK
2025-01-04T09:00:00,SITE_COM_001,0.99,233.5,49.96,OK
2025-01-24T22:00:00,SITE_IND_001,1.862,231.2,49.88,OK
26/01/2025 17:00:00,SITE_RES_001,0.355,232.4,50.08,OK
2025-01-21T09:00:00,SITE_COM_002,0.942,234.0,49.7,OK
2025-01-04T05:00:00,SITE_RES_001,0.352,231.1,49.73,OK
2025-01-14T21:00:00,SITE_IND_001,1.728,224.9,50.1,OK
2025-01-29T09:00:00,SITE_COM_001,1.413,225.3,49.82,OK
2025-01-29T14:00:00,SITE_IND_001,2.817,235.5,49.88,OK
2025-01-12T18:00:00,SITE_COM_002,0.647,227.9,50.0,OK
2025-01-01T02:00:00,SITE_IND_002,1.29,240.8,50.0,OK
2025-01-17T02:00:00,SITE_RES_001,0.339,225.3,49.75,OK
2025-01-07T17:00:00,SITE_RES_001,0.349,229.1,49.81,OK
13/01/2025 09:00:00,SITE_RES_001,0.336,231.5,50.03,OK
2025-01-15T20:00:00,SITE_IND_002,1.924,230.9,50.05,OK
2025-01-26T09:00:00,SITE_COM_002,0.663,233.5,50.01,OK
2025-01-05T19:00:00,SITE_RES_002,-888,232.1,49.92,ERROR
2025-01-06T17:00:00,SITE_COM_001,1.225,236.4,49.95,OK
2025-01-28T20:00:00,SITE_RES_001,0.501,227.2,50.21,OK
2025-01-23T16:00:00,SITE_RES_001,0.331,226.1,50.09,OK
2025-01-12T05:00:00,SITE_COM_001,-888,233.4,50.0,ERROR
2025-01-16T08:00:00,SITE_COM_001,1.381,231.8,49.9,OK
2025-01-04T06:00:00,SITE_RES_002,0.288,227.3,49.99,OK
2025-01-18 21:00:00,SITE_COM_001,0.358,231.8,50.14,OK
2025-01-17T14:00:00,SITE_IND_001,-777,226.7,49.89,ERROR
2025-01-21T16:00:00,SITE_COM_001,1.356,233.2,49.93,OK
2025-01-26T22:00:00,SITE_COM_001,0.361,231.4,49.76,OK
2025-01-18T17:00:00,SITE_RES_002,,225.7,49.99,ERROR
2025-01-10 03:00:00,SITE_COM_002,0.379,234.1,49.87,OK
2025-01-22T08:00:00,SITE_COM_001,1.391,226.4,50.01,OK
2025-01-02T06:00:00,SITE_RES_002,0.258,221.6,49.95,OK
2025-01-20T02:00:00,SITE_RES_002,0.229,229.3,50.06,OK
2025-01-14T16:00:00,SITE_COM_002,0.946,226.2,49.9,OK
2025-01-20T10:00:00,SITE_IND_001,2.811,232.2,50.08,OK
2025-01-30T09:00:00,SITE_COM_001,1.428,233.8,49.95,OK
14/01/2025 04:00:00,SITE_RES_002,0.225,222.9,50.07,OK
2025-01-23T20:00:00,SITE_RES_002,0.425,219.5,49.86,OK
18/01/2025 12:00:00,SITE_IND_001,1.802,230.3,49.9,OK
2025-01-19 06:00:00,SITE_COM_002,0.247,234.9,49.94,OK
2025-01-11T20:00:00,SITE_COM_002,-999,233.4,50.0,ERROR
2025-01-09T10:00:00,SITE_RES_002,0.258,231.4,49.94,OK
2025-01-05T17:00:00,SITE_RES_001,0.362,235.9,49.71,OK
2025-01-20T00:00:00,SITE_COM_001,0.495,226.4,49.96,OK
2025-01-11T00:00:00,SITE_IND_002,0.745,227.7,50.08,OK
2025-01-24T12:00:00,SITE_IND_001,3.056,230.6,50.05,OK
01/01/2025 07:00:00,SITE_RES_002,0.359,232.3,49.95,OK
2025-01-19T13:00:00,SITE_COM_001,0.988,231.3,50.03,OK
2025-01-17T18:00:00,SITE_IND_002,2.006,234.3,49.77,OK
2025-01-05T21:00:00,SITE_COM_001,,229.6,50.03,ERROR
2025-01-15T02:00:00,SITE_IND_001,1.913,232.9,49.8,OK
2025-01-08T07:00:00,SITE_IND_002,2.142,233.5,49.9,OK
14/01/2025 09:00:00,SITE_IND_001,-999,225.2,49.78,ERROR
29/01/2025 15:00:00,SITE_RES_002,0.248,235.3,49.86,OK
2025-01-24T18:00:00,SITE_IND_001,2.845,224.8,50.16,OK
2025-01-22 08:00:00,SITE_COM_002,1.0,232.9,49.96,OK
2025-01-06T21:00:00,SITE_COM_002,0.389,227.0,50.04,OK
2025-01-07 06:00:00,SITE_COM_002,0.359,232.3,49.94,OK
2025-01-23T12:00:00,SITE_IND_001,2.757,228.8,49.99,OK
2025-01-06T06:00:00,SITE_IND_001,2.716,228.7,49.95,OK
2025-01-04 00:00:00,SITE_IND_001,1.034,229.9,50.01,OK
2025-01-09T17:00:00,SITE_COM_002,1.012,227.8,50.03,OK
2025-01-14T23:00:00,SITE_COM_001,3.591,236.8,50.19,OK
2025-01-25T22:00:00,SITE_COM_001,0.343,225.7,49.97,OK
2025-01-25 20:00:00,SITE_RES_002,0.478,229.8,49.98,OK
2025-01-12T21:00:00,SITE_RES_001,0.584,233.2,49.93,OK
2025-01-12 02:00:00,SITE_COM_001,0.366,232.0,49.79,OK
2025-01-16T20:00:00,SITE_COM_002,0.387,231.5,49.79,OK
2025-01-08T14:00:00,SITE_IND_001,2.724,230.2,49.86,OK
2025-01-05 13:00:00,SITE_RES_002,-777,233.5,50.1,ERROR
21/01/2025 02:00:00,SITE_IND_002,1.204,226.3,50.07,OK
21/01/2025 03:00:00,SITE_IND_001,1.591,229.2,50.04,OK
2025-01-29 06:00:00,SITE_COM_001,0.541,230.0,50.15,OK
2025-01-16 16:00:00,SITE_IND_001,3.169,231.5,50.01,OK
2025-01-10T06:00:00,SITE_RES_002,0.241,226.0,49.87,OK
2025-01-02T13:00:00,SITE_RES_001,0.346,223.0,50.08,OK
2025-01-22T11:00:00,SITE_COM_002,0.893,233.7,50.16,OK
2025-01-09T00:00:00,SITE_COM_002,0.396,232.5,50.07,OK
2025-01-27T08:00:00,SITE_RES_002,0.377,225.9,50.04,OK
2025-01-15T21:00:00,SITE_IND_002,1.318,229.1,49.99,OK
2025-01-19T18:00:00,SITE_IND_001,1.811,229.1,49.97,OK
2025-01-09 20:00:00,SITE_RES_001,0.533,232.3,50.24,OK
2025-01-11T13:00:00,SITE_RES_002,0.259,228.6,49.96,OK
2025-01-28T01:00:00,SITE_IND_001,1.605,235.4,50.12,OK
2025-01-16T02:00:00,SITE_RES_001,0.336,225.0,50.01,OK
2025-01-05T01:00:00,SITE_COM_001,0.322,239.8,49.85,OK
2025-01-20T21:00:00,SITE_RES_001,0.552,233.0,49.95,OK
2025-01-07 00:00:00,SITE_COM_001,0.461,231.1,50.08,OK
2025-01-21 15:00:00,SITE_IND_001,-999,235.3,50.03,ERROR
13/01/2025 01:00:00,SITE_COM_001,0.544,233.0,50.05,OK
2025-01-03T09:00:00,SITE_COM_001,1.351,233.5,50.1,OK
04/01/2025 06:00:00,SITE_IND_001,1.71,235.6,50.13,OK
2025-01-14T18:00:00,SITE_RES_001,-999,231.5,50.04,ERROR
2025-01-01T07:00:00,SITE_RES_001,0.506,231.7,49.97,OK
2025-01-27T20:00:00,SITE_COM_001,0.488,233.3,49.93,OK
2025-01-23T16:00:00,SITE_IND_001,3.052,230.1,49.81,OK
2025-01-26 21:00:00,SITE_COM_001,0.361,225.7,50.13,OK
07/01/2025 05:00:00,SITE_RES_001,-888,229.9,49.81,ERROR
2025-01-29 12:00:00,SITE_RES_001,0.305,225.7,49.92,OK
2025-01-14 14:00:00,SITE_RES_002,0.243,228.4,50.07,OK
2025-01-30T22:00:00,SITE_COM_001,0.469,227.4,49.74,OK
2025-01-24T20:00:00,SITE_COM_001,0.478,227.7,49.79,OK
2025-01-10T15:00:00,SITE_RES_002,0.256,227.8,50.14,OK
2025-01-03T14:00:00,SITE_IND_002,2.146,233.1,50.02,OK
03/01/2025 11:00:00,SITE_IND_002,2.137,230.5,49.72,OK
2025-01-14T18:00:00,SITE_IND_001,3.201,230.8,49.98,OK
2025-01-22T18:00:00,SITE_RES_002,0.357,223.7,50.03,OK
2025-01-06T15:00:00,SITE_COM_001,1.332,223.5,50.06,OK
2025-01-04T14:00:00,SITE_COM_001,,226.4,50.12,ERROR
2025-01-14T06:00:00,SITE_COM_002,0.383,235.8,50.15,OK
2025-01-10T12:00:00,SITE_RES_002,0.219,222.5,49.77,OK
2025-01-25T13:00:00,SITE_COM_001,0.989,230.6,49.84,OK
2025-01-22T04:00:00,SITE_IND_002,1.228,233.7,49.96,OK
2025-01-09T17:00:00,SITE_IND_002,2.148,222.7,49.79,OK
2025-01-07T15:00:00,SITE_IND_001,2.808,234.9,50.01,OK
2025-01-18 19:00:00,SITE_RES_001,0.542,231.9,50.05,OK
2025-01-28T13:00:00,SITE_IND_002,2.155,228.9,50.04,OK
2025-01-24T17:00:00,SITE_IND_001,2.875,228.4,49.87,OK
2025-01-17 04:00:00,SITE_IND_001,1.617,230.7,50.06,OK
2025-01-26T08:00:00,SITE_IND_001,1.866,223.4,50.12,OK
2025-01-08T14:00:00,SITE_RES_001,-888,231.8,49.95,ERROR
2025-01-24 16:00:00,SITE_IND_002,2.172,219.4,49.93,OK
2025-01-04 15:00:00,SITE_COM_002,0.717,228.4,49.68,OK
2025-01-27 03:00:00,SITE_COM_002,0.362,233.0,50.04,OK
2025-01-06T19:00:00,SITE_IND_001,2.773,237.0,49.98,OK
21/01/2025 22:00:00,SITE_IND_001,1.794,225.8,50.06,OK
10/01/2025 03:00:00,SITE_RES_002,0.251,227.4,49.87,OK
2025-01-15T13:00:00,SITE_IND_001,3.136,228.1,49.99,OK
2025-01-01T14:00:00,SITE_RES_001,0.345,231.8,50.12,OK
2025-01-02T03:00:00,SITE_IND_002,1.165,230.2,50.0,OK
2025-01-18T17:00:00,SITE_IND_002,1.327,224.2,50.08,OK
2025-01-03T11:00:00,SITE_COM_002,0.923,242.8,50.01,OK
2025-01-03T16:00:00,SITE_COM_002,0.904,236.1,49.96,OK
25/01/2025 11:00:00,SITE_RES_001,,233.2,50.04,ERROR
2025-01-24T02:00:00,SITE_IND_002,1.268,234.3,50.14,OK
2025-01-09 17:00:00,SITE_RES_001,0.351,231.8,49.9,OK
2025-01-18T15:00:00,SITE_COM_002,0.654,227.9,50.01,OK
2025-01-19T05:00:00,SITE_IND_002,0.706,229.4,49.84,OK
2025-01-27T00:00:00,SITE_RES_001,0.288,222.6,50.02,OK
2025-01-25T09:00:00,SITE_IND_001,1.8,229.5,50.02,OK
2025-01-07T09:00:00,SITE_COM_002,1.037,232.3,49.85,OK
2025-01-06T07:00:00,SITE_COM_002,0.343,227.3,49.86,OK
2025-01-18T19:00:00,SITE_IND_002,1.198,234.2,49.97,OK
2025-01-28T21:00:00,SITE_COM_001,0.492,223.5,49.99,OK
2025-01-10 22:00:00,SITE_IND_001,-999,231.3,49.89,ERROR
2025-01-07T10:00:00,SITE_COM_001,1.232,235.2,50.15,OK
2025-01-19T13:00:00,SITE_IND_002,1.167,234.5,50.08,OK
2025-01-16T23:00:00,SITE_IND_002,-999,234.1,50.06,ERROR
2025-01-26T20:00:00,SITE_RES_001,0.588,218.1,50.03,OK
04/01/2025 11:00:00,SITE_IND_002,-999,231.2,49.9,ERROR
2025-01-14T06:00:00,SITE_RES_002,0.219,230.2,50.26,OK
2025-01-24T20:00:00,SITE_RES_002,0.385,226.8,49.97,OK
2025-01-07T07:00:00,SITE_COM_001,0.544,229.6,49.93,OK
2025-01-03 21:00:00,SITE_IND_002,1.149,231.8,50.22,OK
18/01/2025 13:00:00,SITE_RES_002,0.3,222.7,49.99,OK
2025-01-17T00:00:00,SITE_IND_001,1.89,228.4,50.02,OK
2025-01-06 16:00:00,SITE_IND_002,2.012,231.1,49.9,OK
2025-01-26 16:00:00,SITE_IND_001,1.914,218.1,50.14,OK
2025-01-21T08:00:00,SITE_RES_001,0.539,226.8,50.11,OK
2025-01-05T03:00:00,SITE_IND_001,1.035,224.9,49.92,OK
2025-01-25T03:00:00,SITE_IND_002,0.718,226.0,50.19,OK
2025-01-21T23:00:00,SITE_COM_002,0.388,224.5,49.98,OK
2025-01-01T11:00:00,SITE_COM_001,1.187,233.4,49.92,OK
2025-01-10 19:00:00,SITE_RES_002,0.419,230.1,49.88,OK
2025-01-03T22:00:00,SITE_RES_001,0.337,232.8,50.09,OK
2025-01-02 10:00:00,SITE_RES_002,0.231,222.8,49.83,OK
2025-01-03T19:00:00,SITE_RES_001,0.51,231.4,49.96,OK
2025-01-04T19:00:00,SITE_IND_002,1.361,232.5,49.8,OK
2025-01-14T07:00:00,SITE_COM_001,0.487,235.2,49.95,OK
2025-01-17T18:00:00,SITE_COM_001,-888,230.6,49.92,ERROR
2025-01-20T02:00:00,SITE_IND_002,1.234,231.4,50.14,OK
2025-01-04 19:00:00,SITE_COM_002,0.677,231.3,49.96,OK
2025-01-14T08:00:00,SITE_IND_002,2.09,224.9,50.2,OK
2025-01-27T10:00:00,SITE_COM_001,1.203,230.6,50.07,OK
2025-01-09 00:00:00,SITE_RES_002,0.257,229.7,50.03,OK
2025-01-29T04:00:00,SITE_COM_002,0.348,229.0,50.11,OK
2025-01-16T20:00:00,SITE_IND_002,1.953,226.3,50.0,OK
2025-01-09T07:00:00,SITE_COM_002,0.347,231.7,50.09,OK
17/01/2025 22:00:00,SITE_RES_001,0.341,226.3,49.97,OK
2025-01-30T13:00:00,SITE_RES_001,0.292,226.7,50.03,OK
2025-01-14 12:00:00,SITE_IND_001,3.263,228.6,50.11,OK
2025-01-23T00:00:00,SITE_COM_001,0.522,230.1,50.07,OK
2025-01-18T21:00:00,SITE_COM_002,0.259,228.5,50.09,OK
2025-01-21T14:00:00,SITE_RES_001,0.35,234.4,49.68,OK
2025-01-29 00:00:00,SITE_IND_001,1.857,229.8,50.04,OK
2025-01-23 19:00:00,SITE_RES_002,0.402,226.0,50.0,OK
2025-01-17T15:00:00,SITE_IND_001,2.882,225.4,49.97,OK
2025-01-13T18:00:00,SITE_RES_001,0.531,226.7,50.0,OK
2025-01-03T19:00:00,SITE_COM_002,0.883,228.9,50.04,OK
2025-01-16T12:00:00,SITE_RES_002,0.237,223.8,49.62,OK
2025-01-12T10:00:00,SITE_IND_002,1.285,232.1,49.79,OK
2025-01-26 16:00:00,SITE_RES_001,,227.8,49.9,ERROR
2025-01-11T13:00:00,SITE_COM_001,0.905,233.4,49.88,OK
2025-01-20T10:00:00,SITE_COM_002,-999,227.8,49.97,ERROR
2025-01-30T17:00:00,SITE_RES_002,0.261,229.1,49.92,OK
22/01/2025 22:00:00,SITE_COM_001,-999,223.7,49.88,ERROR
09/01/2025 17:00:00,SITE_IND_001,3.093,232.5,50.11,OK
27/01/2025 04:00:00,SITE_RES_002,0.264,238.4,49.99,OK
2025-01-14T21:00:00,SITE_RES_002,0.408,236.5,49.86,OK
2025-01-05T20:00:00,SITE_RES_001,-888,222.9,49.91,ERROR
2025-01-24T01:00:00,SITE_COM_002,0.397,230.8,50.11,OK
11/01/2025 18:00:00,SITE_RES_001,-999,226.2,50.07,ERROR
2025-01-30T08:00:00,SITE_IND_001,3.294,234.0,50.02,OK
2025-01-10T18:00:00,SITE_COM_001,1.203,236.3,49.87,OK
2025-01-16T23:00:00,SITE_RES_001,0.302,231.5,50.1,OK
2025-01-03T06:00:00,SITE_IND_001,3.033,229.5,49.93,OK
2025-01-23 07:00:00,SITE_IND_002,1.895,231.0,50.09,OK
26/01/2025 15:00:00,SITE_COM_001,0.951,224.6,49.92,OK
2025-01-28T22:00:00,SITE_COM_001,0.502,238.4,50.0,OK
2025-01-28 23:00:00,SITE_COM_001,0.491,223.4,49.82,OK
2025-01-13T11:00:00,SITE_IND_001,3.071,234.4,49.77,OK
2025-01-27T11:00:00,SITE_COM_001,1.391,240.9,50.07,OK
2025-01-08T05:00:00,SITE_RES_001,0.333,233.4,49.9,OK
2025-01-30T11:00:00,SITE_COM_001,,230.4,50.11,ERROR
18/01/2025 01:00:00,SITE_RES_001,0.388,233.6,50.14,OK
2025-01-18T05:00:00,SITE_IND_002,0.672,232.5,49.97,OK
26/01/2025 08:00:00,SITE_IND_002,-999,228.4,50.01,ERROR
12/01/2025 00:00:00,SITE_RES_002,0.268,224.7,50.04,OK
21/01/2025 17:00:00,SITE_RES_001,0.301,234.0,50.04,OK
2025-01-29T04:00:00,SITE_IND_002,1.297,230.5,49.84,OK
2025-01-21T07:00:00,SITE_RES_001,0.561,234.4,50.16,OK
2025-01-01T11:00:00,SITE_RES_002,0.26,219.6,50.2,OK
2025-01-26T03:00:00,SITE_RES_002,0.288,230.1,50.06,OK
2025-01-19 21:00:00,SITE_IND_002,0.727,230.7,50.03,OK
26/01/2025 09:00:00,SITE_IND_002,1.156,223.5,50.03,OK
2025-01-19 20:00:00,SITE_RES_002,0.472,229.4,49.89,OK
2025-01-12 02:00:00,SITE_IND_002,0.679,230.9,50.22,OK
2025-01-13T14:00:00,SITE_RES_002,0.242,231.8,50.12,OK
2025-01-05T14:00:00,SITE_RES_002,-777,227.2,49.98,ERROR
2025-01-21T17:00:00,SITE_COM_002,1.045,231.6,50.0,OK
2025-01-20T14:00:00,SITE_RES_002,0.237,233.5,49.95,OK
2025-01-30 23:00:00,SITE_IND_002,1.334,223.1,49.94,OK
2025-01-21T02:00:00,SITE_IND_001,1.714,232.7,49.82,OK
2025-01-02 06:00:00,SITE_COM_002,0.41,234.0,50.09,OK
2025-01-20T17:00:00,SITE_RES_001,0.329,230.1,49.93,OK
03/01/2025 20:00:00,SITE_RES_001,0.487,228.1,49.91,OK
24/01/2025 19:00:00,SITE_COM_001,-888,233.5,50.12,ERROR
2025-01-22T14:00:00,SITE_RES_001,0.312,230.6,49.92,OK
2025-01-28T06:00:00,SITE_IND_002,2.245,231.4,49.79,OK
01/01/2025 22:00:00,SITE_RES_001,0.339,231.0,49.96,OK
2025-01-26T01:00:00,SITE_COM_002,0.26,226.8,50.1,OK
2025-01-04T04:00:00,SITE_RES_002,0.285,229.5,49.88,OK
2025-01-22T16:00:00,SITE_COM_002,0.895,230.7,49.94,OK
2025-01-05 15:00:00,SITE_RES_002,0.275,232.8,49.86,OK
2025-01-12T01:00:00,SITE_COM_001,0.365,237.3,49.94,OK
2025-01-06 00:00:00,SITE_RES_001,0.346,226.5,50.06,OK
24/01/2025 00:00:00,SITE_RES_002,0.235,228.2,50.02,OK
2025-01-18T14:00:00,SITE_IND_002,1.176,231.7,50.11,OK
2025-01-17T16:00:00,SITE_COM_002,1.039,236.3,50.04,OK
2025-01-03T12:00:00,SITE_COM_001,1.279,233.2,49.94,OK
2025-01-10T20:00:00,SITE_RES_001,0.553,230.2,49.94,OK
2025-01-01T05:00:00,SITE_RES_002,0.257,225.8,50.16,OK
2025-01-08T01:00:00,SITE_COM_002,0.405,233.9,50.08,OK
12/01/2025 20:00:00,SITE_RES_002,0.451,226.1,50.11,OK
2025-01-02T20:00:00,SITE_RES_002,0.416,234.5,50.16,OK
2025-01-02T11:00:00,SITE_COM_001,1.389,228.3,50.02,OK
2025-01-13T19:00:00,SITE_RES_001,,229.6,49.85,ERROR
2025-01-04 07:00:00,SITE_RES_002,0.473,237.1,50.12,OK
2025-01-29 06:00:00,SITE_IND_001,3.214,221.6,49.91,OK
2025-01-28T07:00:00,SITE_RES_001,0.504,223.9,49.97,OK
2025-01-17T18:00:00,SITE_COM_002,0.921,224.8,50.0,OK
2025-01-17 08:00:00,SITE_COM_001,1.415,230.9,49.84,OK
2025-01-05T06:00:00,SITE_RES_002,0.259,235.9,49.63,OK
2025-01-30T06:00:00,SITE_IND_001,3.202,229.2,50.05,OK
2025-01-16T02:00:00,SITE_COM_001,-777,227.6,50.11,ERROR
2025-01-29T10:00:00,SITE_COM_001,1.29,226.6,49.91,OK
2025-01-25T15:00:00,SITE_COM_002,0.698,230.1,49.73,OK
2025-01-23T16:00:00,SITE_IND_002,2.263,223.6,50.25,OK
30/01/2025 23:00:00,SITE_COM_001,-999,226.5,50.16,ERROR
2025-01-15T00:00:00,SITE_IND_002,1.171,230.9,50.06,OK
14/01/2025 12:00:00,SITE_COM_001,1.297,232.7,50.08,OK
2025-01-14T17:00:00,SITE_IND_002,1.913,231.4,49.87,OK
2025-01-27 09:00:00,SITE_IND_002,2.054,231.0,49.8,OK
2025-01-22T16:00:00,SITE_IND_002,2.065,232.6,50.16,OK
27/01/2025 13:00:00,SITE_COM_002,-777,227.1,50.01,ERROR
2025-01-29T00:00:00,SITE_COM_002,0.382,230.2,49.93,OK
2025-01-15 19:00:00,SITE_RES_001,0.525,227.6,50.08,OK
2025-01-15T07:00:00,SITE_IND_002,2.09,227.0,49.9,OK
2025-01-12T17:00:00,SITE_RES_001,0.335,230.2,50.1,OK
2025-01-22T12:00:00,SITE_RES_001,0.32,224.3,49.85,OK
2025-01-12 09:00:00,SITE_IND_001,1.919,231.5,50.03,OK
2025-01-19 03:00:00,SITE_IND_002,0.768,230.7,49.93,OK
2025-01-21T04:00:00,SITE_RES_001,0.346,234.3,49.91,OK
2025-01-26T11:00:00,SITE_IND_002,1.147,226.1,50.17,OK
2025-01-06T13:00:00,SITE_RES_001,0.308,227.4,50.0,OK
14/01/2025 02:00:00,SITE_COM_002,-888,231.6,50.03,ERROR
2025-01-21T12:00:00,SITE_COM_001,-888,226.1,49.97,ERROR
2025-01-02 12:00:00,SITE_RES_002,0.238,234.4,50.09,OK
2025-01-02T23:00:00,SITE_COM_002,0.36,231.5,49.9,OK
2025-01-22T18:00:00,SITE_IND_002,2.081,221.9,49.87,OK
2025-01-27T11:00:00,SITE_COM_002,0.883,228.3,49.95,OK
21/01/2025 05:00:00,SITE_IND_001,1.718,230.8,49.8,OK
01/01/2025 13:00:00,SITE_COM_002,0.924,232.2,50.02,OK
2025-01-08T05:00:00,SITE_COM_001,0.495,231.3,50.01,OK
16/01/2025 13:00:00,SITE_IND_001,-777,228.3,50.33,ERROR
2025-01-01T05:00:00,SITE_COM_001,0.544,221.1,49.85,OK
18/01/2025 04:00:00,SITE_RES_001,0.364,224.1,49.96,OK
2025-01-19T00:00:00,SITE_COM_001,0.321,224.2,50.03,OK
2025-01-07T18:00:00,SITE_RES_002,0.36,233.8,49.83,OK
2025-01-21T23:00:00,SITE_RES_001,0.328,229.3,50.13,OK
2025-01-16T22:00:00,SITE_COM_002,0.351,225.8,50.03,OK
2025-01-08T08:00:00,SITE_RES_002,0.407,227.9,50.02,OK
2025-01-11T04:00:00,SITE_COM_001,0.323,232.2,50.12,OK
2025-01-01T01:00:00,SITE_IND_001,1.833,226.2,49.77,OK
12/01/2025 06:00:00,SITE_IND_002,1.148,229.9,50.08,OK
2025-01-11 04:00:00,SITE_RES_001,0.39,232.7,50.1,OK
2025-01-13T08:00:00,SITE_COM_002,1.038,226.7,49.78,OK
2025-01-16 18:00:00,SITE_IND_001,3.107,233.7,49.96,OK
2025-01-16 20:00:00,SITE_RES_002,0.386,230.6,50.02,OK
2025-01-12T00:00:00,SITE_IND_001,1.046,225.0,50.11,OK
2025-01-24T00:00:00,SITE_RES_001,0.339,230.0,49.83,OK
2025-01-17T06:00:00,SITE_IND_001,3.031,228.7,49.97,OK
2025-01-02T14:00:00,SITE_COM_001,1.345,234.1,50.07,OK
2025-01-16T18:00:00,SITE_COM_002,1.063,232.6,50.05,OK
2025-01-29T14:00:00,SITE_COM_001,1.202,227.7,50.01,OK
17/01/2025 17:00:00,SITE_COM_002,1.072,231.4,50.02,OK
2025-01-17T22:00:00,SITE_COM_002,0.356,230.4,49.89,OK
2025-01-03T07:00:00,SITE_IND_002,1.998,237.5,49.86,OK
2025-01-18T09:00:00,SITE_RES_002,0.261,227.3,49.82,OK
2025-01-04T20:00:00,SITE_IND_002,1.3,227.3,49.83,OK
2025-01-10T02:00:00,SITE_RES_002,0.218,229.5,50.03,OK
2025-01-20T18:00:00,SITE_RES_002,0.388,226.0,50.14,OK
2025-01-19T11:00:00,SITE_COM_001,0.862,227.7,49.91,OK
2025-01-26T16:00:00,SITE_COM_002,0.735,221.7,50.23,OK
2025-01-19 17:00:00,SITE_RES_001,0.393,230.6,50.13,OK
2025-01-17T03:00:00,SITE_COM_002,0.349,229.1,49.97,OK
2025-01-10T22:00:00,SITE_RES_002,0.257,229.7,50.08,OK
2025-01-23T05:00:00,SITE_IND_001,1.609,231.5,50.06,OK
2025-01-12T11:00:00,SITE_IND_002,1.3,229.4,50.19,OK
2025-01-21T01:00:00,SITE_COM_002,0.352,227.3,49.94,OK
23/01/2025 02:00:00,SITE_COM_002,0.354,216.9,49.85,OK
2025-01-09T02:00:00,SITE_RES_001,0.313,227.4,49.98,OK
2025-01-18T12:00:00,SITE_IND_002,1.323,228.4,50.03,OK
18/01/2025 15:00:00,SITE_RES_002,0.256,230.2,49.87,OK
2025-01-06T00:00:00,SITE_IND_002,1.282,227.9,49.96,OK
04/01/2025 03:00:00,SITE_COM_002,0.244,234.8,49.98,OK
2025-01-13T05:00:00,SITE_RES_002,0.22,229.6,50.01,OK
2025-01-16T14:00:00,SITE_IND_002,2.272,232.2,49.83,OK
2025-01-15 19:00:00,SITE_RES_002,0.356,229.7,49.83,OK
03/01/2025 18:00:00,SITE_COM_002,1.007,236.8,50.1,OK
2025-01-11 14:00:00,SITE_IND_001,1.665,228.6,49.98,OK
28/01/2025 06:00:00,SITE_COM_002,-999,234.3,50.25,ERROR
22/01/2025 20:00:00,SITE_IND_001,2.802,229.1,49.86,OK
2025-01-06T16:00:00,SITE_IND_001,2.887,225.6,49.73,OK
2025-01-19T05:00:00,SITE_COM_002,0.278,237.6,50.01,OK
2025-01-20T14:00:00,SITE_IND_002,2.301,222.7,50.0,OK
2025-01-26T21:00:00,SITE_RES_002,0.469,232.8,50.04,OK
2025-01-28 13:00:00,SITE_COM_002,0.891,227.3,50.05,OK
2025-01-10T02:00:00,SITE_RES_001,0.309,232.9,49.97,OK
2025-01-25T12:00:00,SITE_COM_002,-888,228.8,50.03,ERROR
2025-01-15 00:00:00,SITE_COM_001,0.452,230.7,49.91,OK
2025-01-13T00:00:00,SITE_RES_001,0.348,229.0,49.85,OK
2025-01-15T21:00:00,SITE_IND_001,1.664,237.0,50.02,OK
23/01/2025 15:00:00,SITE_COM_001,1.349,228.1,49.84,OK
2025-01-28T18:00:00,SITE_IND_001,3.208,231.6,50.02,OK
2025-01-21T16:00:00,SITE_RES_002,0.235,230.5,49.84,OK
21/01/2025 16:00:00,SITE_IND_002,2.08,230.5,49.97,OK
14/01/2025 03:00:00,SITE_IND_001,1.628,231.7,50.02,OK
2025-01-14T05:00:00,SITE_IND_001,1.662,226.0,50.05,OK
2025-01-14T20:00:00,SITE_RES_001,0.569,234.0,50.05,OK
2025-01-02T20:00:00,SITE_IND_001,2.758,226.2,50.05,OK
25/01/2025 01:00:00,SITE_COM_001,0.358,233.7,50.06,OK
2025-01-10T09:00:00,SITE_IND_001,3.296,226.9,50.32,OK
2025-01-24 07:00:00,SITE_COM_001,0.469,232.4,50.03,OK
2025-01-14T05:00:00,SITE_COM_001,0.463,227.8,49.77,OK
2025-01-26T00:00:00,SITE_IND_002,0.807,234.9,50.09,OK
2025-01-21T08:00:00,SITE_COM_001,1.173,236.7,50.18,OK
2025-01-27T04:00:00,SITE_IND_002,1.219,234.9,50.19,OK
2025-01-26T01:00:00,SITE_IND_001,0.963,231.3,50.04,OK
2025-01-17T07:00:00,SITE_RES_002,0.385,224.2,50.14,OK
2025-01-29T07:00:00,SITE_RES_001,0.54,228.5,50.15,OK
2025-01-29T04:00:00,SITE_IND_001,1.753,237.7,50.07,OK
08/01/2025 11:00:00,SITE_IND_002,2.185,234.0,49.85,OK
2025-01-14T07:00:00,SITE_IND_001,2.903,224.2,49.88,OK
26/01/2025 20:00:00,SITE_RES_002,0.476,230.6,49.95,OK
20/01/2025 14:00:00,SITE_RES_001,0.338,235.9,50.03,OK
2025-01-28T19:00:00,SITE_COM_002,1.024,231.9,50.05,OK
2025-01-21 09:00:00,SITE_RES_001,0.339,227.8,49.96,OK
2025-01-17T06:00:00,SITE_IND_002,1.973,236.1,49.84,OK
2025-01-22T09:00:00,SITE_COM_002,1.047,227.1,49.95,OK
2025-01-30T13:00:00,SITE_RES_002,0.222,230.0,49.85,OK
2025-01-12T18:00:00,SITE_IND_002,1.266,229.2,50.03,OK
14/01/2025 14:00:00,SITE_IND_002,2.093,226.6,49.9,OK
2025-01-12T13:00:00,SITE_IND_002,1.161,232.3,50.23,OK
2025-01-03T06:00:00,SITE_COM_001,0.519,230.1,50.06,OK
2025-01-14T03:00:00,SITE_RES_001,0.308,232.6,50.0,OK
2025-01-07T11:00:00,SITE_IND_002,2.297,232.7,50.03,OK
2025-01-30T01:00:00,SITE_COM_001,0.5,230.3,49.91,OK
2025-01-23T09:00:00,SITE_IND_001,3.156,233.3,50.06,OK
2025-01-12T02:00:00,SITE_RES_001,0.373,231.9,49.96,OK
2025-01-30 10:00:00,SITE_IND_002,2.242,228.8,50.19,OK
02/01/2025 15:00:00,SITE_COM_001,1.253,222.4,49.82,OK
2025-01-22T14:00:00,SITE_COM_001,1.325,236.2,49.93,OK
2025-01-11T20:00:00,SITE_RES_001,0.611,229.2,49.76,OK
2025-01-09T20:00:00,SITE_COM_001,0.477,234.1,49.9,OK
06/01/2025 03:00:00,SITE_COM_001,0.496,233.4,49.88,OK
24/01/2025 03:00:00,SITE_RES_001,0.318,228.9,50.02,OK
06/01/2025 06:00:00,SITE_RES_002,0.257,225.4,50.07,OK
2025-01-18T10:00:00,SITE_IND_001,1.882,230.3,49.89,OK
2025-01-17T23:00:00,SITE_RES_001,0.334,226.6,49.97,OK
2025-01-15T22:00:00,SITE_COM_001,0.48,228.4,50.04,OK
2025-01-09 07:00:00,SITE_IND_001,2.949,234.4,49.94,OK
2025-01-14T13:00:00,SITE_RES_002,0.261,233.6,49.9,OK
2025-01-26 22:00:00,SITE_IND_001,1.088,238.5,50.17,OK
2025-01-20T15:00:00,SITE_IND_001,-999,236.6,50.18,ERROR
2025-01-05T11:00:00,SITE_RES_001,-999,223.0,49.88,ERROR
29/01/2025 15:00:00,SITE_RES_001,0.333,234.9,50.26,OK
2025-01-05T03:00:00,SITE_RES_002,0.282,223.3,49.99,OK
2025-01-09T16:00:00,SITE_COM_002,0.887,231.9,50.0,OK
2025-01-17T03:00:00,SITE_RES_001,0.295,231.0,50.0,OK
2025-01-13T10:00:00,SITE_COM_001,1.221,229.7,50.03,OK
2025-01-17T18:00:00,SITE_RES_002,0.416,234.0,49.75,OK
25/01/2025 00:00:00,SITE_COM_002,0.238,221.0,49.98,OK
2025-01-01T11:00:00,SITE_IND_002,1.89,232.3,49.96,OK
2025-01-01T04:00:00,SITE_RES_002,0.234,224.0,49.82,OK
2025-01-17T23:00:00,SITE_RES_002,0.218,226.9,50.01,OK
2025-01-26T13:00:00,SITE_IND_001,1.916,236.2,50.05,OK
2025-01-28 04:00:00,SITE_RES_002,-777,221.2,49.91,ERROR
09/01/2025 10:00:00,SITE_RES_001,0.35,237.1,50.07,OK
2025-01-24 22:00:00,SITE_COM_001,0.469,240.0,49.97,OK
2025-01-14T01:00:00,SITE_RES_001,0.292,229.4,50.23,OK
2025-01-19T12:00:00,SITE_IND_001,1.718,234.3,50.12,OK
2025-01-15T15:00:00,SITE_RES_001,0.346,233.4,50.13,OK
2025-01-16T19:00:00,SITE_COM_002,0.943,225.6,50.1,OK
2025-01-26T06:00:00,SITE_COM_001,0.376,232.0,50.13,OK
2025-01-08 21:00:00,SITE_RES_001,0.503,228.0,50.07,OK
2025-01-27T12:00:00,SITE_RES_001,0.316,237.0,49.94,OK
08/01/2025 09:00:00,SITE_COM_002,0.882,227.7,49.99,OK
2025-01-30T05:00:00,SITE_RES_001,0.338,232.4,49.92,OK
2025-01-27 11:00:00,SITE_IND_002,1.966,224.3,49.95,OK
2025-01-03T04:00:00,SITE_COM_001,0.476,237.3,49.94,OK
2025-01-15T17:00:00,SITE_RES_001,0.306,228.8,49.87,OK
30/01/2025 19:00:00,SITE_IND_002,1.9,223.4,50.06,OK
2025-01-30T01:00:00,SITE_IND_002,1.316,228.0,50.06,OK
2025-01-16T10:00:00,SITE_COM_001,1.413,227.3,50.03,OK
2025-01-30T00:00:00,SITE_IND_001,1.855,228.0,49.81,OK
2025-01-04T21:00:00,SITE_IND_002,0.808,229.8,50.12,OK
2025-01-20T05:00:00,SITE_COM_001,0.545,227.3,50.15,OK
2025-01-14 10:00:00,SITE_COM_002,0.933,230.7,50.07,OK
2025-01-16T12:00:00,SITE_IND_002,1.959,229.7,49.88,OK
2025-01-14T01:00:00,SITE_COM_001,0.487,224.7,49.97,OK
2025-01-24T18:00:00,SITE_RES_001,0.5,232.5,49.98,OK
2025-01-28 04:00:00,SITE_IND_001,1.788,231.1,49.82,OK
22/01/2025 18:00:00,SITE_IND_001,3.111,229.7,50.22,OK
2025-01-16T05:00:00,SITE_IND_001,1.7,231.5,49.76,OK
2025-01-12T05:00:00,SITE_IND_001,1.082,230.8,49.81,OK
2025-01-16T09:00:00,SITE_RES_001,0.289,230.5,49.86,OK
2025-01-03T05:00:00,SITE_COM_001,0.515,233.2,49.92,OK
2025-01-07 00:00:00,SITE_IND_001,1.763,225.7,50.01,OK
27/01/2025 12:00:00,SITE_COM_001,1.265,226.0,49.97,OK
2025-01-17T10:00:00,SITE_COM_001,1.179,227.0,50.21,OK
2025-01-08 04:00:00,SITE_IND_002,1.232,238.9,50.08,OK
2025-01-10T07:00:00,SITE_IND_001,2.85,231.5,49.93,OK
2025-01-23T22:00:00,SITE_IND_002,1.295,231.5,49.74,OK
2025-01-06 15:00:00,SITE_COM_002,1.067,229.4,49.99,OK
2025-01-05T11:00:00,SITE_COM_002,0.683,229.3,50.24,OK
2025-01-08T21:00:00,SITE_COM_001,0.55,228.8,50.18,OK
29/01/2025 05:00:00,SITE_IND_001,1.74,228.3,50.05,OK
2025-01-06T12:00:00,SITE_COM_001,1.187,231.4,49.87,OK
2025-01-13T05:00:00,SITE_COM_001,0.49,227.9,49.86,OK
2025-01-01T13:00:00,SITE_RES_001,0.308,235.3,49.79,OK
2025-01-17T12:00:00,SITE_COM_002,0.969,235.5,49.97,OK
2025-01-27 03:00:00,SITE_IND_002,,226.2,49.98,ERROR
2025-01-19T16:00:00,SITE_RES_001,0.334,231.5,50.1,OK
2025-01-28T09:00:00,SITE_RES_001,0.313,230.1,49.94,OK
2025-01-25T20:00:00,SITE_IND_001,1.643,236.5,50.15,OK
2025-01-03T23:00:00,SITE_RES_002,0.246,229.6,50.24,OK
2025-01-05T23:00:00,SITE_RES_001,0.34,230.3,49.89,OK
2025-01-01T17:00:00,SITE_COM_002,1.015,223.9,49.94,OK
11/01/2025 01:00:00,SITE_COM_002,0.273,226.6,50.01,OK
2025-01-04T01:00:00,SITE_IND_001,1.079,229.5,50.2,OK
2025-01-27T11:00:00,SITE_RES_002,0.256,225.9,49.92,OK
2025-01-23T02:00:00,SITE_COM_001,0.528,239.4,50.16,OK
2025-01-22T04:00:00,SITE_RES_001,0.351,229.4,50.14,OK
24/01/2025 05:00:00,SITE_COM_002,0.361,230.4,50.08,OK
2025-01-13T19:00:00,SITE_IND_002,2.107,229.9,49.95,OK
2025-01-04 00:00:00,SITE_COM_001,0.357,230.3,49.89,OK
2025-01-13T18:00:00,SITE_COM_002,,226.4,50.15,ERROR
2025-01-15 08:00:00,SITE_COM_001,1.277,228.3,50.1,OK
2025-01-10 00:00:00,SITE_IND_002,1.206,233.9,50.09,OK
2025-01-10T08:00:00,SITE_COM_002,0.908,221.1,49.99,OK
2025-01-26 22:00:00,SITE_COM_002,0.276,223.9,50.08,OK
2025-01-20T18:00:00,SITE_IND_001,2.982,224.3,49.96,OK
2025-01-09T20:00:00,SITE_RES_002,0.424,228.4,49.89,OK
2025-01-01 01:00:00,SITE_RES_002,0.225,232.7,50.06,OK
2025-01-24 23:00:00,SITE_IND_001,1.797,230.3,50.18,OK
2025-01-08T13:00:00,SITE_IND_001,-888,236.0,50.0,ERROR
03/01/2025 19:00:00,SITE_COM_001,1.21,230.5,50.08,OK
2025-01-04T05:00:00,SITE_RES_002,0.262,224.4,50.09,OK
20/01/2025 16:00:00,SITE_IND_002,2.123,229.6,50.07,OK
2025-01-09 04:00:00,SITE_COM_001,0.544,235.3,49.97,OK
2025-01-04T14:00:00,SITE_IND_001,1.738,236.9,49.76,OK
23/01/2025 16:00:00,SITE_COM_002,1.016,234.4,49.91,OK
2025-01-19T16:00:00,SITE_RES_002,0.282,231.6,49.96,OK
01/01/2025 03:00:00,SITE_IND_002,1.263,229.2,50.22,OK
2025-01-26T06:00:00,SITE_IND_002,-999,233.5,50.09,ERROR
2025-01-25T00:00:00,SITE_RES_001,0.403,235.9,49.76,OK
2025-01-04 18:00:00,SITE_IND_002,1.359,229.3,50.07,OK
2025-01-11 01:00:00,SITE_RES_002,0.286,229.5,49.77,OK
2025-01-02T19:00:00,SITE_RES_001,0.488,237.1,49.98,OK
11/01/2025 02:00:00,SITE_RES_001,,228.4,49.94,ERROR
2025-01-18T00:00:00,SITE_IND_002,0.752,227.5,50.15,OK
2025-01-12T08:00:00,SITE_COM_001,0.831,225.0,50.07,OK
2025-01-14T09:00:00,SITE_IND_002,2.288,226.4,49.76,OK
03/01/2025 05:00:00,SITE_IND_001,1.734,221.1,50.14,OK
01/01/2025 17:00:00,SITE_IND_002,2.293,228.5,49.94,OK
12/01/2025 04:00:00,SITE_IND_001,1.072,235.1,50.11,OK
2025-01-01T02:00:00,SITE_COM_001,0.487,227.2,49.92,OK
2025-01-30T16:00:00,SITE_IND_001,3.193,229.2,50.02,OK
2025-01-12T03:00:00,SITE_COM_002,0.252,224.7,50.07,OK
2025-01-02T05:00:00,SITE_RES_001,0.305,231.0,50.18,OK
2025-01-02T10:00:00,SITE_COM_001,1.206,226.7,49.97,OK
2025-01-25T05:00:00,SITE_COM_002,0.283,229.5,50.05,OK
2025-01-28T19:00:00,SITE_RES_002,0.37,226.9,50.01,OK
2025-01-13T01:00:00,SITE_RES_001,0.305,237.7,49.86,OK
2025-01-20T07:00:00,SITE_RES_002,0.393,230.1,49.83,OK
2025-01-24T10:00:00,SITE_IND_001,2.738,226.2,50.05,OK
2025-01-15T10:00:00,SITE_RES_001,0.329,235.2,49.96,OK
2025-01-08T11:00:00,SITE_IND_001,2.724,226.8,50.04,OK
19/01/2025 23:00:00,SITE_IND_002,0.678,239.2,50.1,OK
2025-01-21T09:00:00,SITE_IND_002,-777,230.1,49.98,ERROR
01/01/2025 08:00:00,SITE_IND_002,2.127,227.6,49.97,OK
2025-01-27T01:00:00,SITE_COM_001,0.452,225.3,49.93,OK
2025-01-04T11:00:00,SITE_RES_001,0.354,219.4,50.14,OK
2025-01-07T16:00:00,SITE_IND_002,2.15,228.4,50.13,OK
2025-01-22T09:00:00,SITE_RES_001,0.316,229.7,49.88,OK
2025-01-30T10:00:00,SITE_COM_002,0.969,230.8,50.04,OK
12/01/2025 20:00:00,SITE_COM_002,0.257,237.3,50.01,OK
2025-01-16T08:00:00,SITE_RES_002,0.401,231.1,50.19,OK
2025-01-13T03:00:00,SITE_COM_002,0.412,234.6,50.01,OK
2025-01-14T00:00:00,SITE_RES_001,0.347,226.1,50.14,OK
2025-01-19T06:00:00,SITE_RES_002,-999,237.2,50.17,ERROR
2025-01-18T19:00:00,SITE_COM_001,0.964,231.4,50.11,OK
2025-01-25T18:00:00,SITE_RES_002,0.479,227.1,50.19,OK
2025-01-19 21:00:00,SITE_COM_001,0.348,223.0,49.98,OK
2025-01-05T17:00:00,SITE_RES_002,0.282,228.4,50.0,OK
2025-01-28T23:00:00,SITE_RES_001,0.31,228.7,50.02,OK
2025-01-24T04:00:00,SITE_IND_002,1.271,228.6,49.97,OK
2025-01-08T09:00:00,SITE_IND_002,2.295,234.3,49.98,OK
2025-01-18T03:00:00,SITE_COM_001,-777,226.1,49.68,ERROR
2025-01-29T15:00:00,SITE_IND_001,2.704,227.5,50.05,OK
2025-01-26 13:00:00,SITE_COM_002,0.708,230.3,50.22,OK
2025-01-27T06:00:00,SITE_IND_002,2.177,238.6,50.07,OK
24/01/2025 08:00:00,SITE_RES_001,0.488,232.1,49.97,OK
2025-01-09T13:00:00,SITE_IND_002,2.116,232.4,50.05,OK
2025-01-18T16:00:00,SITE_COM_001,0.875,230.5,50.22,OK
2025-01-26 00:00:00,SITE_COM_002,0.25,226.4,49.88,OK
2025-01-13T03:00:00,SITE_RES_002,0.251,230.5,50.04,OK
2025-01-16T01:00:00,SITE_COM_002,0.39,227.7,49.93,OK
2025-01-12T17:00:00,SITE_COM_001,0.837,227.8,49.91,OK
2025-01-25T20:00:00,SITE_RES_001,0.559,237.7,50.26,OK
2025-01-19 14:00:00,SITE_RES_002,0.255,224.8,50.0,OK
2025-01-10T05:00:00,SITE_IND_001,1.89,229.0,49.94,OK
2025-01-19 03:00:00,SITE_COM_002,0.244,232.0,50.22,OK
2025-01-16T11:00:00,SITE_IND_001,2.884,226.6,49.92,OK
2025-01-29T10:00:00,SITE_RES_001,0.292,235.1,49.95,OK
2025-01-09 14:00:00,SITE_IND_002,2.029,228.2,50.06,OK
2025-01-21 20:00:00,SITE_COM_002,0.34,227.8,50.03,OK
2025-01-01T12:00:00,SITE_COM_002,1.016,227.7,49.98,OK
28/01/2025 08:00:00,SITE_COM_002,-999,230.2,50.16,ERROR
2025-01-30T18:00:00,SITE_IND_001,3.23,235.4,50.04,OK
2025-01-18T18:00:00,SITE_COM_002,0.666,225.6,50.05,OK
2025-01-08T08:00:00,SITE_IND_001,2.8,227.6,50.19,OK
2025-01-05 04:00:00,SITE_IND_002,0.714,229.9,49.9,OK
2025-01-14 04:00:00,SITE_COM_001,0.532,231.3,50.05,OK
2025-01-19T07:00:00,SITE_COM_001,0.341,228.0,49.98,OK
2025-01-18 15:00:00,SITE_RES_001,0.397,230.1,50.0,OK
2025-01-14T16:00:00,SITE_IND_001,3.269,227.1,50.01,OK
2025-01-05T06:00:00,SITE_COM_002,-888,229.8,50.14,ERROR
29/01/2025 12:00:00,SITE_RES_002,0.263,222.5,50.07,OK
2025-01-14T09:00:00,SITE_RES_001,,228.7,49.94,ERROR
23/01/2025 15:00:00,SITE_IND_001,2.72,233.1,49.95,OK
2025-01-29T22:00:00,SITE_IND_002,1.131,235.1,49.88,OK
2025-01-17T21:00:00,SITE_RES_002,0.381,226.9,49.97,OK
2025-01-22T11:00:00,SITE_IND_001,-777,230.6,49.88,ERROR
2025-01-23T22:00:00,SITE_RES_001,0.312,228.9,50.07,OK
09/01/2025 18:00:00,SITE_COM_002,1.053,224.1,50.19,OK
2025-01-19T03:00:00,SITE_RES_002,0.292,226.7,50.05,OK
2025-01-30T09:00:00,SITE_IND_002,2.25,216.8,50.03,OK
2025-01-30 18:00:00,SITE_COM_001,1.256,229.8,49.89,OK
2025-01-05T15:00:00,SITE_IND_001,1.941,225.2,49.88,OK
2025-01-27T16:00:00,SITE_IND_001,2.84,226.5,49.84,OK
2025-01-03T03:00:00,SITE_COM_001,0.506,229.1,50.01,OK
2025-01-06T17:00:00,SITE_COM_002,1.014,227.4,49.89,OK
2025-01-07T03:00:00,SITE_IND_002,1.203,233.0,50.03,OK
2025-01-18T07:00:00,SITE_IND_002,1.275,233.8,49.95,OK
2025-01-05T04:00:00,SITE_COM_002,-999,226.4,50.26,ERROR
2025-01-05T01:00:00,SITE_IND_001,1.142,226.2,49.77,OK
28/01/2025 12:00:00,SITE_IND_002,2.051,232.2,50.17,OK
2025-01-16T12:00:00,SITE_RES_001,-888,224.2,50.19,ERROR
2025-01-01 10:00:00,SITE_RES_001,0.294,230.2,50.16,OK
2025-01-19T07:00:00,SITE_RES_001,0.575,231.3,49.77,OK
2025-01-15T16:00:00,SITE_RES_001,0.326,230.1,49.94,OK
14/01/2025 06:00:00,SITE_COM_001,0.471,223.5,50.03,OK
2025-01-28T02:00:00,SITE_COM_001,0.462,233.9,50.1,OK
17/01/2025 14:00:00,SITE_RES_002,0.219,228.5,49.8,OK
2025-01-05 19:00:00,SITE_RES_001,-999,229.1,49.95,ERROR
26/01/2025 12:00:00,SITE_COM_002,0.701,227.1,50.04,OK
2025-01-24 08:00:00,SITE_RES_002,0.375,233.6,49.88,OK
2025-01-04T14:00:00,SITE_IND_002,1.234,233.8,50.09,OK
2025-01-04 12:00:00,SITE_COM_002,0.748,225.3,49.94,OK
2025-01-25T06:00:00,SITE_COM_001,0.353,231.7,49.95,OK
2025-01-14T23:00:00,SITE_RES_001,0.324,226.8,49.95,OK
2025-01-01T17:00:00,SITE_RES_001,0.313,228.7,50.0,OK
2025-01-21T13:00:00,SITE_RES_001,0.322,233.3,50.13,OK
2025-01-16 11:00:00,SITE_COM_002,1.054,232.0,49.85,OK
2025-01-09T21:00:00,SITE_RES_001,0.496,228.5,49.88,OK
2025-01-23T20:00:00,SITE_IND_002,2.064,227.1,50.0,OK
2025-01-26T04:00:00,SITE_IND_001,1.091,219.5,49.59,OK
29/01/2025 02:00:00,SITE_COM_001,0.503,225.8,49.9,OK
18/01/2025 23:00:00,SITE_IND_002,0.702,225.2,49.95,OK
2025-01-29T07:00:00,SITE_COM_001,0.462,229.0,50.1,OK
2025-01-19T14:00:00,SITE_RES_001,0.393,231.5,50.13,OK
2025-01-13T16:00:00,SITE_COM_001,1.333,229.2,50.03,OK
2025-01-07 01:00:00,SITE_RES_002,0.256,231.0,49.92,OK
2025-01-28T17:00:00,SITE_COM_001,1.249,236.1,49.77,OK
08/01/2025 12:00:00,SITE_COM_001,1.217,236.9,49.8,OK
2025-01-22T12:00:00,SITE_IND_002,2.142,230.2,50.15,OK
2025-01-08T02:00:00,SITE_IND_002,1.308,224.2,49.89,OK
2025-01-06T14:00:00,SITE_IND_001,2.801,224.8,49.88,OK
2025-01-09 07:00:00,SITE_RES_002,0.427,232.4,50.13,OK
07/01/2025 21:00:00,SITE_COM_001,0.489,233.4,49.94,OK
2025-01-12 11:00:00,SITE_COM_001,0.945,224.1,49.98,OK
10/01/2025 18:00:00,SITE_IND_002,1.966,232.4,49.78,OK
2025-01-20T21:00:00,SITE_IND_001,1.597,225.5,49.96,OK
2025-01-23 11:00:00,SITE_COM_002,0.883,231.8,49.96,OK
16/01/2025 19:00:00,SITE_COM_001,,232.2,50.17,ERROR
2025-01-06T01:00:00,SITE_COM_002,0.36,228.1,49.76,OK
2025-01-20T16:00:00,SITE_IND_001,3.069,230.4,50.06,OK
2025-01-13T15:00:00,SITE_RES_001,0.297,219.6,49.92,OK
14/01/2025 03:00:00,SITE_COM_001,0.494,234.2,49.94,OK
2025-01-27T22:00:00,SITE_RES_001,0.348,228.2,50.14,OK
05/01/2025 14:00:00,SITE_RES_001,0.395,226.1,49.8,OK
2025-01-02T15:00:00,SITE_COM_002,0.935,222.4,49.98,OK
2025-01-28T21:00:00,SITE_IND_002,1.263,221.2,50.05,OK
2025-01-06T20:00:00,SITE_IND_002,1.967,221.7,50.18,OK
2025-01-05T11:00:00,SITE_IND_001,1.89,230.2,49.94,OK
2025-01-16T07:00:00,SITE_COM_002,0.383,222.0,50.01,OK
2025-01-23T19:00:00,SITE_COM_001,1.327,237.3,49.93,OK
2025-01-06 04:00:00,SITE_RES_002,0.226,233.0,49.93,OK
2025-01-23T14:00:00,SITE_RES_001,0.304,225.7,49.84,OK
09/01/2025 05:00:00,SITE_RES_001,0.324,227.4,49.93,OK
2025-01-06 20:00:00,SITE_COM_002,-777,226.2,49.97,ERROR
2025-01-02T23:00:00,SITE_RES_002,0.249,233.6,50.0,OK
2025-01-16 13:00:00,SITE_IND_002,2.0,227.4,50.04,OK
2025-01-19T07:00:00,SITE_IND_002,1.239,235.4,49.82,OK
2025-01-14T20:00:00,SITE_RES_002,0.356,231.2,49.94,OK
2025-01-05T14:00:00,SITE_IND_002,-999,225.7,49.89,ERROR
2025-01-10 19:00:00,SITE_IND_001,3.195,222.8,50.02,OK
2025-01-27 16:00:00,SITE_COM_001,1.31,230.5,50.05,OK
2025-01-28T07:00:00,SITE_IND_002,1.891,237.1,49.94,OK
2025-01-08T18:00:00,SITE_RES_002,0.422,229.3,49.96,OK
2025-01-27T11:00:00,SITE_RES_001,0.291,234.2,49.96,OK
2025-01-29T22:00:00,SITE_RES_001,0.32,234.0,49.98,OK
2025-01-09T05:00:00,SITE_COM_001,,229.9,50.17,ERROR
2025-01-07T03:00:00,SITE_RES_001,0.315,225.1,49.95,OK
13/01/2025 11:00:00,SITE_COM_001,1.359,229.9,49.94,OK
2025-01-23T08:00:00,SITE_IND_002,2.019,226.5,50.0,OK
2025-01-20T13:00:00,SITE_RES_002,0.228,234.0,49.98,OK
2025-01-22T15:00:00,SITE_IND_002,-999,227.3,50.26,ERROR
2025-01-24T07:00:00,SITE_IND_002,1.971,229.4,50.1,OK
2025-01-07T18:00:00,SITE_IND_001,2.982,227.6,50.03,OK
2025-01-26T19:00:00,SITE_COM_002,0.728,228.2,50.02,OK
2025-01-11T02:00:00,SITE_COM_002,0.249,229.4,50.04,OK
2025-01-25T08:00:00,SITE_COM_001,0.956,229.1,49.96,OK
2025-01-21T19:00:00,SITE_IND_002,2.057,227.5,50.21,OK
24/01/2025 16:00:00,SITE_RES_001,0.334,229.8,50.07,OK
2025-01-06 18:00:00,SITE_RES_002,0.414,234.0,49.87,OK
2025-01-27T03:00:00,SITE_RES_002,0.218,227.6,50.03,OK
2025-01-21 11:00:00,SITE_COM_002,0.905,226.6,49.91,OK
2025-01-16 18:00:00,SITE_RES_001,0.487,237.0,50.06,OK
2025-01-02T02:00:00,SITE_IND_001,1.668,228.8,49.95,OK
2025-01-02T01:00:00,SITE_COM_001,0.454,229.2,50.06,OK
2025-01-10T22:00:00,SITE_RES_001,0.346,235.3,49.93,OK
2025-01-19T04:00:00,SITE_COM_002,0.238,238.3,49.83,OK
2025-01-16T21:00:00,SITE_COM_002,0.347,226.8,49.96,OK
2025-01-26T02:00:00,SITE_COM_001,0.324,236.3,50.0,OK
27/01/2025 20:00:00,SITE_IND_001,-888,232.8,50.06,ERROR
2025-01-12 08:00:00,SITE_RES_002,0.448,228.1,50.09,OK
2025-01-10T17:00:00,SITE_RES_001,0.332,225.8,50.08,OK
2025-01-07T10:00:00,SITE_IND_001,3.148,227.0,50.16,OK
2025-01-09 01:00:00,SITE_COM_001,-888,227.6,49.83,ERROR
2025-01-09T15:00:00,SITE_RES_002,0.227,224.2,50.12,OK
24/01/2025 17:00:00,SITE_COM_002,0.943,228.9,49.96,OK
2025-01-08T16:00:00,SITE_RES_001,0.349,236.8,49.92,OK
2025-01-06T11:00:00,SITE_IND_001,3.091,230.3,49.71,OK
2025-01-13T17:00:00,SITE_COM_001,1.202,228.1,50.19,OK
02/01/2025 16:00:00,SITE_RES_001,0.34,232.1,50.04,OK
2025-01-13 04:00:00,SITE_RES_001,0.312,234.1,50.18,OK
2025-01-05T03:00:00,SITE_COM_002,0.265,236.8,49.96,OK
07/01/2025 03:00:00,SITE_COM_001,0.53,228.6,49.94,OK
2025-01-14T19:00:00,SITE_COM_001,1.338,234.2,49.86,OK
2025-01-09T23:00:00,SITE_COM_001,0.453,227.5,49.84,OK
2025-01-20 18:00:00,SITE_COM_001,1.207,233.7,50.05,OK
2025-01-25T17:00:00,SITE_COM_002,0.661,227.6,49.9,OK
2025-01-29 03:00:00,SITE_IND_002,1.342,228.1,49.97,OK
2025-01-03T01:00:00,SITE_COM_001,0.464,231.5,50.11,OK
2025-01-10T00:00:00,SITE_COM_001,0.509,237.3,49.93,OK
2025-01-08T13:00:00,SITE_IND_002,2.035,224.7,49.7,OK
05/01/2025 04:00:00,SITE_IND_001,1.038,231.0,50.13,OK
2025-01-26T01:00:00,SITE_RES_002,0.292,231.7,50.0,OK
2025-01-14T01:00:00,SITE_IND_002,1.243,226.4,49.71,OK
2025-01-29T00:00:00,SITE_COM_001,0.521,228.0,49.81,OK
2025-01-10T10:00:00,SITE_RES_002,0.225,230.7,49.83,OK
2025-01-12 16:00:00,SITE_COM_001,0.872,225.6,50.05,OK
2025-01-24T23:00:00,SITE_COM_002,0.369,231.5,49.71,OK
2025-01-26T10:00:00,SITE_RES_002,0.261,232.9,49.81,OK
2025-01-22T21:00:00,SITE_IND_002,,229.3,50.15,ERROR
2025-01-12T10:00:00,SITE_RES_001,0.404,231.1,49.97,OK
2025-01-04T19:00:00,SITE_COM_001,0.84,228.9,50.16,OK
17/01/2025 09:00:00,SITE_IND_001,2.97,228.4,49.9,OK
2025-01-10T16:00:00,SITE_RES_001,0.324,236.4,50.24,OK
2025-01-11T20:00:00,SITE_RES_002,0.446,232.8,49.88,OK
2025-01-10 06:00:00,SITE_IND_002,2.115,226.5,49.87,OK
2025-01-05T18:00:00,SITE_COM_002,0.659,224.5,50.37,OK
10/01/2025 23:00:00,SITE_COM_001,0.468,228.7,50.03,OK
2025-01-07 09:00:00,SITE_RES_001,0.322,237.8,50.24,OK
2025-01-22T10:00:00,SITE_IND_002,2.118,238.3,50.01,OK
2025-01-23T14:00:00,SITE_IND_002,,228.0,50.18,ERROR
2025-01-04T16:00:00,SITE_RES_002,0.303,224.7,50.28,OK
2025-01-27T15:00:00,SITE_IND_002,2.289,225.9,49.86,OK
2025-01-09T17:00:00,SITE_RES_002,0.22,231.4,49.94,OK
2025-01-14T17:00:00,SITE_RES_001,0.308,233.1,50.14,OK
2025-01-22T04:00:00,SITE_IND_001,1.801,236.8,49.89,OK
2025-01-27T18:00:00,SITE_IND_002,1.996,220.8,50.06,OK
2025-01-07T17:00:00,SITE_COM_002,0.963,226.3,49.88,OK
2025-01-11T23:00:00,SITE_RES_002,0.254,236.8,49.93,OK
2025-01-21T00:00:00,SITE_RES_001,0.347,225.4,49.89,OK
20/01/2025 05:00:00,SITE_RES_002,0.219,230.2,49.86,OK
2025-01-27T03:00:00,SITE_COM_001,0.514,225.2,50.06,OK
2025-01-26T15:00:00,SITE_IND_001,1.727,234.4,50.0,OK
2025-01-18T01:00:00,SITE_RES_002,0.302,227.4,49.86,OK
2025-01-26T02:00:00,SITE_RES_002,0.301,231.0,49.93,OK
2025-01-17T18:00:00,SITE_IND_001,2.717,235.5,50.05,OK
2025-01-04 13:00:00,SITE_RES_002,0.264,228.7,50.15,OK
2025-01-03T01:00:00,SITE_IND_002,1.219,233.3,49.91,OK
2025-01-17T17:00:00,SITE_RES_001,0.334,230.9,50.09,OK
2025-01-20 21:00:00,SITE_IND_002,1.299,232.2,49.92,OK
2025-01-19 17:00:00,SITE_COM_002,0.65,234.3,50.18,OK
2025-01-26 09:00:00,SITE_RES_002,0.259,237.2,50.12,OK
2025-01-27 22:00:00,SITE_RES_002,0.219,232.3,50.1,OK
2025-01-29T20:00:00,SITE_COM_001,0.466,231.4,50.13,OK
14/01/2025 07:00:00,SITE_COM_002,0.395,224.0,49.86,OK
2025-01-27T13:00:00,SITE_IND_002,1.982,229.5,50.08,OK
2025-01-12T11:00:00,SITE_IND_001,1.739,232.7,50.08,OK
2025-01-06T09:00:00,SITE_IND_001,2.851,230.7,50.01,OK
2025-01-24T10:00:00,SITE_RES_002,0.217,232.1,49.89,OK
2025-01-26T14:00:00,SITE_IND_002,1.367,230.0,49.81,OK
2025-01-14T07:00:00,SITE_RES_002,0.962,228.0,50.0,OK
2025-01-17T07:00:00,SITE_RES_001,0.497,228.1,49.92,OK
07/01/2025 06:00:00,SITE_RES_001,-888,229.7,50.11,ERROR
2025-01-02T20:00:00,SITE_IND_002,2.045,227.1,50.03,OK
2025-01-06T20:00:00,SITE_RES_002,0.41,231.1,49.96,OK
2025-01-23T13:00:00,SITE_RES_002,0.222,226.8,50.01,OK
2025-01-15T13:00:00,SITE_RES_001,0.289,229.8,50.07,OK
2025-01-03T15:00:00,SITE_COM_001,1.397,232.8,49.84,OK
2025-01-20T19:00:00,SITE_COM_002,0.972,231.9,50.08,OK
2025-01-30T20:00:00,SITE_RES_001,0.568,236.7,50.16,OK
2025-01-25T06:00:00,SITE_RES_001,0.335,224.0,49.88,OK
28/01/2025 00:00:00,SITE_COM_001,0.51,228.0,50.03,OK
07/01/2025 23:00:00,SITE_IND_001,1.758,225.9,50.04,OK
2025-01-17T19:00:00,SITE_IND_001,3.091,230.4,49.88,OK
29/01/2025 09:00:00,SITE_RES_002,0.235,230.4,50.06,OK
2025-01-25T17:00:00,SITE_RES_001,0.337,236.2,50.11,OK
2025-01-07T22:00:00,SITE_IND_001,1.843,224.4,49.87,OK
2025-01-05T17:00:00,SITE_COM_002,0.739,236.0,49.9,OK
2025-01-11T11:00:00,SITE_IND_001,1.749,227.9,50.05,OK
2025-01-28T01:00:00,SITE_RES_002,0.247,228.8,49.91,OK
2025-01-23 12:00:00,SITE_COM_002,1.047,232.8,50.09,OK
2025-01-26T05:00:00,SITE_RES_002,0.269,228.6,50.0,OK
18/01/2025 22:00:00,SITE_COM_001,0.338,236.7,50.07,OK
08/01/2025 11:00:00,SITE_RES_002,0.256,238.0,49.87,OK
2025-01-19T12:00:00,SITE_RES_002,0.254,237.1,50.26,OK
2025-01-05T00:00:00,SITE_COM_001,0.321,232.5,50.1,OK
28/01/2025 12:00:00,SITE_COM_002,1.009,238.8,49.71,OK
2025-01-17T00:00:00,SITE_RES_002,0.233,226.8,49.98,OK
2025-01-05T09:00:00,SITE_COM_001,0.942,233.9,49.98,OK
2025-01-13 16:00:00,SITE_COM_002,1.054,234.4,49.97,OK
2025-01-25T18:00:00,SITE_IND_001,1.841,231.7,50.15,OK
2025-01-02T09:00:00,SITE_RES_002,0.238,233.6,50.2,OK
2025-01-24T02:00:00,SITE_COM_001,0.525,233.6,49.95,OK
2025-01-23T10:00:00,SITE_COM_002,1.048,230.0,49.78,OK
2025-01-22T19:00:00,SITE_COM_001,1.357,226.9,49.93,OK
2025-01-19T15:00:00,SITE_IND_002,1.167,233.4,50.12,OK
25/01/2025 08:00:00,SITE_COM_002,0.679,227.6,49.83,OK
2025-01-29T02:00:00,SITE_COM_002,0.408,233.1,50.14,OK
2025-01-24 15:00:00,SITE_COM_002,0.951,229.1,49.98,OK
2025-01-15 09:00:00,SITE_IND_001,3.258,233.1,49.85,OK
2025-01-06T06:00:00,SITE_COM_002,0.367,237.0,50.01,OK
2025-01-11 04:00:00,SITE_IND_002,0.743,232.5,50.15,OK
2025-01-29T02:00:00,SITE_RES_001,-999,223.8,49.86,ERROR
2025-01-05T20:00:00,SITE_IND_001,1.814,231.9,50.07,OK
2025-01-10T06:00:00,SITE_COM_001,0.457,233.7,49.96,OK
2025-01-05T09:00:00,SITE_RES_001,0.403,233.1,49.94,OK
2025-01-19T09:00:00,SITE_IND_002,1.23,229.6,50.03,OK
2025-01-11T00:00:00,SITE_COM_002,0.268,229.8,49.95,OK
2025-01-09T22:00:00,SITE_IND_002,1.144,234.8,49.96,OK
2025-01-10T04:00:00,SITE_COM_001,0.523,235.0,49.96,OK
2025-01-24T05:00:00,SITE_RES_001,0.318,225.6,50.11,OK
2025-01-14T15:00:00,SITE_RES_001,-999,226.7,50.01,ERROR
2025-01-02T17:00:00,SITE_IND_001,3.216,232.7,50.04,OK
2025-01-30T00:00:00,SITE_COM_001,0.461,230.6,50.02,OK
2025-01-13T23:00:00,SITE_RES_001,0.289,229.9,49.95,OK
2025-01-24 10:00:00,SITE_COM_002,1.014,225.8,50.18,OK
2025-01-10T13:00:00,SITE_RES_002,0.242,228.3,50.05,OK
2025-01-11T19:00:00,SITE_COM_001,0.915,226.9,50.05,OK
23/01/2025 21:00:00,SITE_RES_002,0.391,235.0,50.05,OK
2025-01-11T17:00:00,SITE_RES_002,0.295,230.8,50.1,OK
2025-01-17 19:00:00,SITE_COM_001,1.336,229.8,50.13,OK
2025-01-22T12:00:00,SITE_COM_002,0.929,235.7,50.13,OK
2025-01-23T04:00:00,SITE_COM_001,0.526,233.0,49.81,OK
2025-01-20T22:00:00,SITE_RES_002,,229.5,49.94,ERROR
07/01/2025 15:00:00,SITE_COM_001,1.348,238.0,49.94,OK
17/01/2025 15:00:00,SITE_RES_001,-777,230.3,50.02,ERROR
2025-01-25T22:00:00,SITE_IND_001,1.056,226.5,49.88,OK
2025-01-07T01:00:00,SITE_COM_001,0.496,226.0,49.95,OK
2025-01-20T04:00:00,SITE_IND_002,1.107,224.9,49.91,OK
2025-01-05T01:00:00,SITE_RES_001,0.387,233.4,49.72,OK
2025-01-29T15:00:00,SITE_IND_002,1.93,225.6,50.15,OK
2025-01-12T14:00:00,SITE_IND_002,1.24,231.1,50.04,OK
2025-01-16T04:00:00,SITE_IND_002,1.249,226.1,49.87,OK
2025-01-07 23:00:00,SITE_RES_001,0.351,226.3,49.9,OK
2025-01-13T12:00:00,SITE_RES_001,0.301,235.4,49.99,OK
2025-01-05T17:00:00,SITE_IND_002,1.182,227.5,49.85,OK
2025-01-13 18:00:00,SITE_IND_001,3.164,223.3,50.01,OK
08/01/2025 17:00:00,SITE_COM_001,,229.2,49.87,ERROR
2025-01-13T16:00:00,SITE_RES_001,0.333,232.3,50.04,OK
2025-01-19 14:00:00,SITE_IND_002,1.235,234.1,50.07,OK
2025-01-04 15:00:00,SITE_RES_001,0.342,233.1,49.89,OK
09/01/2025 14:00:00,SITE_RES_002,0.238,228.7,49.88,OK
2025-01-19 18:00:00,SITE_RES_001,0.647,231.8,50.04,OK
2025-01-08T01:00:00,SITE_IND_001,1.834,232.6,49.97,OK
2025-01-05T05:00:00,SITE_COM_001,0.36,226.3,50.08,OK
20/01/2025 23:00:00,SITE_COM_001,0.54,229.5,49.87,OK
2025-01-13T13:00:00,SITE_RES_001,0.306,226.4,49.79,OK
2025-01-22T07:00:00,SITE_COM_002,0.349,227.0,50.12,OK
2025-01-13 09:00:00,SITE_RES_002,0.259,226.5,50.01,OK
2025-01-27T10:00:00,SITE_COM_002,0.949,229.1,50.1,OK
2025-01-05T09:00:00,SITE_IND_001,1.769,228.2,49.94,OK
2025-01-01T12:00:00,SITE_IND_002,2.191,236.7,49.89,OK
2025-01-22T14:00:00,SITE_IND_001,3.249,227.2,50.09,OK
2025-01-01T10:00:00,SITE_IND_001,3.123,232.8,50.02,OK
2025-01-15T13:00:00,SITE_RES_002,0.253,235.4,50.12,OK
2025-01-02T21:00:00,SITE_IND_001,1.83,224.7,49.69,OK
16/01/2025 00:00:00,SITE_COM_002,0.39,228.7,50.0,OK
2025-01-20T09:00:00,SITE_RES_001,0.329,223.0,49.94,OK
2025-01-15 09:00:00,SITE_RES_001,-999,226.1,49.91,ERROR
2025-01-05T08:00:00,SITE_RES_001,0.553,229.8,49.87,OK
25/01/2025 02:00:00,SITE_COM_001,0.38,237.9,49.98,OK
16/01/2025 09:00:00,SITE_RES_002,0.228,233.9,50.12,OK
2025-01-22T03:00:00,SITE_IND_001,-777,232.0,50.07,ERROR
2025-01-08T15:00:00,SITE_IND_002,1.938,227.3,50.11,OK
2025-01-18T20:00:00,SITE_IND_001,1.728,231.5,49.89,OK
2025-01-17T05:00:00,SITE_COM_001,0.498,231.9,49.85,OK
2025-01-04T03:00:00,SITE_RES_001,0.377,232.1,49.86,OK
2025-01-13T03:00:00,SITE_RES_001,-999,230.7,49.95,ERROR
2025-01-02T20:00:00,SITE_RES_001,0.495,233.4,50.09,OK
2025-01-29T23:00:00,SITE_COM_001,-888,236.8,49.89,ERROR
2025-01-12T22:00:00,SITE_COM_001,0.331,231.3,49.88,OK
2025-01-25T04:00:00,SITE_RES_001,0.349,231.7,49.88,OK
2025-01-01T00:00:00,SITE_IND_001,1.799,233.2,50.02,OK
2025-01-21 03:00:00,SITE_IND_002,-999,232.9,49.96,ERROR
09/01/2025 09:00:00,SITE_IND_002,-777,229.4,50.03,ERROR
2025-01-10T22:00:00,SITE_COM_002,0.345,229.2,49.75,OK
16/01/2025 22:00:00,SITE_IND_001,-777,233.3,50.0,ERROR
2025-01-19T08:00:00,SITE_COM_001,0.9,226.8,50.13,OK
2025-01-22 04:00:00,SITE_RES_002,0.233,226.6,49.94,OK
15/01/2025 04:00:00,SITE_RES_001,0.319,223.3,49.85,OK
2025-01-20T09:00:00,SITE_COM_002,1.019,226.0,50.19,OK
2025-01-03T06:00:00,SITE_RES_001,0.34,233.4,50.22,OK
2025-01-20T21:00:00,SITE_COM_001,0.496,228.1,49.82,OK
2025-01-26T02:00:00,SITE_IND_001,0.983,228.3,49.87,OK
2025-01-18 14:00:00,SITE_COM_002,0.676,226.3,50.07,OK
2025-01-16T04:00:00,SITE_IND_001,1.765,229.9,50.2,OK
2025-01-04T21:00:00,SITE_RES_001,0.654,233.5,49.92,OK
2025-01-16T07:00:00,SITE_RES_002,0.371,234.9,49.83,OK
2025-01-06 21:00:00,SITE_COM_001,0.48,226.8,50.04,OK
2025-01-22T10:00:00,SITE_COM_002,0.956,229.9,50.15,OK
2025-01-12T08:00:00,SITE_IND_002,1.301,229.6,50.05,OK
2025-01-29T00:00:00,SITE_IND_002,1.247,230.8,49.95,OK
11/01/2025 15:00:00,SITE_COM_002,0.682,230.2,50.2,OK
2025-01-06T03:00:00,SITE_IND_002,1.263,236.1,50.02,OK
30/01/2025 21:00:00,SITE_IND_002,1.258,231.0,49.96,OK
2025-01-28 13:00:00,SITE_IND_001,3.077,225.9,50.0,OK
2025-01-25T11:00:00,SITE_RES_002,0.282,230.4,49.95,OK
2025-01-20T07:00:00,SITE_IND_001,2.812,229.4,49.79,OK
2025-01-14 03:00:00,SITE_RES_002,0.255,230.9,49.84,OK
2025-01-13T22:00:00,SITE_RES_002,0.247,229.1,49.91,OK
2025-01-19T08:00:00,SITE_IND_001,1.852,228.1,49.85,OK
28/01/2025 21:00:00,SITE_COM_002,0.345,229.0,49.96,OK
2025-01-08T06:00:00,SITE_RES_001,0.314,231.7,50.35,OK
2025-01-05T00:00:00,SITE_RES_002,0.281,228.2,49.94,OK
2025-01-28T01:00:00,SITE_RES_001,-888,231.9,49.99,ERROR
2025-01-19T18:00:00,SITE_RES_002,0.455,225.0,50.08,OK
2025-01-11T17:00:00,SITE_IND_002,-999,227.1,50.1,ERROR
07/01/2025 10:00:00,SITE_COM_002,1.065,233.0,50.0,OK
2025-01-21T20:00:00,SITE_RES_001,-777,229.1,50.15,ERROR
2025-01-07T13:00:00,SITE_COM_001,-777,229.9,50.16,ERROR
2025-01-10 01:00:00,SITE_COM_002,0.387,233.5,49.98,OK
15/01/2025 20:00:00,SITE_IND_001,2.934,224.4,50.03,OK
2025-01-11 18:00:00,SITE_IND_002,1.146,233.5,49.99,OK
2025-01-17 12:00:00,SITE_IND_001,2.792,231.8,50.09,OK
2025-01-19T04:00:00,SITE_COM_001,0.343,234.7,49.92,OK
2025-01-01T21:00:00,SITE_RES_001,,236.9,49.97,ERROR
2025-01-29T23:00:00,SITE_COM_002,0.381,226.1,49.93,OK
2025-01-09T03:00:00,SITE_RES_002,0.261,235.4,49.89,OK
2025-01-08T11:00:00,SITE_COM_001,1.385,230.8,49.92,OK
2025-01-04 21:00:00,SITE_COM_001,0.375,230.6,50.04,OK
2025-01-04 01:00:00,SITE_COM_002,0.272,233.6,49.89,OK
2025-01-24T01:00:00,SITE_IND_001,1.854,229.6,49.95,OK
2025-01-24 06:00:00,SITE_COM_001,0.468,234.2,49.96,OK
2025-01-10T12:00:00,SITE_RES_001,0.347,228.4,50.06,OK
2025-01-11T19:00:00,SITE_COM_002,0.65,226.4,49.77,OK
2025-01-06 22:00:00,SITE_COM_002,0.407,238.2,49.69,OK
2025-01-11 23:00:00,SITE_RES_001,0.346,231.6,50.07,OK
2025-01-11T09:00:00,SITE_COM_001,0.975,231.5,50.17,OK
03/01/2025 14:00:00,SITE_COM_002,0.935,234.8,50.18,OK
2025-01-15T08:00:00,SITE_RES_001,0.518,231.9,50.08,OK
2025-01-26T19:00:00,SITE_IND_001,1.694,230.4,50.04,OK
2025-01-02T11:00:00,SITE_IND_002,2.286,234.3,50.22,OK
2025-01-28T07:00:00,SITE_COM_002,0.362,227.7,50.25,OK
2025-01-18 08:00:00,SITE_RES_002,0.487,238.8,49.89,OK
2025-01-30T19:00:00,SITE_IND_001,2.877,225.7,50.08,OK
2025-01-05T15:00:00,SITE_IND_001,1.941,225.2,49.88,OK
2025-01-17T11:00:00,SITE_IND_002,2.15,242.4,49.83,OK
2025-01-20T02:00:00,SITE_COM_002,0.41,227.3,50.16,OK
23/01/2025 23:00:00,SITE_RES_001,0.316,228.5,49.95,OK
2025-01-15 18:00:00,SITE_RES_002,0.38,236.3,49.96,OK
2025-01-11T10:00:00,SITE_COM_002,0.749,229.8,50.14,OK
2025-01-27T06:00:00,SITE_IND_001,2.975,228.1,49.9,OK
2025-01-07 02:00:00,SITE_RES_001,0.304,235.5,50.02,OK
2025-01-04 22:00:00,SITE_RES_002,0.254,226.0,49.91,OK
2025-01-15T17:00:00,SITE_COM_002,1.018,230.6,49.96,OK
2025-01-03 14:00:00,SITE_IND_001,3.103,228.9,50.1,OK
2025-01-22T23:00:00,SITE_RES_002,0.227,234.8,49.8,OK
2025-01-14T21:00:00,SITE_COM_001,-999,232.0,50.16,ERROR
2025-01-20T03:00:00,SITE_COM_001,0.49,230.9,49.85,OK
07/01/2025 20:00:00,SITE_COM_001,0.531,235.8,50.17,OK
2025-01-17 23:00:00,SITE_IND_001,1.646,227.3,49.94,OK
2025-01-15T12:00:00,SITE_IND_002,2.199,233.0,49.92,OK
2025-01-13T02:00:00,SITE_IND_002,1.165,232.6,49.9,OK
2025-01-12T04:00:00,SITE_IND_002,0.784,231.2,50.01,OK
24/01/2025 15:00:00,SITE_COM_001,1.258,226.5,50.05,OK
2025-01-13 07:00:00,SITE_RES_001,0.559,222.1,50.06,OK
2025-01-29T14:00:00,SITE_COM_002,1.042,231.0,49.86,OK
2025-01-08T02:00:00,SITE_RES_001,0.296,238.2,50.15,OK
10/01/2025 01:00:00,SITE_IND_002,1.342,230.9,49.83,OK
2025-01-02T21:00:00,SITE_RES_002,0.358,232.6,50.1,OK
14/01/2025 01:00:00,SITE_COM_002,0.384,229.0,50.02,OK
2025-01-25T17:00:00,SITE_IND_002,1.147,227.9,49.79,OK
2025-01-04T09:00:00,SITE_IND_002,1.139,231.3,49.8,OK
2025-01-14T05:00:00,SITE_RES_002,0.237,231.0,50.07,OK
2025-01-30T09:00:00,SITE_RES_002,0.252,230.7,50.03,OK
2025-01-07T19:00:00,SITE_IND_001,3.265,222.6,50.03,OK
2025-01-25T09:00:00,SITE_IND_002,1.229,224.1,50.01,OK
2025-01-14T21:00:00,SITE_IND_002,1.253,229.7,50.15,OK
2025-01-20T09:00:00,SITE_COM_001,1.197,229.0,49.99,OK
2025-01-13T21:00:00,SITE_RES_002,0.369,227.2,49.97,OK
2025-01-30 00:00:00,SITE_IND_002,1.293,229.2,50.05,OK
2025-01-29T11:00:00,SITE_COM_002,0.944,229.0,50.08,OK
14/01/2025 23:00:00,SITE_IND_002,1.154,228.8,49.89,OK
2025-01-27T17:00:00,SITE_RES_002,0.219,229.3,49.93,OK
2025-01-12T22:00:00,SITE_IND_001,1.023,228.8,49.8,OK
2025-01-08T00:00:00,SITE_RES_002,0.226,232.3,50.04,OK
2025-01-15T20:00:00,SITE_RES_001,0.525,226.0,49.87,OK
2025-01-30T15:00:00,SITE_RES_001,0.305,225.7,50.02,OK
2025-01-20T13:00:00,SITE_IND_001,3.116,231.9,50.02,OK
2025-01-30T16:00:00,SITE_IND_002,1.895,228.9,49.71,OK
2025-01-19 01:00:00,SITE_IND_002,0.715,227.5,49.96,OK
20/01/2025 12:00:00,SITE_COM_001,1.185,227.6,49.99,OK
2025-01-28T05:00:00,SITE_COM_002,0.402,231.4,49.94,OK
2025-01-09T11:00:00,SITE_IND_001,2.813,228.3,49.85,OK
2025-01-24 23:00:00,SITE_COM_001,0.452,229.2,50.03,OK
2025-01-24T12:00:00,SITE_RES_001,0.291,228.0,49.99,OK
2025-01-11T04:00:00,SITE_COM_002,0.254,231.4,50.08,OK
2025-01-11T03:00:00,SITE_IND_002,0.791,226.3,50.03,OK
2025-01-01T11:00:00,SITE_IND_001,,230.2,50.06,ERROR
2025-01-30T05:00:00,SITE_IND_001,1.815,232.9,49.84,OK
2025-01-15 14:00:00,SITE_IND_001,2.881,234.0,50.04,OK
08/01/2025 21:00:00,SITE_IND_002,1.11,230.7,49.95,OK
27/01/2025 05:00:00,SITE_IND_002,1.33,224.3,50.06,OK
04/01/2025 05:00:00,SITE_IND_002,0.748,228.6,50.06,OK
05/01/2025 04:00:00,SITE_RES_001,0.397,234.7,50.14,OK
2025-01-20T00:00:00,SITE_IND_001,1.895,233.8,50.22,OK
21/01/2025 00:00:00,SITE_COM_001,0.468,226.4,49.95,OK
2025-01-10T10:00:00,SITE_IND_002,2.089,227.9,49.99,OK
2025-01-06T04:00:00,SITE_COM_002,0.364,226.0,50.07,OK
2025-01-08T00:00:00,SITE_COM_001,-999,230.4,49.88,ERROR
2025-01-19 10:00:00,SITE_IND_001,1.727,229.3,50.08,OK
26/01/2025 07:00:00,SITE_COM_001,0.384,225.8,49.8,OK
2025-01-14T02:00:00,SITE_COM_001,0.489,229.6,50.14,OK
2025-01-03T16:00:00,SITE_COM_001,1.348,229.3,49.95,OK
2025-01-07T02:00:00,SITE_IND_001,1.884,230.2,50.13,OK
2025-01-11T21:00:00,SITE_COM_001,0.381,226.5,50.15,OK
2025-01-07T00:00:00,SITE_IND_002,1.299,228.9,49.93,OK
2025-01-04T22:00:00,SITE_RES_001,0.4,233.0,50.0,OK
2025-01-03T01:00:00,SITE_RES_001,0.329,229.0,50.06,OK
2025-01-13 06:00:00,SITE_IND_002,2.199,233.6,49.86,OK
2025-01-10T21:00:00,SITE_COM_002,0.354,225.4,49.87,OK
2025-01-14T20:00:00,SITE_COM_001,0.53,228.6,49.85,OK
2025-01-16T17:00:00,SITE_IND_001,2.92,226.2,50.1,OK
2025-01-07T02:00:00,SITE_COM_002,0.369,230.7,50.13,OK
2025-01-18 07:00:00,SITE_COM_001,0.331,227.9,49.94,OK
02/01/2025 04:00:00,SITE_IND_001,1.75,233.8,50.24,OK
2025-01-02T18:00:00,SITE_RES_001,0.519,224.7,49.88,OK
27/01/2025 21:00:00,SITE_RES_002,0.375,231.4,49.85,OK
2025-01-25T20:00:00,SITE_COM_001,0.384,228.4,50.1,OK
2025-01-26 11:00:00,SITE_COM_002,0.648,231.5,50.03,OK
2025-01-13T01:00:00,SITE_COM_002,0.348,229.7,49.86,OK
2025-01-05T23:00:00,SITE_RES_002,0.255,234.8,50.15,OK
2025-01-01T16:00:00,SITE_IND_001,3.206,230.5,49.91,OK
2025-01-25T04:00:00,SITE_IND_002,0.777,223.5,50.08,OK
2025-01-04T19:00:00,SITE_RES_001,-777,223.9,49.85,ERROR
2025-01-19 12:00:00,SITE_COM_002,0.7,223.1,49.98,OK
2025-01-26T09:00:00,SITE_COM_001,0.957,226.2,50.09,OK
2025-01-02 19:00:00,SITE_COM_001,1.428,231.1,49.91,OK
2025-01-24T06:00:00,SITE_IND_002,2.133,226.8,50.23,OK
24/01/2025 21:00:00,SITE_COM_002,0.363,228.5,49.91,OK
2025-01-23T21:00:00,SITE_IND_001,1.694,231.2,49.7,OK
2025-01-22T13:00:00,SITE_RES_002,0.246,229.1,49.67,OK
2025-01-24T14:00:00,SITE_RES_002,0.236,230.5,50.01,OK
2025-01-13T14:00:00,SITE_COM_002,0.967,229.5,49.99,OK
2025-01-14T10:00:00,SITE_IND_001,2.9,228.1,49.97,OK
2025-01-19T15:00:00,SITE_COM_002,-777,235.5,50.04,ERROR
26/01/2025 16:00:00,SITE_RES_002,-999,225.6,49.91,ERROR
12/01/2025 08:00:00,SITE_COM_002,0.725,227.3,49.9,OK
2025-01-07T02:00:00,SITE_IND_002,1.341,236.1,50.2,OK
2025-01-10T02:00:00,SITE_IND_001,1.634,237.1,50.12,OK
2025-01-11T05:00:00,SITE_COM_001,0.376,235.3,49.97,OK
2025-01-29T05:00:00,SITE_IND_002,1.132,232.6,50.1,OK
2025-01-07T08:00:00,SITE_IND_002,2.242,218.9,49.87,OK
2025-01-01T00:00:00,SITE_COM_002,0.353,229.8,49.96,OK
2025-01-11T14:00:00,SITE_COM_002,0.748,233.6,49.86,OK
2025-01-26T10:00:00,SITE_COM_001,0.946,232.7,50.22,OK
2025-01-11T12:00:00,SITE_COM_002,0.72,235.4,49.8,OK
2025-01-28T19:00:00,SITE_IND_002,2.083,226.4,49.78,OK
2025-01-04T10:00:00,SITE_COM_002,0.623,224.5,49.88,OK
2025-01-17 20:00:00,SITE_RES_002,0.366,224.9,49.9,OK
2025-01-27T07:00:00,SITE_RES_001,0.559,238.0,49.89,OK
2025-01-13T18:00:00,SITE_COM_001,,234.1,49.66,ERROR
2025-01-16T00:00:00,SITE_IND_001,1.636,230.8,49.87,OK
2025-01-24T07:00:00,SITE_RES_002,0.41,233.5,49.86,OK
2025-01-16 09:00:00,SITE_IND_001,3.136,234.8,50.08,OK
2025-01-18T07:00:00,SITE_RES_002,0.406,231.8,49.84,OK
2025-01-09T20:00:00,SITE_IND_002,2.047,231.4,49.88,OK
2025-01-09T18:00:00,SITE_COM_001,1.39,231.4,49.95,OK
2025-01-28 12:00:00,SITE_COM_001,1.21,232.7,50.08,OK
18/01/2025 22:00:00,SITE_IND_001,1.089,234.5,50.02,OK
2025-01-11T16:00:00,SITE_IND_002,1.15,229.2,50.03,OK
2025-01-20T03:00:00,SITE_IND_002,1.221,229.7,49.93,OK
2025-01-04T04:00:00,SITE_RES_001,0.347,226.4,49.9,OK
2025-01-27T05:00:00,SITE_COM_001,0.531,235.1,50.02,OK
2025-01-17T11:00:00,SITE_RES_002,0.252,230.4,49.96,OK
2025-01-21T14:00:00,SITE_IND_001,3.16,230.5,49.99,OK
2025-01-09T18:00:00,SITE_RES_002,0.377,236.7,50.31,OK
2025-01-25T10:00:00,SITE_COM_002,0.627,234.7,50.15,OK
29/01/2025 03:00:00,SITE_RES_001,0.294,229.7,50.11,OK
2025-01-14 13:00:00,SITE_IND_001,3.188,226.4,49.8,OK
2025-01-08T16:00:00,SITE_RES_002,0.226,233.5,49.94,OK
2025-01-16T03:00:00,SITE_COM_001,0.452,227.9,49.84,OK
2025-01-29T22:00:00,SITE_IND_001,1.862,234.6,50.07,OK
2025-01-04T23:00:00,SITE_RES_002,0.292,224.7,49.95,OK
2025-01-10 12:00:00,SITE_IND_002,2.174,236.1,49.89,OK
2025-01-21T06:00:00,SITE_IND_002,2.179,226.1,50.14,OK
2025-01-30T01:00:00,SITE_COM_002,0.346,232.3,50.04,OK
2025-01-23T12:00:00,SITE_RES_002,-777,233.5,50.0,ERROR
2025-01-01 00:00:00,SITE_RES_001,0.307,227.5,50.08,OK
2025-01-20 15:00:00,SITE_COM_001,1.204,231.2,50.12,OK
2025-01-10T13:00:00,SITE_RES_001,0.313,231.9,50.08,OK
2025-01-14T19:00:00,SITE_RES_001,0.543,232.8,49.78,OK
2025-01-29T19:00:00,SITE_COM_002,1.012,228.2,49.93,OK
2025-01-02T15:00:00,SITE_RES_001,0.317,227.8,50.05,OK
2025-01-22 23:00:00,SITE_IND_001,1.719,231.6,49.93,OK
2025-01-06T00:00:00,SITE_COM_001,0.486,226.5,50.14,OK
2025-01-09T11:00:00,SITE_RES_001,0.335,227.5,49.99,OK
2025-01-15T02:00:00,SITE_COM_001,0.49,237.6,50.07,OK
2025-01-07T05:00:00,SITE_RES_002,0.259,228.4,49.94,OK
10/01/2025 02:00:00,SITE_COM_001,0.546,229.6,49.99,OK
28/01/2025 11:00:00,SITE_RES_002,0.242,223.9,49.81,OK
2025-01-09T10:00:00,SITE_COM_002,0.956,237.1,49.84,OK
2025-01-21T01:00:00,SITE_RES_002,0.223,224.8,49.97,OK
2025-01-15T18:00:00,SITE_IND_002,2.296,227.8,50.04,OK
06/01/2025 04:00:00,SITE_RES_001,0.29,231.7,49.98,OK
2025-01-13T13:00:00,SITE_RES_002,0.259,223.9,49.94,OK
2025-01-01T12:00:00,SITE_IND_001,3.081,227.5,50.09,OK
19/01/2025 20:00:00,SITE_IND_002,1.211,235.5,49.99,OK
30/01/2025 08:00:00,SITE_COM_002,0.987,228.4,50.12,OK
2025-01-02 14:00:00,SITE_IND_002,1.99,235.0,50.05,OK
2025-01-29 13:00:00,SITE_IND_001,2.978,226.1,49.92,OK
2025-01-05T21:00:00,SITE_IND_001,1.093,233.8,50.05,OK
2025-01-15T05:00:00,SITE_COM_001,0.464,229.9,50.05,OK
2025-01-05T06:00:00,SITE_RES_001,0.332,232.6,50.07,OK
2025-01-16T06:00:00,SITE_RES_001,0.291,231.6,49.93,OK
23/01/2025 05:00:00,SITE_COM_001,-888,234.1,49.84,ERROR
2025-01-02T08:00:00,SITE_RES_002,0.416,225.1,49.9,OK
2025-01-12T14:00:00,SITE_COM_001,3.416,230.5,49.97,OK
2025-01-04T00:00:00,SITE_RES_002,0.301,220.8,50.0,OK
2025-01-28T04:00:00,SITE_IND_002,1.168,227.3,49.75,OK
09/01/2025 13:00:00,SITE_RES_002,0.251,224.6,50.08,OK
2025-01-11T13:00:00,SITE_IND_002,1.176,225.7,49.99,OK
2025-01-03T17:00:00,SITE_RES_001,0.343,230.9,50.08,OK
2025-01-07T19:00:00,SITE_IND_002,2.089,226.5,49.84,OK
2025-01-07T00:00:00,SITE_COM_002,0.375,230.1,49.73,OK
25/01/2025 09:00:00,SITE_COM_001,0.949,234.9,50.23,OK
2025-01-19 15:00:00,SITE_COM_001,0.967,228.7,49.91,OK
2025-01-20T16:00:00,SITE_RES_002,0.231,229.0,49.95,OK
2025-01-12T19:00:00,SITE_IND_001,1.742,238.1,50.01,OK
2025-01-06T15:00:00,SITE_IND_002,2.085,232.0,50.04,OK
2025-01-11 14:00:00,SITE_IND_002,1.373,224.4,49.74,OK
05/01/2025 05:00:00,SITE_IND_002,0.71,229.8,50.1,OK
2025-01-25T04:00:00,SITE_COM_001,0.351,222.9,49.9,OK
2025-01-02T19:00:00,SITE_COM_002,0.899,238.0,50.18,OK
2025-01-29T20:00:00,SITE_IND_001,3.238,223.8,49.98,OK
2025-01-18 14:00:00,SITE_IND_001,1.906,225.0,50.24,OK
2025-01-21T13:00:00,SITE_COM_002,-777,228.8,50.06,ERROR
2025-01-11T19:00:00,SITE_IND_002,1.265,233.6,49.8,OK
2025-01-13T06:00:00,SITE_IND_001,2.805,225.4,50.13,OK
2025-01-18T15:00:00,SITE_IND_001,1.692,225.3,49.99,OK
24/01/2025 17:00:00,SITE_IND_002,-888,235.0,50.16,ERROR
2025-01-17T20:00:00,SITE_COM_002,0.341,225.2,50.03,OK
2025-01-01T21:00:00,SITE_IND_001,1.715,232.7,50.41,OK
2025-01-16 14:00:00,SITE_COM_001,1.354,230.7,50.08,OK
2025-01-22T09:00:00,SITE_IND_001,3.277,241.7,50.32,OK
2025-01-07T13:00:00,SITE_IND_002,2.078,232.7,49.9,OK
2025-01-08T13:00:00,SITE_COM_002,1.023,225.2,50.0,OK
2025-01-09T06:00:00,SITE_IND_002,1.969,232.2,50.13,OK
2025-01-27T09:00:00,SITE_RES_002,0.218,226.5,50.13,OK
2025-01-12T00:00:00,SITE_COM_001,0.374,228.8,49.95,OK
24/01/2025 12:00:00,SITE_COM_001,1.365,235.3,50.01,OK
30/01/2025 16:00:00,SITE_RES_001,0.338,227.6,49.91,OK
2025-01-23T22:00:00,SITE_COM_001,0.492,231.5,49.92,OK
2025-01-30 20:00:00,SITE_COM_001,0.488,231.6,49.96,OK
2025-01-06T15:00:00,SITE_RES_002,0.244,235.8,49.92,OK
05/01/2025 08:00:00,SITE_IND_002,1.23,229.6,50.04,OK
2025-01-07T22:00:00,SITE_COM_001,0.476,236.3,50.12,OK
2025-01-28T17:00:00,SITE_COM_002,1.017,224.2,49.99,OK
2025-01-30T19:00:00,SITE_COM_001,1.308,226.0,50.13,OK
2025-01-30T13:00:00,SITE_COM_002,0.919,226.5,50.0,OK
2025-01-15T17:00:00,SITE_IND_001,2.958,227.8,49.94,OK
2025-01-03T18:00:00,SITE_RES_001,0.566,230.3,50.05,OK
2025-01-14T19:00:00,SITE_IND_001,3.16,232.6,50.09,OK
15/01/2025 21:00:00,SITE_COM_002,0.375,229.7,49.89,OK
2025-01-11T18:00:00,SITE_COM_002,0.737,220.4,50.09,OK
2025-01-14 03:00:00,SITE_COM_002,0.373,230.7,49.66,OK
2025-01-15T02:00:00,SITE_RES_002,0.239,231.3,50.16,OK
2025-01-28 16:00:00,SITE_IND_001,-999,225.6,50.11,ERROR
2025-01-25T11:00:00,SITE_IND_002,1.134,231.4,50.05,OK
2025-01-01T12:00:00,SITE_COM_001,1.403,227.6,50.29,OK
07/01/2025 05:00:00,SITE_IND_001,1.82,229.9,50.02,OK
2025-01-09 04:00:00,SITE_RES_002,0.241,231.4,49.98,OK
15/01/2025 09:00:00,SITE_RES_002,0.248,236.0,49.91,OK
2025-01-30T13:00:00,SITE_COM_001,1.243,227.5,50.1,OK
2025-01-30T20:00:00,SITE_RES_002,0.412,231.2,50.04,OK
2025-01-30T22:00:00,SITE_IND_002,1.184,234.1,50.03,OK
2025-01-18 14:00:00,SITE_COM_002,0.676,226.3,50.07,OK
2025-01-05T22:00:00,SITE_COM_001,0.374,226.2,50.16,OK
2025-01-20T13:00:00,SITE_COM_001,1.277,231.1,50.05,OK
09/01/2025 08:00:00,SITE_COM_002,0.99,228.7,50.17,OK
09/01/2025 08:00:00,SITE_IND_001,2.87,228.4,50.15,OK
2025-01-19 11:00:00,SITE_IND_001,1.734,224.6,50.23,OK
11/01/2025 12:00:00,SITE_COM_001,0.849,233.6,50.15,OK
2025-01-09T16:00:00,SITE_RES_002,0.254,229.8,50.01,OK
2025-01-20 14:00:00,SITE_IND_001,2.943,221.5,50.0,OK
2025-01-16T08:00:00,SITE_IND_002,2.246,227.5,50.11,OK
2025-01-12T00:00:00,SITE_IND_002,0.682,230.8,50.04,OK
2025-01-04 05:00:00,SITE_COM_002,0.246,229.9,49.85,OK
28/01/2025 11:00:00,SITE_RES_001,0.338,230.0,49.96,OK
2025-01-22T10:00:00,SITE_COM_001,1.323,232.9,49.99,OK
2025-01-16T16:00:00,SITE_COM_001,1.313,227.2,49.87,OK
06/01/2025 04:00:00,SITE_COM_001,0.477,228.2,49.85,OK
2025-01-22T19:00:00,SITE_COM_002,0.975,233.8,50.1,OK
2025-01-06T05:00:00,SITE_IND_001,1.793,233.9,50.02,OK
2025-01-19T10:00:00,SITE_COM_001,0.965,228.4,50.11,OK
2025-01-08T12:00:00,SITE_COM_002,1.063,227.1,50.12,OK
2025-01-03 07:00:00,SITE_IND_001,3.281,225.6,49.93,OK
2025-01-09T16:00:00,SITE_IND_001,3.016,223.8,50.05,OK
2025-01-18T11:00:00,SITE_COM_001,0.926,230.1,49.96,OK
2025-01-05T12:00:00,SITE_COM_001,0.94,226.9,50.01,OK
2025-01-13T11:00:00,SITE_RES_002,0.257,233.3,49.96,OK
2025-01-03T05:00:00,SITE_RES_002,0.251,233.5,49.99,OK
2025-01-28T04:00:00,SITE_COM_001,0.537,230.1,50.02,OK
2025-01-10T23:00:00,SITE_IND_002,1.213,227.5,49.93,OK
2025-01-26T14:00:00,SITE_COM_002,0.714,225.6,49.98,OK
2025-01-10T09:00:00,SITE_COM_002,0.948,237.9,49.96,OK
2025-01-21 10:00:00,SITE_RES_001,0.344,228.3,49.94,OK
2025-01-30T05:00:00,SITE_COM_002,0.338,230.2,49.84,OK
22/01/2025 05:00:00,SITE_COM_001,0.467,235.2,49.96,OK
2025-01-18T16:00:00,SITE_RES_001,0.368,231.7,50.04,OK
2025-01-17T15:00:00,SITE_COM_002,0.977,226.8,49.95,OK
2025-01-14T02:00:00,SITE_IND_001,1.858,228.0,49.91,OK
2025-01-15T14:00:00,SITE_RES_002,0.221,228.5,50.21,OK
2025-01-03T17:00:00,SITE_IND_002,2.267,237.3,50.03,OK
2025-01-16T12:00:00,SITE_COM_001,1.329,227.9,50.18,OK
2025-01-17T08:00:00,SITE_COM_002,0.893,225.5,50.05,OK
2025-01-27T18:00:00,SITE_COM_001,1.419,227.8,49.95,OK
2025-01-20T23:00:00,SITE_RES_002,0.228,229.1,50.03,OK
2025-01-22T16:00:00,SITE_COM_001,1.424,228.0,49.92,OK
2025-01-24 00:00:00,SITE_COM_002,0.351,221.3,49.83,OK
2025-01-29T16:00:00,SITE_IND_002,1.982,230.7,49.83,OK
2025-01-25 03:00:00,SITE_RES_001,0.375,227.0,49.8,OK
2025-01-25T07:00:00,SITE_RES_002,0.404,238.0,49.91,OK
2025-01-07T06:00:00,SITE_RES_002,0.243,232.9,50.0,OK
2025-01-22 22:00:00,SITE_IND_002,1.273,228.5,49.96,OK
2025-01-14T05:00:00,SITE_IND_002,1.159,226.0,50.27,OK
12/01/2025 13:00:00,SITE_RES_002,0.267,235.1,50.18,OK
2025-01-25T12:00:00,SITE_RES_002,0.294,226.9,49.97,OK
2025-01-02T18:00:00,SITE_IND_002,2.02,226.3,50.08,OK
2025-01-03T02:00:00,SITE_COM_001,0.454,233.5,49.8,OK
2025-01-29T17:00:00,SITE_RES_001,0.305,231.9,49.8,OK
2025-01-12T10:00:00,SITE_IND_001,1.912,225.0,49.94,OK
01/01/2025 16:00:00,SITE_COM_001,1.338,229.6,50.04,OK
2025-01-29T02:00:00,SITE_IND_001,1.75,226.5,49.95,OK
2025-01-18T00:00:00,SITE_COM_002,0.282,227.6,50.09,OK
23/01/2025 09:00:00,SITE_RES_001,0.348,230.0,50.02,OK
2025-01-18T20:00:00,SITE_RES_001,0.547,229.8,50.29,OK
2025-01-17T14:00:00,SITE_IND_002,2.208,231.5,49.88,OK
2025-01-25T15:00:00,SITE_IND_002,1.157,241.7,50.02,OK
2025-01-29T19:00:00,SITE_IND_002,2.161,229.1,50.13,OK
2025-01-28T09:00:00,SITE_IND_001,3.26,235.4,50.18,OK
2025-01-05T20:00:00,SITE_COM_001,0.35,235.4,49.97,OK
2025-01-18T02:00:00,SITE_IND_002,0.79,231.4,50.13,OK
2025-01-22 01:00:00,SITE_IND_001,1.741,232.0,49.92,OK
2025-01-30 18:00:00,SITE_IND_002,2.018,227.7,49.77,OK
2025-01-03T07:00:00,SITE_RES_002,0.363,227.8,49.98,OK
2025-01-07T19:00:00,SITE_RES_001,0.515,224.2,49.96,OK
2025-01-12 18:00:00,SITE_RES_001,0.59,236.4,50.05,OK
27/01/2025 16:00:00,SITE_IND_002,2.25,234.0,50.13,OK
2025-01-14T03:00:00,SITE_IND_002,1.215,229.2,49.99,OK
22/01/2025 21:00:00,SITE_COM_002,0.377,235.7,49.85,OK
2025-01-01 23:00:00,SITE_COM_001,0.521,227.6,50.31,OK
2025-01-15T10:00:00,SITE_RES_002,0.226,225.4,49.86,OK
2025-01-06T21:00:00,SITE_IND_002,1.197,234.2,49.83,OK
2025-01-12T12:00:00,SITE_COM_002,0.655,234.4,50.08,OK
2025-01-02T20:00:00,SITE_COM_001,0.547,222.4,50.12,OK
2025-01-15T13:00:00,SITE_COM_002,-888,239.1,49.79,ERROR
2025-01-07T14:00:00,SITE_COM_002,0.897,231.5,49.87,OK
2025-01-13 06:00:00,SITE_RES_002,0.228,229.8,50.07,OK
2025-01-24T13:00:00,SITE_COM_001,1.195,229.5,50.0,OK
2025-01-12T09:00:00,SITE_RES_002,0.285,226.5,49.97,OK
2025-01-08T17:00:00,SITE_IND_001,3.102,232.2,49.92,OK
2025-01-18T21:00:00,SITE_RES_001,0.581,224.9,50.11,OK
2025-01-12T12:00:00,SITE_RES_001,-999,225.0,49.73,ERROR
2025-01-20T20:00:00,SITE_IND_001,2.968,229.5,49.95,OK
2025-01-20T04:00:00,SITE_COM_001,0.452,232.0,49.74,OK
27/01/2025 18:00:00,SITE_COM_002,0.94,228.8,50.04,OK
13/01/2025 11:00:00,SITE_COM_002,0.97,228.5,50.17,OK
2025-01-21 17:00:00,SITE_COM_001,1.184,236.9,50.01,OK
2025-01-05T11:00:00,SITE_IND_002,1.33,224.4,50.01,OK
2025-01-12T15:00:00,SITE_RES_002,0.284,231.1,50.3,OK
2025-01-13T03:00:00,SITE_COM_001,0.514,231.1,49.98,OK
18/01/2025 06:00:00,SITE_COM_002,0.269,231.2,49.75,OK
2025-01-26T19:00:00,SITE_IND_002,1.162,232.4,50.14,OK
2025-01-11T15:00:00,SITE_IND_002,1.256,228.2,50.07,OK
2025-01-11T05:00:00,SITE_RES_002,0.29,228.4,49.73,OK
2025-01-04T09:00:00,SITE_COM_002,0.73,233.2,50.02,OK
2025-01-22T09:00:00,SITE_RES_002,0.218,228.1,49.89,OK
2025-01-01T11:00:00,SITE_COM_002,1.016,226.6,49.98,OK
2025-01-13T13:00:00,SITE_IND_001,2.937,228.7,50.1,OK
03/01/2025 01:00:00,SITE_COM_002,0.391,230.2,50.0,OK
2025-01-20T12:00:00,SITE_IND_001,2.881,229.9,49.98,OK
2025-01-26T19:00:00,SITE_RES_002,0.475,227.8,49.99,OK
02/01/2025 07:00:00,SITE_IND_001,2.7,229.6,50.02,OK
2025-01-07T08:00:00,SITE_IND_001,2.756,231.1,50.18,OK
2025-01-22 06:00:00,SITE_IND_002,1.953,231.7,49.94,OK
2025-01-01T05:00:00,SITE_COM_002,0.39,230.8,50.03,OK
2025-01-01T09:00:00,SITE_COM_002,-888,231.0,50.06,ERROR
15/01/2025 06:00:00,SITE_COM_002,0.383,234.4,50.07,OK
01/01/2025 20:00:00,SITE_IND_001,3.037,229.6,50.16,OK
2025-01-28T14:00:00,SITE_COM_001,1.235,225.1,49.88,OK
2025-01-19T19:00:00,SITE_IND_001,1.878,235.5,50.12,OK
2025-01-20 22:00:00,SITE_COM_002,0.358,231.3,50.02,OK
2025-01-13T22:00:00,SITE_IND_002,1.33,227.2,49.96,OK
2025-01-25T23:00:00,SITE_IND_001,1.068,225.5,50.19,OK
2025-01-22T05:00:00,SITE_RES_001,0.342,230.8,50.13,OK
2025-01-30T10:00:00,SITE_COM_001,1.194,233.9,50.04,OK
2025-01-10T13:00:00,SITE_COM_002,0.914,235.8,50.03,OK
2025-01-24T04:00:00,SITE_RES_001,0.345,233.0,49.95,OK
2025-01-19T12:00:00,SITE_RES_001,-999,232.7,49.94,ERROR
2025-01-11T12:00:00,SITE_RES_001,0.342,234.5,50.11,OK
2025-01-15T20:00:00,SITE_COM_002,0.347,232.7,50.04,OK
2025-01-22T01:00:00,SITE_RES_001,0.342,232.9,50.12,OK
08/01/2025 12:00:00,SITE_RES_001,0.3,230.7,50.11,OK
2025-01-23T05:00:00,SITE_RES_001,0.323,237.9,49.91,OK
2025-01-30T14:00:00,SITE_RES_002,0.236,233.6,49.97,OK
2025-01-21T19:00:00,SITE_COM_001,1.28,233.6,49.99,OK
2025-01-07T01:00:00,SITE_COM_002,0.371,229.1,49.98,OK
2025-01-04T23:00:00,SITE_IND_001,1.096,228.9,50.1,OK
02/01/2025 01:00:00,SITE_IND_002,1.124,228.5,49.83,OK
2025-01-29T01:00:00,SITE_COM_002,,227.4,50.08,ERROR
2025-01-16T22:00:00,SITE_RES_001,0.345,229.9,50.14,OK
2025-01-01T07:00:00,SITE_COM_001,0.518,229.8,50.04,OK
2025-01-09T08:00:00,SITE_RES_002,0.389,229.4,49.84,OK
2025-01-24T14:00:00,SITE_COM_001,1.427,230.7,49.72,OK
2025-01-19T22:00:00,SITE_IND_001,1.012,224.7,49.79,OK
2025-01-21T18:00:00,SITE_COM_001,1.411,227.9,50.06,OK
2025-01-30T16:00:00,SITE_RES_002,0.217,232.7,50.02,OK
2025-01-26T10:00:00,SITE_IND_001,1.719,227.6,49.98,OK
2025-01-26T17:00:00,SITE_COM_002,0.741,230.0,49.87,OK
2025-01-10T20:00:00,SITE_IND_001,2.903,237.7,50.2,OK
2025-01-05 16:00:00,SITE_IND_001,1.919,221.9,49.92,OK
2025-01-28T11:00:00,SITE_IND_001,3.162,231.5,50.0,OK
2025-01-12T10:00:00,SITE_COM_001,0.827,232.3,49.93,OK
2025-01-13T02:00:00,SITE_IND_001,1.725,228.8,50.18,OK
2025-01-01 08:00:00,SITE_COM_001,1.296,228.0,49.99,OK
2025-01-18T05:00:00,SITE_RES_002,0.277,232.1,49.86,OK
2025-01-15T16:00:00,SITE_COM_002,1.032,218.8,49.85,OK
2025-01-23 03:00:00,SITE_COM_001,0.467,225.6,50.05,OK
2025-01-15T20:00:00,SITE_COM_001,0.488,226.6,50.14,OK
2025-01-29T11:00:00,SITE_RES_001,0.319,226.3,50.02,OK
25/01/2025 18:00:00,SITE_RES_001,0.603,228.2,50.0,OK
07/01/2025 05:00:00,SITE_COM_001,-777,223.5,49.86,ERROR
2025-01-21T03:00:00,SITE_RES_002,0.254,229.7,49.85,OK
2025-01-27T15:00:00,SITE_RES_001,0.326,241.4,50.11,OK
2025-01-03T03:00:00,SITE_COM_002,0.392,231.0,49.87,OK
2025-01-02T04:00:00,SITE_RES_001,0.341,232.8,50.01,OK
2025-01-21T03:00:00,SITE_RES_001,0.305,228.8,50.14,OK
2025-01-01T16:00:00,SITE_RES_001,0.336,232.0,50.01,OK
2025-01-22T06:00:00,SITE_COM_002,0.378,229.3,50.04,OK
2025-01-28T15:00:00,SITE_RES_002,0.219,239.6,50.11,OK
2025-01-15T15:00:00,SITE_COM_001,1.335,233.0,50.3,OK
03/01/2025 15:00:00,SITE_IND_002,2.146,229.6,49.97,OK
2025-01-19T15:00:00,SITE_RES_002,0.261,225.2,49.97,OK
2025-01-06T09:00:00,SITE_RES_002,0.254,236.9,49.98,OK
2025-01-04T05:00:00,SITE_IND_001,1.112,235.5,49.8,OK
2025-01-11T14:00:00,SITE_RES_002,0.277,221.9,49.87,OK
2025-01-17 02:00:00,SITE_COM_001,0.458,229.2,49.99,OK
12/01/2025 19:00:00,SITE_RES_002,0.42,232.7,50.06,OK
2025-01-14T20:00:00,SITE_IND_001,-999,231.0,49.78,ERROR
2025-01-11T11:00:00,SITE_COM_001,0.874,225.6,50.03,OK
2025-01-04 17:00:00,SITE_IND_002,1.295,232.0,49.93,OK
2025-01-19T04:00:00,SITE_IND_001,1.138,234.6,49.86,OK
2025-01-27 14:00:00,SITE_RES_002,0.221,231.6,50.03,OK
2025-01-15T21:00:00,SITE_RES_001,0.502,230.5,49.97,OK
2025-01-09T06:00:00,SITE_COM_001,0.489,222.8,50.23,OK
28/01/2025 02:00:00,SITE_IND_002,-999,230.0,50.13,ERROR
2025-01-22 22:00:00,SITE_IND_001,1.871,235.6,49.94,OK
2025-01-21T13:00:00,SITE_RES_002,0.249,228.9,49.94,OK
2025-01-15T11:00:00,SITE_IND_001,2.783,228.8,49.87,OK
2025-01-23 18:00:00,SITE_IND_001,2.933,232.9,49.93,OK
2025-01-18 13:00:00,SITE_RES_001,0.347,227.6,50.1,OK
2025-01-25T13:00:00,SITE_RES_002,,234.0,49.95,ERROR
2025-01-10T17:00:00,SITE_IND_002,-888,231.4,50.22,ERROR
01/01/2025 00:00:00,SITE_IND_002,1.147,228.8,50.08,OK
2025-01-24 19:00:00,SITE_RES_002,0.392,236.9,50.02,OK
2025-01-15T11:00:00,SITE_COM_001,-999,226.0,50.03,ERROR
2025-01-16T05:00:00,SITE_RES_002,0.257,232.9,50.01,OK
2025-01-24T10:00:00,SITE_RES_001,0.302,229.1,50.0,OK
2025-01-17T16:00:00,SITE_IND_002,2.094,226.9,50.04,OK
2025-01-19T06:00:00,SITE_RES_001,0.386,230.6,50.34,OK
2025-01-03T04:00:00,SITE_RES_001,0.33,227.1,50.09,OK
2025-01-10 05:00:00,SITE_RES_002,0.222,232.7,49.93,OK
2025-01-10 01:00:00,SITE_IND_001,1.626,224.9,49.97,OK
2025-01-10T23:00:00,SITE_RES_001,0.327,223.7,50.06,OK
2025-01-07T23:00:00,SITE_COM_001,0.471,236.9,49.83,OK
2025-01-16 03:00:00,SITE_RES_001,0.329,228.2,50.04,OK
2025-01-04T10:00:00,SITE_IND_001,1.909,234.8,49.83,OK
2025-01-20T06:00:00,SITE_COM_001,0.511,237.5,49.75,OK
2025-01-29T21:00:00,SITE_IND_001,-999,231.5,50.03,ERROR
09/01/2025 14:00:00,SITE_RES_001,0.301,229.5,49.98,OK
2025-01-19 10:00:00,SITE_COM_002,0.63,229.0,50.04,OK
2025-01-16T16:00:00,SITE_IND_002,1.967,228.6,50.17,OK
2025-01-14T09:00:00,SITE_COM_002,0.989,230.9,50.09,OK
2025-01-19T01:00:00,SITE_RES_002,0.295,229.3,49.97,OK
2025-01-12 01:00:00,SITE_IND_002,-777,231.5,50.1,ERROR
2025-01-10 04:00:00,SITE_RES_001,0.324,231.6,50.04,OK
2025-01-03T18:00:00,SITE_IND_002,-999,223.8,50.01,ERROR
2025-01-08T21:00:00,SITE_RES_002,0.427,228.2,50.05,OK
2025-01-21T04:00:00,SITE_IND_002,1.129,232.7,50.19,OK
2025-01-11T15:00:00,SITE_RES_001,0.369,231.8,50.12,OK
2025-01-15T22:00:00,SITE_RES_001,0.324,222.5,49.9,OK
2025-01-16T17:00:00,SITE_RES_001,0.327,227.2,49.88,OK
2025-01-12T01:00:00,SITE_IND_001,1.136,231.5,50.02,OK
2025-01-14T04:00:00,SITE_IND_001,,228.9,49.86,ERROR
2025-01-19T11:00:00,SITE_RES_001,-888,235.1,50.05,ERROR
2025-01-23T12:00:00,SITE_IND_002,2.092,224.1,49.82,OK
2025-01-22T18:00:00,SITE_COM_002,0.977,224.5,50.07,OK
2025-01-14T16:00:00,SITE_IND_002,,229.5,50.08,ERROR
2025-01-29T21:00:00,SITE_IND_002,1.329,233.2,50.19,OK
2025-01-18T03:00:00,SITE_IND_002,0.745,233.0,49.85,OK
28/01/2025 12:00:00,SITE_RES_002,0.264,227.1,50.14,OK
2025-01-23T04:00:00,SITE_COM_002,0.371,229.6,50.0,OK
2025-01-10T00:00:00,SITE_IND_001,,231.0,49.9,ERROR
2025-01-15 17:00:00,SITE_RES_002,0.222,232.9,49.86,OK
2025-01-29T07:00:00,SITE_RES_002,0.411,221.4,49.93,OK
30/01/2025 16:00:00,SITE_COM_002,1.044,228.2,49.96,OK
20/01/2025 08:00:00,SITE_IND_001,3.154,233.6,50.21,OK
2025-01-21T01:00:00,SITE_RES_001,0.318,233.9,50.08,OK
2025-01-15T10:00:00,SITE_COM_002,1.036,222.2,49.95,OK
2025-01-08T00:00:00,SITE_COM_002,0.372,228.4,49.97,OK
12/01/2025 04:00:00,SITE_COM_002,0.249,228.1,50.08,OK
2025-01-07T04:00:00,SITE_RES_002,0.223,227.2,49.9,OK
2025-01-18T10:00:00,SITE_RES_001,0.372,236.1,49.93,OK
2025-01-15 14:00:00,SITE_IND_002,2.032,226.5,49.89,OK
2025-01-08 20:00:00,SITE_IND_002,2.243,228.8,49.91,OK
2025-01-28T16:00:00,SITE_IND_002,,222.6,49.95,ERROR
2025-01-16T02:00:00,SITE_IND_002,1.219,234.9,49.98,OK
2025-01-23T11:00:00,SITE_COM_001,1.267,224.3,50.01,OK
2025-01-06T17:00:00,SITE_RES_002,0.243,233.9,49.96,OK
2025-01-11T07:00:00,SITE_IND_002,1.262,235.2,50.03,OK
2025-01-18T03:00:00,SITE_COM_002,0.264,230.7,49.88,OK
2025-01-06T22:00:00,SITE_RES_002,0.243,233.1,50.12,OK
2025-01-19T00:00:00,SITE_COM_002,0.241,229.6,50.06,OK
2025-01-04T17:00:00,SITE_COM_002,0.724,233.1,50.13,OK
29/01/2025 19:00:00,SITE_IND_001,3.298,229.6,49.95,OK
2025-01-23T07:00:00,SITE_RES_001,0.479,231.0,49.93,OK
2025-01-06T19:00:00,SITE_COM_002,0.9,231.9,50.11,OK
2025-01-08T08:00:00,SITE_IND_002,2.301,235.9,49.9,OK
2025-01-18T13:00:00,SITE_IND_001,1.865,238.0,50.22,OK
2025-01-07T13:00:00,SITE_IND_001,2.991,228.3,49.68,OK
2025-01-11T06:00:00,SITE_IND_001,1.861,229.6,49.71,OK
2025-01-24 15:00:00,SITE_IND_002,2.149,227.2,50.2,OK
2025-01-03T14:00:00,SITE_RES_001,0.327,227.7,49.92,OK
2025-01-18T23:00:00,SITE_COM_002,0.247,224.8,49.98,OK
2025-01-01T19:00:00,SITE_COM_002,1.038,232.0,50.31,OK
2025-01-03 18:00:00,SITE_RES_002,0.418,224.8,49.94,OK
2025-01-08T03:00:00,SITE_COM_002,0.343,231.5,49.99,OK
2025-01-23 09:00:00,SITE_RES_002,0.24,225.7,49.79,OK
2025-01-22T11:00:00,SITE_RES_001,0.319,231.2,49.86,OK
26/01/2025 07:00:00,SITE_IND_002,1.17,228.7,49.66,OK
18/01/2025 18:00:00,SITE_COM_001,0.979,232.0,50.03,OK
2025-01-04T23:00:00,SITE_COM_001,,233.4,50.08,ERROR
2025-01-28T08:00:00,SITE_RES_002,0.352,228.1,49.85,OK
2025-01-15T03:00:00,SITE_COM_002,0.387,232.1,49.94,OK
15/01/2025 00:00:00,SITE_RES_001,0.296,227.5,50.15,OK
2025-01-10T05:00:00,SITE_RES_001,0.345,234.8,49.95,OK
2025-01-29T08:00:00,SITE_IND_002,1.897,229.6,50.0,OK
05/01/2025 02:00:00,SITE_COM_002,0.262,230.7,49.94,OK
2025-01-14T06:00:00,SITE_IND_001,2.795,227.7,50.07,OK
2025-01-04 02:00:00,SITE_IND_002,0.796,229.1,49.91,OK
2025-01-16T05:00:00,SITE_COM_002,0.346,229.0,50.0,OK
2025-01-09T22:00:00,SITE_IND_001,1.836,228.3,50.02,OK
2025-01-04T21:00:00,SITE_IND_001,1.101,228.2,49.9,OK
2025-01-06 09:00:00,SITE_IND_002,2.0,227.3,49.99,OK
2025-01-18T08:00:00,SITE_IND_002,1.313,231.4,49.92,OK
09/01/2025 19:00:00,SITE_RES_001,0.56,225.4,50.07,OK
2025-01-01T02:00:00,SITE_RES_002,0.228,231.8,49.85,OK
2025-01-21T22:00:00,SITE_RES_001,0.345,229.5,49.99,OK
2025-01-06T12:00:00,SITE_RES_002,0.245,231.3,50.04,OK
2025-01-13T08:00:00,SITE_IND_002,2.058,227.3,50.13,OK
2025-01-29T03:00:00,SITE_COM_001,2.617,233.6,49.9,OK
2025-01-11T20:00:00,SITE_COM_001,0.378,226.1,50.07,OK
21/01/2025 12:00:00,SITE_IND_001,2.849,228.2,50.08,OK
25/01/2025 05:00:00,SITE_RES_001,0.4,226.6,50.31,OK
2025-01-11T12:00:00,SITE_IND_002,-888,234.2,49.82,ERROR
2025-01-26T09:00:00,SITE_IND_001,1.65,236.6,50.04,OK
2025-01-08 04:00:00,SITE_COM_001,0.485,224.1,49.87,OK
2025-01-02T03:00:00,SITE_IND_001,-777,237.8,49.93,ERROR
2025-01-15 12:00:00,SITE_RES_002,0.248,222.1,50.07,OK
2025-01-27 18:00:00,SITE_RES_002,0.407,228.0,50.06,OK
2025-01-13T09:00:00,SITE_COM_001,1.351,235.3,49.86,OK
2025-01-10T20:00:00,SITE_RES_002,0.377,228.9,50.01,OK
2025-01-05T05:00:00,SITE_IND_001,1.112,230.8,50.04,OK
20/01/2025 10:00:00,SITE_COM_001,1.297,230.6,50.04,OK
24/01/2025 03:00:00,SITE_IND_002,1.277,229.6,50.0,OK
2025-01-26T06:00:00,SITE_RES_001,0.369,228.3,50.18,OK
2025-01-06 08:00:00,SITE_COM_001,1.283,222.2,50.0,OK
2025-01-17T09:00:00,SITE_COM_001,1.333,228.5,49.98,OK
2025-01-21T17:00:00,SITE_IND_002,2.108,224.8,50.12,OK
2025-01-22T20:00:00,SITE_COM_002,0.366,226.6,50.02,OK
2025-01-23T06:00:00,SITE_COM_001,0.51,233.7,50.16,OK
09/01/2025 22:00:00,SITE_COM_001,0.458,230.7,49.82,OK
23/01/2025 03:00:00,SITE_RES_002,0.224,229.8,50.27,OK
2025-01-24T16:00:00,SITE_COM_002,1.0,230.3,49.99,OK
2025-01-13T10:00:00,SITE_COM_002,1.006,233.1,50.17,OK
2025-01-24T16:00:00,SITE_RES_002,0.256,232.9,50.0,OK
2025-01-05T12:00:00,SITE_IND_001,1.683,234.7,49.96,OK
2025-01-04T08:00:00,SITE_COM_002,0.641,231.3,50.03,OK
2025-01-07T13:00:00,SITE_RES_001,0.291,226.6,49.9,OK
2025-01-29T09:00:00,SITE_COM_002,1.046,227.6,50.01,OK
2025-01-23T14:00:00,SITE_RES_002,,229.2,50.02,ERROR
2025-01-01T21:00:00,SITE_COM_001,0.498,236.7,49.96,OK
2025-01-07T05:00:00,SITE_COM_002,0.393,233.9,50.01,OK
2025-01-13T03:00:00,SITE_IND_001,1.808,233.8,50.03,OK
2025-01-16T18:00:00,SITE_COM_001,1.238,227.4,49.96,OK
2025-01-05T21:00:00,SITE_RES_002,0.473,227.6,50.12,OK
2025-01-20T11:00:00,SITE_RES_001,0.321,235.2,49.99,OK
2025-01-07T04:00:00,SITE_IND_002,1.275,227.0,49.82,OK
2025-01-12T07:00:00,SITE_COM_002,0.24,230.9,50.13,OK
2025-01-11 09:00:00,SITE_COM_002,0.656,229.6,49.87,OK
2025-01-15T23:00:00,SITE_RES_001,0.334,231.0,50.03,OK
2025-01-05T08:00:00,SITE_IND_001,1.708,222.3,50.04,OK
05/01/2025 06:00:00,SITE_IND_002,1.253,233.5,49.88,OK
01/01/2025 10:00:00,SITE_COM_001,-888,236.9,49.93,ERROR
2025-01-11T02:00:00,SITE_IND_001,1.063,232.4,49.96,OK
2025-01-13T07:00:00,SITE_COM_001,0.503,235.4,49.91,OK
22/01/2025 02:00:00,SITE_IND_001,1.857,234.4,49.92,OK
2025-01-16T21:00:00,SITE_IND_001,1.71,227.1,49.96,OK
16/01/2025 00:00:00,SITE_RES_002,0.26,230.2,50.03,OK
2025-01-20T19:00:00,SITE_COM_001,-999,237.0,49.87,ERROR
2025-01-08T03:00:00,SITE_RES_001,0.349,226.9,50.08,OK
2025-01-28T03:00:00,SITE_COM_002,-888,228.3,50.01,ERROR
2025-01-17 17:00:00,SITE_IND_001,,232.8,49.87,ERROR
2025-01-27T12:00:00,SITE_IND_001,3.275,231.8,50.18,OK
19/01/2025 10:00:00,SITE_RES_001,0.365,228.7,49.89,OK
2025-01-30T11:00:00,SITE_RES_001,0.301,232.5,50.06,OK
22/01/2025 16:00:00,SITE_RES_001,0.326,229.1,50.01,OK
2025-01-19T00:00:00,SITE_RES_002,0.288,222.5,50.18,OK
2025-01-15T01:00:00,SITE_RES_002,0.245,230.1,50.01,OK
2025-01-27T06:00:00,SITE_COM_001,0.531,225.2,50.01,OK
2025-01-09T09:00:00,SITE_IND_001,-777,233.0,50.12,ERROR
2025-01-30T02:00:00,SITE_RES_002,0.249,223.9,50.03,OK
19/01/2025 18:00:00,SITE_COM_002,0.653,232.6,50.23,OK
09/01/2025 16:00:00,SITE_RES_001,0.303,232.9,49.79,OK
2025-01-23 01:00:00,SITE_COM_002,0.365,224.2,50.04,OK
2025-01-05 13:00:00,SITE_IND_002,1.176,230.4,49.86,OK
2025-01-30T02:00:00,SITE_COM_002,0.354,224.8,50.01,OK
2025-01-10 07:00:00,SITE_RES_001,0.492,231.3,49.93,OK
2025-01-18 20:00:00,SITE_COM_002,0.266,234.2,49.9,OK
2025-01-29T21:00:00,SITE_COM_002,0.344,232.8,50.21,OK
2025-01-21T07:00:00,SITE_COM_001,0.488,229.8,49.76,OK
2025-01-27T21:00:00,SITE_COM_002,0.399,221.4,50.09,OK
2025-01-11T03:00:00,SITE_COM_002,0.283,230.4,50.01,OK
2025-01-06T12:00:00,SITE_IND_001,2.712,231.2,50.05,OK
2025-01-02T18:00:00,SITE_COM_001,1.397,235.5,50.1,OK
2025-01-25T19:00:00,SITE_RES_001,0.635,222.6,49.7,OK
2025-01-23T01:00:00,SITE_RES_002,0.241,229.1,49.88,OK
2025-01-13T16:00:00,SITE_IND_002,2.107,230.3,50.07,OK
2025-01-25T12:00:00,SITE_IND_001,1.794,225.8,50.02,OK
21/01/2025 01:00:00,SITE_IND_002,1.318,229.0,49.8,OK
2025-01-28T18:00:00,SITE_IND_002,1.908,235.3,50.15,OK
2025-01-29T18:00:00,SITE_IND_001,3.018,230.3,50.14,OK
2025-01-12T06:00:00,SITE_RES_001,0.387,232.6,50.09,OK
2025-01-21T19:00:00,SITE_RES_001,0.487,225.4,50.17,OK
2025-01-19T11:00:00,SITE_RES_002,0.266,230.6,50.01,OK
2025-01-14T14:00:00,SITE_COM_002,0.914,228.9,49.74,OK
13/01/2025 21:00:00,SITE_COM_002,0.395,228.7,50.11,OK
2025-01-24T00:00:00,SITE_COM_001,0.491,234.6,49.86,OK
09/01/2025 22:00:00,SITE_COM_002,0.348,228.0,50.02,OK
2025-01-01T02:00:00,SITE_RES_001,0.32,231.2,49.96,OK
2025-01-13T12:00:00,SITE_IND_001,3.207,230.2,50.16,OK
18/01/2025 17:00:00,SITE_COM_001,0.99,243.8,49.94,OK
2025-01-19T09:00:00,SITE_RES_002,0.264,227.0,49.92,OK
2025-01-18 05:00:00,SITE_COM_001,0.344,232.3,50.11,OK
17/01/2025 15:00:00,SITE_IND_002,-888,228.6,50.05,ERROR
2025-01-17 16:00:00,SITE_IND_001,3.265,233.3,50.15,OK
2025-01-14 02:00:00,SITE_RES_001,0.336,225.3,50.02,OK
2025-01-24T13:00:00,SITE_RES_002,0.249,220.1,50.13,OK
01/01/2025 14:00:00,SITE_COM_001,1.305,227.7,49.93,OK
2025-01-17T11:00:00,SITE_RES_001,0.299,234.9,50.13,OK
2025-01-10T14:00:00,SITE_COM_001,1.283,229.0,50.02,OK
2025-01-11T13:00:00,SITE_IND_001,1.835,237.0,50.03,OK
2025-01-06T09:00:00,SITE_COM_001,1.388,226.8,49.98,OK
2025-01-11 18:00:00,SITE_COM_001,0.943,231.9,49.87,OK
2025-01-25T20:00:00,SITE_IND_002,1.271,227.6,49.88,OK
2025-01-25 03:00:00,SITE_IND_001,1.058,228.9,49.96,OK
2025-01-12T14:00:00,SITE_RES_001,0.39,238.4,50.03,OK
2025-01-29T23:00:00,SITE_IND_002,1.182,231.9,50.17,OK
2025-01-07T00:00:00,SITE_RES_001,0.32,235.7,49.7,OK
2025-01-05 02:00:00,SITE_IND_002,0.68,229.6,50.22,OK
2025-01-16T10:00:00,SITE_RES_001,0.333,228.9,49.99,OK
2025-01-29 23:00:00,SITE_RES_002,0.249,226.1,49.95,OK
2025-01-01T09:00:00,SITE_RES_001,0.298,232.0,50.08,OK
2025-01-22T15:00:00,SITE_RES_002,0.253,230.3,49.91,OK
2025-01-02T11:00:00,SITE_RES_001,0.301,228.6,50.12,OK
2025-01-18T13:00:00,SITE_COM_002,0.75,236.3,50.06,OK
2025-01-10 17:00:00,SITE_RES_002,0.216,226.2,49.86,OK
2025-01-12T20:00:00,SITE_COM_001,0.321,225.3,50.14,OK
03/01/2025 23:00:00,SITE_COM_001,0.481,225.2,50.17,OK
2025-01-09T18:00:00,SITE_RES_001,0.473,231.9,50.07,OK
2025-01-20T17:00:00,SITE_COM_002,0.92,229.0,49.72,OK
2025-01-07 22:00:00,SITE_IND_002,1.114,231.1,50.06,OK
2025-01-16T09:00:00,SITE_COM_001,1.37,229.8,49.99,OK
20/01/2025 13:00:00,SITE_RES_001,0.305,234.0,50.05,OK
2025-01-04T02:00:00,SITE_RES_001,0.355,225.9,49.94,OK
29/01/2025 10:00:00,SITE_COM_002,0.912,230.5,49.99,OK
2025-01-10 10:00:00,SITE_IND_001,2.865,224.4,49.93,OK
16/01/2025 04:00:00,SITE_RES_001,0.34,228.1,50.02,OK
2025-01-29T14:00:00,SITE_RES_001,0.343,229.5,49.98,OK
2025-01-21 09:00:00,SITE_RES_002,0.222,232.4,49.91,OK
2025-01-13T02:00:00,SITE_RES_001,0.331,228.0,50.13,OK
04/01/2025 01:00:00,SITE_COM_001,0.317,231.1,49.92,OK
2025-01-12T03:00:00,SITE_COM_001,0.359,228.7,50.2,OK
02/01/2025 22:00:00,SITE_COM_001,0.537,231.5,50.0,OK
2025-01-03T12:00:00,SITE_RES_001,0.294,231.9,50.0,OK
2025-01-20T08:00:00,SITE_COM_002,0.964,222.9,50.16,OK
2025-01-25 23:00:00,SITE_RES_001,0.374,235.5,49.99,OK
2025-01-12T00:00:00,SITE_COM_002,0.244,235.5,49.97,OK
2025-01-09T06:00:00,SITE_COM_002,0.398,217.8,50.0,OK
2025-01-25T19:00:00,SITE_RES_002,-999,234.9,50.18,ERROR
2025-01-11T02:00:00,SITE_COM_001,0.328,232.6,50.18,OK
2025-01-11T00:00:00,SITE_RES_001,0.376,223.3,50.29,OK
2025-01-13 10:00:00,SITE_IND_001,2.769,233.5,50.01,OK
2025-01-13 05:00:00,SITE_RES_001,0.343,230.7,50.0,OK
2025-01-12T05:00:00,SITE_IND_002,,229.2,49.98,ERROR
2025-01-22T10:00:00,SITE_RES_002,0.234,227.9,49.91,OK
2025-01-14T07:00:00,SITE_RES_001,0.512,232.2,50.01,OK
2025-01-29T08:00:00,SITE_RES_002,0.37,235.0,50.21,OK
2025-01-14T15:00:00,SITE_COM_002,0.974,232.6,49.86,OK
2025-01-10T06:00:00,SITE_IND_001,2.907,225.1,49.91,OK
09/01/2025 12:00:00,SITE_RES_001,0.333,231.5,49.97,OK
2025-01-06T21:00:00,SITE_RES_002,0.362,231.1,49.85,OK
2025-01-02T06:00:00,SITE_IND_001,3.158,223.3,49.95,OK
2025-01-26T02:00:00,SITE_RES_001,0.392,229.7,50.04,OK
2025-01-25T14:00:00,SITE_RES_001,0.396,219.9,50.02,OK
2025-01-25T12:00:00,SITE_IND_002,1.232,227.7,49.96,OK
2025-01-06T03:00:00,SITE_IND_001,1.728,233.6,50.02,OK
2025-01-04 14:00:00,SITE_RES_002,0.276,236.0,49.9,OK
2025-01-15T21:00:00,SITE_COM_001,0.501,236.3,50.06,OK
2025-01-29T08:00:00,SITE_COM_001,1.362,227.5,49.96,OK
2025-01-08 19:00:00,SITE_RES_002,0.381,230.8,50.12,OK
2025-01-10 20:00:00,SITE_IND_002,2.012,231.7,50.02,OK
2025-01-11T09:00:00,SITE_IND_002,1.386,223.2,50.04,OK
2025-01-20T12:00:00,SITE_IND_001,2.881,229.9,49.98,OK
2025-01-01T23:00:00,SITE_COM_002,-999,230.6,50.09,ERROR
2025-01-08T10:00:00,SITE_COM_001,1.294,229.7,49.91,OK
2025-01-24T00:00:00,SITE_IND_001,1.813,229.1,49.96,OK
2025-01-28 10:00:00,SITE_COM_001,1.422,224.7,49.97,OK
2025-01-18 14:00:00,SITE_RES_001,0.339,227.2,49.9,OK
2025-01-12 00:00:00,SITE_RES_001,0.358,234.5,49.91,OK
2025-01-15T05:00:00,SITE_RES_002,0.25,225.7,50.03,OK
27/01/2025 23:00:00,SITE_RES_001,0.292,238.1,49.97,OK
2025-01-24 00:00:00,SITE_IND_002,1.329,229.5,49.85,OK
2025-01-07T12:00:00,SITE_IND_001,3.022,230.2,49.92,OK
2025-01-24 13:00:00,SITE_IND_001,3.269,227.3,50.15,OK
2025-01-20T20:00:00,SITE_COM_002,0.395,230.1,50.1,OK
2025-01-26T09:00:00,SITE_RES_001,0.337,228.3,49.97,OK
2025-01-05T03:00:00,SITE_IND_002,0.688,228.5,49.9,OK
2025-01-07T19:00:00,SITE_COM_001,1.314,226.3,50.28,OK
2025-01-16T04:00:00,SITE_COM_002,0.411,228.2,49.84,OK
2025-01-30T23:00:00,SITE_IND_001,1.745,234.0,49.93,OK
2025-01-04T01:00:00,SITE_IND_002,0.784,231.6,49.92,OK
2025-01-01T00:00:00,SITE_COM_001,0.458,234.8,49.87,OK
14/01/2025 12:00:00,SITE_COM_002,1.008,232.1,50.21,OK
2025-01-04T10:00:00,SITE_IND_002,1.364,226.7,49.87,OK
2025-01-08T07:00:00,SITE_RES_002,-999,227.0,50.03,ERROR
19/01/2025 08:00:00,SITE_RES_001,0.587,232.1,50.0,OK
2025-01-05 00:00:00,SITE_RES_001,0.336,228.1,50.04,OK
2025-01-04T15:00:00,SITE_IND_002,1.347,225.9,50.12,OK
2025-01-16T15:00:00,SITE_IND_001,3.108,232.1,49.98,OK
2025-01-28T00:00:00,SITE_IND_002,-777,230.3,49.92,ERROR
2025-01-10T03:00:00,SITE_IND_002,1.124,236.7,50.07,OK
2025-01-11 18:00:00,SITE_IND_001,1.858,230.7,50.0,OK
2025-01-27T17:00:00,SITE_RES_001,0.351,226.7,49.96,OK
04/01/2025 22:00:00,SITE_COM_001,0.348,228.9,49.93,OK
2025-01-09T15:00:00,SITE_IND_001,-777,235.6,49.82,ERROR
2025-01-05T14:00:00,SITE_COM_001,0.897,233.4,49.94,OK
2025-01-28T02:00:00,SITE_IND_001,-777,233.4,49.98,ERROR
2025-01-14T22:00:00,SITE_IND_001,-999,228.6,50.19,ERROR
2025-01-07 12:00:00,SITE_RES_002,0.255,230.9,49.88,OK
16/01/2025 15:00:00,SITE_IND_002,2.202,231.5,49.88,OK
2025-01-05T23:00:00,SITE_IND_002,0.721,230.9,50.19,OK
2025-01-12T21:00:00,SITE_IND_002,0.676,233.0,50.1,OK
2025-01-08T02:00:00,SITE_IND_001,1.806,231.4,50.06,OK
2025-01-06T23:00:00,SITE_IND_002,1.333,232.2,50.1,OK
2025-01-23T22:00:00,SITE_COM_002,-888,224.4,49.92,ERROR
30/01/2025 20:00:00,SITE_IND_001,2.868,231.7,50.06,OK
23/01/2025 10:00:00,SITE_COM_001,1.298,238.5,49.87,OK
2025-01-23 03:00:00,SITE_IND_001,1.671,230.7,50.0,OK
2025-01-16 20:00:00,SITE_RES_001,,226.2,49.78,ERROR
2025-01-12T23:00:00,SITE_IND_002,0.689,228.2,49.8,OK
2025-01-27T09:00:00,SITE_IND_001,3.04,226.3,50.01,OK
2025-01-03T10:00:00,SITE_COM_001,,230.7,50.04,ERROR
2025-01-07T20:00:00,SITE_RES_001,0.527,236.9,49.8,OK
2025-01-24T09:00:00,SITE_IND_002,-777,227.3,49.99,ERROR
2025-01-05T12:00:00,SITE_COM_002,0.699,225.9,49.84,OK
2025-01-23T23:00:00,SITE_RES_002,0.227,230.6,49.99,OK
02/01/2025 08:00:00,SITE_COM_001,1.319,233.1,50.12,OK
2025-01-13T14:00:00,SITE_IND_002,2.159,227.5,50.03,OK
11/01/2025 00:00:00,SITE_RES_002,0.282,231.2,50.08,OK
2025-01-25T17:00:00,SITE_RES_002,0.294,228.1,50.08,OK
2025-01-04T13:00:00,SITE_RES_001,-999,232.6,50.22,ERROR
29/01/2025 09:00:00,SITE_IND_001,3.241,233.1,50.2,OK
2025-01-08T12:00:00,SITE_IND_001,2.755,237.4,49.95,OK
2025-01-24T22:00:00,SITE_RES_001,0.318,239.0,49.97,OK
2025-01-15T12:00:00,SITE_COM_001,1.276,230.9,50.25,OK
2025-01-07T13:00:00,SITE_COM_002,0.911,234.0,49.92,OK
2025-01-25T23:00:00,SITE_RES_002,0.256,232.6,49.89,OK
2025-01-05T03:00:00,SITE_RES_001,0.393,239.3,50.13,OK
2025-01-22T07:00:00,SITE_COM_001,0.483,224.5,49.81,OK
2025-01-18T04:00:00,SITE_RES_002,0.303,229.5,49.98,OK
14/01/2025 13:00:00,SITE_COM_001,1.279,225.4,49.93,OK
2025-01-06T18:00:00,SITE_IND_002,2.169,231.8,50.1,OK
26/01/2025 18:00:00,SITE_RES_002,0.472,224.4,50.1,OK
13/01/2025 07:00:00,SITE_IND_001,3.2,230.5,49.96,OK
16/01/2025 03:00:00,SITE_IND_001,1.59,234.4,49.94,OK
2025-01-13T06:00:00,SITE_COM_001,0.524,230.4,49.99,OK
2025-01-27T01:00:00,SITE_IND_001,1.842,227.9,49.88,OK
07/01/2025 07:00:00,SITE_COM_002,0.397,227.4,50.05,OK
2025-01-02T21:00:00,SITE_COM_001,0.509,232.3,50.04,OK
2025-01-03T13:00:00,SITE_IND_002,2.034,226.7,50.06,OK
2025-01-27T15:00:00,SITE_IND_001,2.799,227.3,50.06,OK
2025-01-23T12:00:00,SITE_RES_001,0.296,234.9,49.83,OK
2025-01-28T04:00:00,SITE_RES_001,0.338,227.6,50.09,OK
2025-01-03T08:00:00,SITE_COM_001,1.317,233.8,49.88,OK
2025-01-21T03:00:00,SITE_COM_002,0.357,227.5,49.89,OK
20/01/2025 11:00:00,SITE_RES_002,0.246,234.9,49.92,OK
2025-01-23T13:00:00,SITE_RES_001,-999,230.1,50.07,ERROR
04/01/2025 20:00:00,SITE_RES_001,0.653,233.2,49.97,OK
2025-01-17T09:00:00,SITE_RES_001,0.351,231.7,49.97,OK
18/01/2025 22:00:00,SITE_COM_002,0.244,232.5,49.82,OK
2025-01-08T06:00:00,SITE_RES_002,0.251,230.6,50.1,OK
2025-01-03T18:00:00,SITE_COM_001,1.296,225.3,50.22,OK
2025-01-13T11:00:00,SITE_IND_002,1.917,230.3,50.05,OK
2025-01-01T23:00:00,SITE_IND_001,1.852,228.7,50.02,OK
2025-01-02T22:00:00,SITE_IND_002,1.266,233.2,50.06,OK
2025-01-05T10:00:00,SITE_RES_001,0.404,223.8,50.17,OK
2025-01-16T10:00:00,SITE_IND_002,2.071,229.2,50.08,OK
2025-01-14 11:00:00,SITE_COM_001,1.403,232.1,49.95,OK
03/01/2025 09:00:00,SITE_RES_001,0.309,230.8,49.98,OK
2025-01-05T15:00:00,SITE_RES_001,0.362,224.8,49.82,OK
2025-01-24T22:00:00,SITE_COM_002,0.403,230.7,49.74,OK
2025-01-25 19:00:00,SITE_COM_002,0.672,233.1,50.16,OK
2025-01-05T05:00:00,SITE_RES_002,0.279,235.5,49.81,OK
2025-01-19 12:00:00,SITE_COM_001,0.972,224.3,49.99,OK
2025-01-07T10:00:00,SITE_IND_002,2.255,234.1,50.06,OK
2025-01-27T19:00:00,SITE_RES_002,0.424,229.5,49.95,OK
2025-01-03T17:00:00,SITE_COM_001,1.384,234.8,50.01,OK
2025-01-10T19:00:00,SITE_RES_001,-999,230.4,50.12,ERROR
2025-01-11T20:00:00,SITE_IND_001,1.887,223.5,49.97,OK
2025-01-18T02:00:00,SITE_IND_001,1.001,230.0,50.05,OK
2025-01-15 23:00:00,SITE_IND_001,1.691,234.8,50.04,OK
2025-01-26T22:00:00,SITE_RES_002,0.268,224.9,49.94,OK
02/01/2025 17:00:00,SITE_COM_001,1.267,229.2,50.11,OK
2025-01-10T04:00:00,SITE_COM_002,0.353,239.4,50.15,OK
03/01/2025 12:00:00,SITE_IND_001,2.952,225.8,49.93,OK
2025-01-03T13:00:00,SITE_RES_001,0.351,233.1,49.88,OK
2025-01-10T02:00:00,SITE_IND_002,1.285,232.5,50.11,OK
2025-01-13 05:00:00,SITE_IND_001,1.664,229.8,50.01,OK
2025-01-05 05:00:00,SITE_RES_001,0.342,224.4,50.06,OK
2025-01-16T03:00:00,SITE_COM_002,0.353,224.9,50.16,OK
2025-01-18T22:00:00,SITE_IND_002,0.787,237.4,50.03,OK
2025-01-22 17:00:00,SITE_RES_001,0.304,228.6,49.88,OK
29/01/2025 05:00:00,SITE_RES_002,,231.1,50.01,ERROR
2025-01-27T21:00:00,SITE_RES_001,0.562,230.7,50.07,OK
2025-01-17 01:00:00,SITE_COM_002,0.361,232.3,50.03,OK
08/01/2025 22:00:00,SITE_RES_001,0.3,226.9,50.06,OK
22/01/2025 08:00:00,SITE_RES_002,0.42,225.7,50.15,OK
2025-01-23T13:00:00,SITE_IND_001,3.221,233.5,49.91,OK
2025-01-30T02:00:00,SITE_RES_001,0.297,232.0,50.3,OK
2025-01-21T05:00:00,SITE_COM_001,0.483,227.1,50.03,OK
2025-01-15T18:00:00,SITE_IND_001,3.099,239.3,50.17,OK
2025-01-21T15:00:00,SITE_COM_001,1.351,233.8,49.81,OK
10/01/2025 15:00:00,SITE_IND_002,2.288,227.8,50.19,OK
2025-01-05T08:00:00,SITE_RES_002,0.457,232.7,49.96,OK
03/01/2025 16:00:00,SITE_IND_001,-888,230.7,50.09,ERROR
2025-01-10T18:00:00,SITE_IND_001,3.019,236.4,49.88,OK
2025-01-15T22:00:00,SITE_RES_002,0.263,232.4,50.07,OK
27/01/2025 19:00:00,SITE_IND_002,2.278,229.3,50.12,OK
2025-01-20T11:00:00,SITE_COM_002,0.999,235.2,49.95,OK
11/01/2025 19:00:00,SITE_RES_001,0.554,233.2,49.96,OK
2025-01-19T04:00:00,SITE_IND_002,0.763,222.3,49.88,OK
2025-01-26T11:00:00,SITE_RES_001,0.382,224.4,49.91,OK
2025-01-22T00:00:00,SITE_COM_002,0.386,233.1,50.11,OK
2025-01-29T15:00:00,SITE_COM_001,-777,227.3,50.06,ERROR
08/01/2025 02:00:00,SITE_COM_001,0.491,233.4,49.84,OK
2025-01-16 01:00:00,SITE_IND_001,1.796,230.5,49.96,OK
2025-01-24T14:00:00,SITE_IND_002,2.14,223.6,49.87,OK
06/01/2025 16:00:00,SITE_COM_002,-888,233.8,49.91,ERROR
06/01/2025 17:00:00,SITE_IND_002,1.93,230.1,49.96,OK
2025-01-09T09:00:00,SITE_RES_001,0.322,233.2,50.03,OK
10/01/2025 21:00:00,SITE_IND_001,1.913,234.1,49.85,OK
2025-01-17T20:00:00,SITE_IND_002,2.044,235.7,50.0,OK
2025-01-10T03:00:00,SITE_IND_001,,231.9,49.97,ERROR
2025-01-29 07:00:00,SITE_IND_001,2.952,228.2,50.11,OK
29/01/2025 01:00:00,SITE_COM_001,0.524,237.1,49.93,OK
2025-01-10T00:00:00,SITE_RES_001,0.317,228.5,49.93,OK
2025-01-17 21:00:00,SITE_COM_001,0.481,220.7,50.12,OK
18/01/2025 18:00:00,SITE_IND_002,1.276,231.5,50.2,OK
2025-01-23T10:00:00,SITE_RES_002,0.255,226.2,49.95,OK
2025-01-28T02:00:00,SITE_COM_002,0.392,233.3,49.96,OK
20/01/2025 01:00:00,SITE_RES_002,0.256,232.4,50.01,OK
24/01/2025 02:00:00,SITE_RES_001,0.319,225.6,50.03,OK
10/01/2025 12:00:00,SITE_COM_002,1.048,229.9,49.91,OK
2025-01-28 07:00:00,SITE_RES_002,0.426,222.4,49.78,OK
01/01/2025 17:00:00,SITE_IND_001,2.889,229.7,50.08,OK
02/01/2025 11:00:00,SITE_IND_001,2.985,227.0,49.97,OK
2025-01-18 07:00:00,SITE_RES_001,0.607,237.0,49.97,OK
2025-01-28T14:00:00,SITE_RES_001,0.291,229.7,50.0,OK
2025-01-20T12:00:00,SITE_RES_001,0.336,232.0,49.9,OK
2025-01-14T15:00:00,SITE_IND_001,2.917,228.4,50.06,OK
27/01/2025 14:00:00,SITE_IND_001,3.093,230.0,50.12,OK
2025-01-27T06:00:00,SITE_RES_002,0.227,236.3,49.9,OK
2025-01-28T22:00:00,SITE_RES_002,0.227,234.6,50.0,OK
2025-01-26T12:00:00,SITE_COM_001,0.974,228.9,49.87,OK
2025-01-01T14:00:00,SITE_IND_002,-999,236.5,49.77,ERROR
2025-01-08T09:00:00,SITE_COM_001,1.39,227.2,49.8,OK
2025-01-20T09:00:00,SITE_IND_001,3.196,228.3,50.0,OK
2025-01-15T15:00:00,SITE_RES_002,0.246,232.3,50.08,OK
2025-01-28T20:00:00,SITE_RES_002,0.407,235.7,49.95,OK
2025-01-23T02:00:00,SITE_RES_001,0.347,230.5,50.1,OK
2025-01-17T16:00:00,SITE_COM_001,-999,236.5,49.92,ERROR
23/01/2025 08:00:00,SITE_IND_001,3.11,233.4,49.86,OK
2025-01-13T09:00:00,SITE_IND_002,2.187,235.5,50.26,OK
30/01/2025 08:00:00,SITE_RES_001,0.557,227.6,49.88,OK
2025-01-16T17:00:00,SITE_COM_001,1.317,231.9,50.03,OK
13/01/2025 17:00:00,SITE_IND_002,1.99,232.3,50.0,OK
2025-01-11T13:00:00,SITE_RES_001,0.393,230.9,49.83,OK
11/01/2025 16:00:00,SITE_COM_002,0.663,229.9,49.92,OK
2025-01-13T08:00:00,SITE_RES_001,0.479,234.5,50.13,OK
2025-01-13T00:00:00,SITE_IND_001,1.811,229.2,50.18,OK
2025-01-03T13:00:00,SITE_RES_002,0.241,226.0,49.98,OK
2025-01-26T14:00:00,SITE_RES_002,0.276,231.1,49.85,OK
2025-01-23 00:00:00,SITE_RES_002,0.257,234.6,49.84,OK
2025-01-16T06:00:00,SITE_RES_002,0.23,224.9,49.79,OK
2025-01-05T15:00:00,SITE_COM_002,0.677,233.7,50.07,OK
2025-01-06 10:00:00,SITE_COM_001,1.429,227.7,50.05,OK
2025-01-21 21:00:00,SITE_IND_002,1.137,232.1,49.88,OK
2025-01-19T02:00:00,SITE_COM_001,0.35,226.6,50.02,OK
2025-01-01T02:00:00,SITE_COM_002,0.406,238.4,49.96,OK
2025-01-27T16:00:00,SITE_RES_002,0.232,227.3,50.28,OK
2025-01-06T13:00:00,SITE_RES_002,0.249,237.4,50.03,OK
2025-01-11T04:00:00,SITE_RES_002,0.263,226.4,49.76,OK
2025-01-23T12:00:00,SITE_COM_001,1.276,238.8,50.07,OK
2025-01-14 22:00:00,SITE_RES_002,0.223,223.8,49.9,OK
2025-01-29T18:00:00,SITE_IND_002,2.089,232.7,50.16,OK
08/01/2025 19:00:00,SITE_IND_001,-999,228.6,50.1,ERROR
09/01/2025 14:00:00,SITE_COM_002,1.013,222.5,50.07,OK
2025-01-06T16:00:00,SITE_COM_001,1.175,227.7,49.77,OK
2025-01-29T16:00:00,SITE_COM_001,1.217,230.7,49.95,OK
2025-01-25T01:00:00,SITE_RES_002,0.252,237.1,50.04,OK
2025-01-10 03:00:00,SITE_COM_001,0.516,233.4,49.97,OK
2025-01-02T06:00:00,SITE_RES_001,0.317,226.5,49.82,OK
2025-01-30T15:00:00,SITE_COM_001,3.27,221.4,50.05,OK
2025-01-25T22:00:00,SITE_IND_002,0.808,229.0,49.94,OK
2025-01-16T04:00:00,SITE_COM_001,0.498,234.9,49.9,OK
2025-01-15T20:00:00,SITE_RES_002,0.368,227.3,49.86,OK
2025-01-12T18:00:00,SITE_IND_001,1.716,232.6,50.17,OK
2025-01-17T23:00:00,SITE_IND_002,1.197,225.4,49.98,OK
2025-01-05 23:00:00,SITE_IND_001,1.068,227.4,49.78,OK
2025-01-09T03:00:00,SITE_IND_001,1.866,223.6,50.0,OK
2025-01-05 13:00:00,SITE_IND_001,1.71,232.6,49.89,OK
2025-01-02T02:00:00,SITE_COM_001,0.468,229.0,49.99,OK
01/01/2025 18:00:00,SITE_RES_002,0.396,236.2,50.0,OK
2025-01-08 16:00:00,SITE_IND_002,2.17,224.2,50.1,OK
2025-01-07 20:00:00,SITE_IND_002,2.209,230.6,50.11,OK
2025-01-03T12:00:00,SITE_RES_002,0.228,227.9,50.09,OK
2025-01-04T04:00:00,SITE_COM_002,0.243,231.3,50.16,OK
2025-01-02T17:00:00,SITE_COM_002,1.005,231.2,50.24,OK
2025-01-29T05:00:00,SITE_RES_001,0.306,232.7,49.87,OK
2025-01-09T06:00:00,SITE_RES_002,0.256,232.1,50.05,OK
2025-01-23T01:00:00,SITE_COM_001,0.479,224.6,50.05,OK
2025-01-02T23:00:00,SITE_RES_001,0.307,231.7,50.0,OK
22/01/2025 08:00:00,SITE_IND_001,2.9,230.7,49.99,OK
2025-01-21T23:00:00,SITE_IND_002,1.136,226.3,50.07,OK
2025-01-01T15:00:00,SITE_RES_001,0.309,227.3,49.83,OK
2025-01-21T16:00:00,SITE_COM_002,2.065,227.3,50.17,OK
2025-01-03T02:00:00,SITE_RES_002,0.255,228.6,49.97,OK
2025-01-21 06:00:00,SITE_RES_001,-999,224.8,50.08,ERROR
09/01/2025 02:00:00,SITE_IND_002,1.164,224.9,49.86,OK
2025-01-03T13:00:00,SITE_IND_001,2.823,229.4,49.91,OK
2025-01-24T17:00:00,SITE_RES_002,0.255,228.2,49.99,OK
2025-01-06T05:00:00,SITE_IND_002,1.273,227.7,49.93,OK
24/01/2025 16:00:00,SITE_IND_001,2.821,225.9,50.29,OK
2025-01-21 09:00:00,SITE_IND_001,2.807,225.2,49.97,OK
2025-01-06T01:00:00,SITE_COM_001,0.515,222.7,49.86,OK
2025-01-15 01:00:00,SITE_RES_001,0.303,227.5,49.95,OK
2025-01-30T14:00:00,SITE_COM_002,0.898,228.3,50.16,OK
2025-01-24T20:00:00,SITE_COM_002,0.367,231.5,49.92,OK
2025-01-24T12:00:00,SITE_RES_002,0.886,228.5,50.02,OK
02/01/2025 00:00:00,SITE_IND_001,1.924,219.5,49.94,OK
2025-01-27T17:00:00,SITE_IND_002,2.128,238.3,49.95,OK
2025-01-13T08:00:00,SITE_COM_001,1.223,223.2,49.94,OK
2025-01-20T07:00:00,SITE_COM_002,0.395,229.7,50.1,OK
2025-01-10T14:00:00,SITE_RES_002,0.26,223.6,49.99,OK
2025-01-25T06:00:00,SITE_IND_002,1.279,224.7,50.01,OK
2025-01-17T03:00:00,SITE_IND_001,1.9,225.4,49.84,OK
2025-01-08T08:00:00,SITE_COM_002,1.022,232.3,49.97,OK
2025-01-14T12:00:00,SITE_RES_001,0.349,227.3,49.97,OK
2025-01-27T08:00:00,SITE_IND_001,2.861,231.7,49.9,OK
17/01/2025 08:00:00,SITE_RES_001,0.48,232.8,50.1,OK
19/01/2025 22:00:00,SITE_IND_002,0.691,225.3,50.14,OK
2025-01-05T18:00:00,SITE_COM_001,-999,226.7,49.85,ERROR
2025-01-13T01:00:00,SITE_IND_001,1.73,229.0,50.2,OK
2025-01-13T18:00:00,SITE_IND_002,2.217,227.6,50.1,OK
03/01/2025 03:00:00,SITE_RES_001,0.337,236.7,50.08,OK
2025-01-23T02:00:00,SITE_IND_001,1.577,229.4,49.99,OK
30/01/2025 05:00:00,SITE_IND_002,1.272,232.0,50.02,OK
2025-01-02T12:00:00,SITE_IND_002,-777,230.7,50.07,ERROR
2025-01-26T02:00:00,SITE_IND_002,5.835,224.9,49.99,OK
2025-01-21T12:00:00,SITE_RES_001,0.304,226.8,50.01,OK
2025-01-03T09:00:00,SITE_RES_002,0.223,231.5,49.91,OK
2025-01-27T12:00:00,SITE_IND_002,1.895,231.5,50.03,OK
2025-01-24T21:00:00,SITE_RES_002,0.393,224.9,49.93,OK
2025-01-28T03:00:00,SITE_IND_001,1.672,234.4,50.08,OK
2025-01-13 05:00:00,SITE_COM_002,0.345,231.3,50.13,OK
2025-01-27T05:00:00,SITE_RES_002,0.24,220.0,49.91,OK
2025-01-15T15:00:00,SITE_IND_002,1.92,231.5,50.07,OK
2025-01-20T19:00:00,SITE_RES_002,0.405,229.1,50.04,OK
2025-01-17T02:00:00,SITE_COM_002,0.358,231.4,49.95,OK
2025-01-20T04:00:00,SITE_RES_001,0.297,234.2,50.14,OK
2025-01-01T08:00:00,SITE_RES_001,0.546,226.9,50.19,OK
2025-01-06T21:00:00,SITE_RES_001,0.567,233.3,49.77,OK
2025-01-12T06:00:00,SITE_COM_001,0.318,238.2,50.03,OK
2025-01-02T16:00:00,SITE_COM_001,1.264,234.7,50.19,OK
2025-01-09 06:00:00,SITE_IND_001,3.228,232.1,49.93,OK
2025-01-17T21:00:00,SITE_COM_002,0.358,231.7,49.91,OK
2025-01-17T17:00:00,SITE_RES_002,0.245,222.7,50.0,OK
08/01/2025 01:00:00,SITE_IND_002,1.278,233.2,50.08,OK
2025-01-22 06:00:00,SITE_IND_001,3.062,231.8,49.94,OK
2025-01-27T15:00:00,SITE_COM_001,1.351,218.4,49.95,OK
2025-01-29T09:00:00,SITE_IND_002,1.927,225.2,49.8,OK
2025-01-28T23:00:00,SITE_RES_002,0.257,232.0,50.09,OK
2025-01-10 21:00:00,SITE_RES_002,0.364,232.0,49.96,OK
2025-01-21T14:00:00,SITE_COM_002,0.988,229.6,50.01,OK
2025-01-12 18:00:00,SITE_COM_001,0.973,226.2,50.05,OK
2025-01-22T05:00:00,SITE_RES_002,0.218,219.8,49.89,OK
2025-01-04 22:00:00,SITE_COM_002,0.27,233.3,49.95,OK
2025-01-14T04:00:00,SITE_RES_001,0.291,227.3,50.11,OK
2025-01-01T06:00:00,SITE_RES_002,0.24,225.3,50.06,OK
2025-01-05T07:00:00,SITE_IND_001,1.862,230.4,50.08,OK
2025-01-22T22:00:00,SITE_RES_002,0.251,227.8,50.0,OK
2025-01-23T17:00:00,SITE_RES_002,0.247,228.0,49.96,OK
22/01/2025 13:00:00,SITE_COM_001,1.209,230.3,50.03,OK
2025-01-23T00:00:00,SITE_IND_001,1.578,226.1,50.0,OK
03/01/2025 19:00:00,SITE_RES_002,0.352,226.0,49.88,OK
2025-01-07T06:00:00,SITE_IND_002,2.11,229.5,49.95,OK
2025-01-17 17:00:00,SITE_IND_002,1.97,231.4,50.1,OK
2025-01-17T05:00:00,SITE_RES_001,-888,231.8,49.99,ERROR
2025-01-25T18:00:00,SITE_COM_001,0.886,236.0,49.76,OK
2025-01-13T22:00:00,SITE_COM_001,0.483,223.5,49.89,OK
2025-01-21 10:00:00,SITE_COM_001,1.233,232.1,49.98,OK
2025-01-18T20:00:00,SITE_RES_002,0.479,228.8,50.03,OK
22/01/2025 03:00:00,SITE_COM_001,0.472,228.3,50.15,OK
28/01/2025 07:00:00,SITE_COM_001,0.499,223.9,49.97,OK
2025-01-21T18:00:00,SITE_COM_002,1.014,225.2,50.14,OK
2025-01-26 14:00:00,SITE_IND_001,1.976,236.0,50.14,OK
2025-01-29T17:00:00,SITE_IND_001,-999,233.8,49.84,ERROR
2025-01-16T21:00:00,SITE_RES_002,0.427,228.7,49.87,OK
2025-01-23T13:00:00,SITE_COM_002,0.888,229.1,49.97,OK
2025-01-29T23:00:00,SITE_RES_001,0.304,231.8,50.06,OK
2025-01-21T19:00:00,SITE_RES_002,0.393,226.1,49.99,OK
2025-01-04T03:00:00,SITE_IND_002,0.736,228.6,49.95,OK
2025-01-04 19:00:00,SITE_IND_001,1.759,227.3,49.96,OK
2025-01-23 17:00:00,SITE_IND_002,1.903,235.6,49.98,OK
2025-01-02T03:00:00,SITE_COM_001,0.484,226.5,50.11,OK
2025-01-04T03:00:00,SITE_COM_001,0.321,227.5,49.8,OK
2025-01-28T16:00:00,SITE_RES_001,0.342,237.8,49.95,OK
2025-01-26 00:00:00,SITE_COM_001,0.357,233.6,50.14,OK
2025-01-20T06:00:00,SITE_IND_002,1.912,229.7,49.99,OK
2025-01-06T23:00:00,SITE_COM_001,0.515,229.8,50.16,OK
2025-01-01T22:00:00,SITE_COM_002,0.387,233.9,49.88,OK
12/01/2025 16:00:00,SITE_RES_001,0.37,234.0,49.93,OK
11/01/2025 21:00:00,SITE_RES_001,0.632,230.5,50.01,OK
2025-01-20T15:00:00,SITE_IND_002,2.259,235.7,49.86,OK
2025-01-06T10:00:00,SITE_RES_001,-777,234.4,49.8,ERROR
2025-01-21 00:00:00,SITE_COM_002,0.383,233.8,50.16,OK
2025-01-17T02:00:00,SITE_RES_002,0.243,232.0,50.13,OK
2025-01-20T16:00:00,SITE_COM_001,1.293,222.5,49.83,OK
2025-01-18T04:00:00,SITE_IND_001,0.979,227.5,50.14,OK
2025-01-13T04:00:00,SITE_IND_002,1.295,226.2,50.01,OK
24/01/2025 11:00:00,SITE_RES_002,0.234,233.8,49.74,OK
2025-01-12T20:00:00,SITE_IND_001,-888,233.6,50.13,ERROR
2025-01-21 01:00:00,SITE_IND_001,1.595,222.9,50.05,OK
2025-01-26T13:00:00,SITE_COM_001,0.844,228.9,49.91,OK
2025-01-09 23:00:00,SITE_RES_002,0.245,235.2,50.04,OK
2025-01-18T14:00:00,SITE_RES_002,0.302,237.6,49.89,OK
2025-01-21T04:00:00,SITE_COM_002,0.344,235.0,49.97,OK
2025-01-05 06:00:00,SITE_COM_001,-777,226.8,50.01,ERROR
2025-01-19T10:00:00,SITE_IND_002,1.172,227.2,50.0,OK
2025-01-03 21:00:00,SITE_RES_002,0.355,232.9,50.08,OK
2025-01-08T21:00:00,SITE_IND_001,1.765,227.8,50.04,OK
2025-01-17T13:00:00,SITE_COM_002,0.886,238.0,49.89,OK
2025-01-24T06:00:00,SITE_COM_002,0.351,228.3,50.18,OK
2025-01-22 11:00:00,SITE_COM_001,1.403,227.6,50.18,OK
2025-01-07T22:00:00,SITE_RES_001,0.327,229.1,49.89,OK
2025-01-02T23:00:00,SITE_IND_001,1.642,226.0,50.04,OK
2025-01-06 10:00:00,SITE_RES_002,0.227,235.8,49.8,OK
2025-01-09T02:00:00,SITE_COM_001,0.524,229.9,50.05,OK
2025-01-08 15:00:00,SITE_COM_002,0.932,225.9,50.1,OK
2025-01-30T00:00:00,SITE_RES_002,0.24,230.9,50.11,OK
2025-01-02 22:00:00,SITE_RES_001,0.349,232.2,49.89,OK
2025-01-11T08:00:00,SITE_IND_001,1.796,221.8,50.16,OK
2025-01-08T16:00:00,SITE_IND_001,2.995,233.1,50.06,OK
2025-01-07 21:00:00,SITE_COM_002,0.378,230.2,50.21,OK
07/01/2025 09:00:00,SITE_COM_001,1.417,232.8,49.96,OK
2025-01-06 13:00:00,SITE_COM_001,1.377,228.0,49.92,OK
2025-01-29T18:00:00,SITE_RES_001,0.525,232.6,50.03,OK
2025-01-05T11:00:00,SITE_RES_002,0.249,228.0,49.94,OK
23/01/2025 18:00:00,SITE_RES_002,0.395,238.7,50.2,OK
2025-01-03T17:00:00,SITE_RES_002,0.246,232.6,50.03,OK
2025-01-28T10:00:00,SITE_RES_002,0.24,227.9,49.81,OK
23/01/2025 05:00:00,SITE_IND_002,-999,234.1,49.82,ERROR
10/01/2025 11:00:00,SITE_IND_001,2.729,226.3,49.91,OK
2025-01-28T10:00:00,SITE_RES_001,0.34,230.6,50.08,OK
2025-01-07 19:00:00,SITE_RES_002,0.363,224.1,49.89,OK
09/01/2025 16:00:00,SITE_IND_002,1.894,227.9,49.89,OK
2025-01-27T04:00:00,SITE_COM_001,0.456,236.0,49.88,OK
18/01/2025 00:00:00,SITE_RES_001,-888,226.6,49.94,ERROR
2025-01-04T11:00:00,SITE_COM_001,0.837,229.4,49.99,OK
25/01/2025 02:00:00,SITE_RES_002,0.268,232.9,49.87,OK
2025-01-08 00:00:00,SITE_RES_001,0.335,230.0,50.16,OK
2025-01-11T13:00:00,SITE_COM_002,0.63,227.5,49.82,OK
2025-01-17T10:00:00,SITE_RES_002,0.236,228.7,50.1,OK
2025-01-21T08:00:00,SITE_RES_002,0.368,231.4,49.79,OK
2025-01-26 11:00:00,SITE_COM_001,0.843,230.1,49.84,OK
2025-01-02T13:00:00,SITE_IND_001,2.821,225.1,50.36,OK
2025-01-16T13:00:00,SITE_COM_002,1.02,229.9,49.96,OK
2025-01-26 10:00:00,SITE_COM_002,0.696,229.3,50.03,OK
2025-01-16T10:00:00,SITE_RES_001,0.333,228.9,49.99,OK
2025-01-19T14:00:00,SITE_IND_001,1.725,228.5,50.18,OK
2025-01-04T11:00:00,SITE_COM_002,0.69,229.3,49.98,OK
2025-01-18T18:00:00,SITE_IND_001,1.679,236.5,49.99,OK
2025-01-11T06:00:00,SITE_RES_002,,221.9,50.2,ERROR
2025-01-16T21:00:00,SITE_RES_001,0.506,235.3,50.06,OK
2025-01-29T01:00:00,SITE_IND_001,1.777,233.9,50.06,OK
2025-01-07 20:00:00,SITE_RES_002,0.372,236.3,49.86,OK
2025-01-28 18:00:00,SITE_RES_001,-777,216.7,50.01,ERROR
2025-01-06 11:00:00,SITE_COM_002,0.979,234.4,50.0,OK
2025-01-14T22:00:00,SITE_COM_001,0.455,227.7,49.97,OK
2025-01-20T03:00:00,SITE_COM_002,,229.2,50.05,ERROR
2025-01-05T23:00:00,SITE_COM_002,0.282,235.8,49.95,OK
2025-01-21 02:00:00,SITE_COM_001,,235.4,49.91,ERROR
2025-01-06 16:00:00,SITE_RES_001,0.295,222.4,49.87,OK
2025-01-18T11:00:00,SITE_COM_002,0.669,224.1,49.93,OK
2025-01-29T06:00:00,SITE_RES_002,0.236,228.3,49.9,OK
2025-01-04T10:00:00,SITE_COM_001,0.91,229.6,49.91,OK
2025-01-04T13:00:00,SITE_COM_002,0.62,226.2,50.26,OK
2025-01-19T05:00:00,SITE_RES_002,0.298,228.1,49.86,OK
18/01/2025 12:00:00,SITE_RES_002,0.289,224.5,49.96,OK
2025-01-06T15:00:00,SITE_IND_001,3.192,231.9,49.99,OK
2025-01-20 15:00:00,SITE_RES_001,0.313,223.7,49.85,OK
2025-01-28T01:00:00,SITE_COM_001,0.493,235.4,50.03,OK
2025-01-26T06:00:00,SITE_IND_001,-999,229.6,50.01,ERROR
2025-01-02 23:00:00,SITE_IND_002,1.34,225.7,49.92,OK
2025-01-14 16:00:00,SITE_COM_001,1.287,232.4,49.92,OK
2025-01-03T10:00:00,SITE_RES_001,0.346,233.7,50.03,OK
2025-01-26 10:00:00,SITE_RES_001,0.364,230.9,50.04,OK
2025-01-11T00:00:00,SITE_COM_001,0.336,226.2,49.93,OK
2025-01-09T05:00:00,SITE_IND_002,1.339,229.3,50.07,OK
2025-01-21T00:00:00,SITE_IND_001,1.858,225.4,50.04,OK
2025-01-21T17:00:00,SITE_RES_002,0.221,232.8,50.17,OK
2025-01-08T01:00:00,SITE_RES_001,0.299,232.4,50.16,OK
2025-01-24 09:00:00,SITE_RES_002,-888,232.6,50.02,ERROR
2025-01-21T10:00:00,SITE_COM_002,0.911,233.1,49.9,OK
2025-01-27T09:00:00,SITE_COM_001,1.217,223.2,49.93,OK
2025-01-16 21:00:00,SITE_IND_002,1.298,234.5,50.0,OK
18/01/2025 13:00:00,SITE_IND_002,1.224,224.3,50.05,OK
2025-01-27T15:00:00,SITE_COM_002,-888,235.2,49.99,ERROR
2025-01-12T03:00:00,SITE_RES_001,0.37,228.3,49.95,OK
2025-01-14T23:00:00,SITE_RES_002,0.244,229.5,50.02,OK
2025-01-07 04:00:00,SITE_COM_002,0.406,223.7,50.12,OK
2025-01-27T23:00:00,SITE_COM_002,0.35,233.3,49.94,OK
2025-01-05T09:00:00,SITE_IND_002,1.169,231.3,50.12,OK
30/01/2025 23:00:00,SITE_RES_002,0.256,226.4,50.03,OK
2025-01-09T14:00:00,SITE_IND_001,3.288,228.9,50.0,OK
2025-01-27T05:00:00,SITE_RES_001,0.322,230.0,49.96,OK
2025-01-22T07:00:00,SITE_IND_002,2.066,227.5,50.19,OK
2025-01-29 20:00:00,SITE_RES_002,0.385,231.8,49.99,OK
2025-01-22T21:00:00,SITE_RES_002,0.354,224.5,49.87,OK
2025-01-23T07:00:00,SITE_IND_001,2.944,218.8,49.85,OK
2025-01-20T18:00:00,SITE_IND_002,2.147,228.0,49.94,OK
2025-01-24T17:00:00,SITE_COM_001,1.268,233.5,50.04,OK
2025-01-18T20:00:00,SITE_RES_002,0.479,228.8,50.03,OK
2025-01-05T09:00:00,SITE_RES_002,0.274,229.1,49.91,OK
2025-01-16T02:00:00,SITE_IND_001,1.735,229.7,50.03,OK
2025-01-01T20:00:00,SITE_RES_002,0.427,224.7,49.92,OK
2025-01-23 18:00:00,SITE_RES_001,0.531,228.7,49.8,OK
2025-01-05T00:00:00,SITE_IND_001,1.03,229.4,50.06,OK
2025-01-10 23:00:00,SITE_RES_002,0.238,228.3,50.04,OK
2025-01-14T10:00:00,SITE_RES_002,0.252,235.8,50.12,OK
2025-01-24T05:00:00,SITE_IND_002,,224.2,49.98,ERROR
2025-01-27T17:00:00,SITE_COM_002,0.957,230.0,49.88,OK
26/01/2025 08:00:00,SITE_COM_001,0.919,226.9,50.15,OK
2025-01-25T04:00:00,SITE_COM_002,0.26,230.1,50.0,OK
11/01/2025 00:00:00,SITE_IND_001,1.086,223.6,49.89,OK
2025-01-05T17:00:00,SITE_COM_001,0.843,229.0,49.86,OK
2025-01-20T02:00:00,SITE_COM_001,0.533,227.8,50.11,OK
2025-01-04T16:00:00,SITE_COM_002,0.628,224.5,50.11,OK
22/01/2025 15:00:00,SITE_IND_001,2.833,231.9,50.07,OK
2025-01-26T04:00:00,SITE_COM_002,0.254,234.9,49.94,OK
2025-01-14T12:00:00,SITE_RES_002,0.258,229.5,50.15,OK
2025-01-22T17:00:00,SITE_COM_001,-999,228.5,50.08,ERROR
2025-01-14T13:00:00,SITE_IND_002,2.148,230.4,49.85,OK
2025-01-11T02:00:00,SITE_RES_002,0.294,231.7,50.28,OK
2025-01-19T17:00:00,SITE_IND_002,1.196,236.2,50.09,OK
2025-01-03T15:00:00,SITE_RES_001,0.346,234.1,50.13,OK
2025-01-14T08:00:00,SITE_COM_001,1.201,229.0,49.99,OK
2025-01-16T04:00:00,SITE_RES_002,0.219,228.0,49.7,OK
2025-01-11 19:00:00,SITE_RES_002,0.469,224.4,50.19,OK
2025-01-25T13:00:00,SITE_IND_002,1.214,222.0,49.89,OK
19/01/2025 20:00:00,SITE_IND_001,1.818,233.7,49.95,OK
2025-01-19 03:00:00,SITE_IND_001,0.977,228.5,49.89,OK
2025-01-14T08:00:00,SITE_RES_002,0.421,227.6,50.14,OK
2025-01-03 16:00:00,SITE_RES_001,0.327,229.0,49.87,OK
2025-01-17T22:00:00,SITE_RES_002,0.234,232.3,50.05,OK
2025-01-06 05:00:00,SITE_COM_001,0.488,226.0,50.1,OK
2025-01-26T06:00:00,SITE_COM_002,0.251,233.4,50.1,OK
2025-01-09T12:00:00,SITE_COM_002,1.019,229.0,50.2,OK
2025-01-02 06:00:00,SITE_COM_001,0.524,233.5,49.98,OK
2025-01-05T22:00:00,SITE_RES_001,0.375,232.7,49.71,OK
2025-01-17T03:00:00,SITE_IND_002,1.23,234.5,49.98,OK
2025-01-06T12:00:00,SITE_COM_002,0.902,220.0,50.1,OK
2025-01-05T02:00:00,SITE_IND_001,1.008,229.9,50.0,OK
2025-01-10T10:00:00,SITE_RES_001,0.337,231.0,50.08,OK
2025-01-05T11:00:00,SITE_COM_002,0.683,229.3,50.24,OK
2025-01-19T21:00:00,SITE_COM_002,0.25,226.1,50.11,OK
2025-01-10T19:00:00,SITE_COM_001,1.247,231.5,50.01,OK
2025-01-21 06:00:00,SITE_COM_001,0.496,235.5,50.08,OK
2025-01-23T06:00:00,SITE_IND_001,3.189,229.6,50.12,OK
2025-01-09T08:00:00,SITE_IND_002,1.997,226.9,50.17,OK
2025-01-07T16:00:00,SITE_COM_002,0.985,232.6,49.97,OK
2025-01-29T06:00:00,SITE_RES_001,0.343,231.9,49.86,OK
2025-01-14T11:00:00,SITE_COM_002,-999,231.9,50.15,ERROR
2025-01-12T19:00:00,SITE_COM_001,0.864,231.3,49.9,OK
2025-01-12T15:00:00,SITE_IND_002,-777,236.8,50.05,ERROR
2025-01-06T12:00:00,SITE_IND_002,2.271,233.0,49.85,OK
2025-01-18T02:00:00,SITE_COM_002,0.258,223.2,49.91,OK
2025-01-05T03:00:00,SITE_COM_001,0.324,233.4,49.84,OK
2025-01-23T08:00:00,SITE_RES_001,0.516,230.4,49.81,OK
2025-01-25T16:00:00,SITE_COM_002,0.633,231.0,50.08,OK
2025-01-17T03:00:00,SITE_COM_001,0.548,228.6,50.02,OK
08/01/2025 14:00:00,SITE_COM_002,-888,232.8,50.16,ERROR
2025-01-17T08:00:00,SITE_IND_002,2.006,235.2,50.14,OK
2025-01-22T04:00:00,SITE_COM_002,0.338,228.0,50.03,OK
2025-01-14T02:00:00,SITE_RES_002,0.261,227.2,49.96,OK
2025-01-15T01:00:00,SITE_IND_001,1.737,229.2,50.12,OK
2025-01-17T01:00:00,SITE_IND_002,1.291,230.0,50.21,OK
27/01/2025 12:00:00,SITE_COM_002,0.962,230.9,50.0,OK
2025-01-03 16:00:00,SITE_RES_002,0.254,229.2,50.02,OK
2025-01-29T10:00:00,SITE_IND_002,2.229,230.9,49.82,OK
2025-01-30 14:00:00,SITE_COM_001,1.182,231.3,50.01,OK
03/01/2025 15:00:00,SITE_IND_001,2.744,216.1,50.11,OK
2025-01-01T13:00:00,SITE_RES_002,0.245,232.5,50.05,OK
2025-01-16T20:00:00,SITE_IND_001,2.85,234.9,50.13,OK
2025-01-04 21:00:00,SITE_COM_002,0.245,234.7,49.97,OK
20/01/2025 16:00:00,SITE_RES_001,0.296,224.7,49.86,OK
2025-01-02T08:00:00,SITE_IND_002,2.29,232.2,50.03,OK
2025-01-12 10:00:00,SITE_RES_002,0.302,231.0,49.9,OK
2025-01-21T00:00:00,SITE_IND_002,1.239,231.9,49.98,OK
2025-01-22T11:00:00,SITE_IND_002,-999,225.9,50.02,ERROR
2025-01-06T03:00:00,SITE_RES_002,0.231,229.9,49.94,OK
2025-01-25T16:00:00,SITE_IND_001,1.822,232.8,49.98,OK
2025-01-10 04:00:00,SITE_IND_001,1.664,230.0,50.02,OK
2025-01-10T11:00:00,SITE_COM_001,1.204,226.2,49.8,OK
2025-01-12T19:00:00,SITE_IND_002,-888,232.3,49.8,ERROR
2025-01-23T06:00:00,SITE_IND_002,2.064,227.4,50.13,OK
2025-01-24T04:00:00,SITE_RES_002,0.23,232.5,49.96,OK
2025-01-18T14:00:00,SITE_COM_001,0.972,230.7,49.99,OK
2025-01-30 22:00:00,SITE_COM_002,0.364,233.7,49.69,OK
2025-01-21T21:00:00,SITE_COM_001,0.533,231.2,50.06,OK
2025-01-12T16:00:00,SITE_IND_001,1.924,237.3,49.96,OK
2025-01-14 22:00:00,SITE_RES_001,0.308,239.3,49.84,OK
2025-01-21T02:00:00,SITE_RES_001,0.321,227.9,49.93,OK
2025-01-20T21:00:00,SITE_RES_002,0.411,231.0,49.92,OK
2025-01-17T19:00:00,SITE_COM_002,0.959,229.2,49.77,OK
17/01/2025 19:00:00,SITE_RES_001,0.572,235.0,50.04,OK
2025-01-06T09:00:00,SITE_COM_002,0.939,232.6,50.11,OK
2025-01-24T23:00:00,SITE_IND_002,1.144,230.6,49.84,OK
14/01/2025 07:00:00,SITE_IND_002,2.173,230.7,49.96,OK
2025-01-05 06:00:00,SITE_IND_001,1.848,226.2,50.19,OK
2025-01-21 11:00:00,SITE_IND_001,3.104,225.3,49.96,OK
2025-01-02T16:00:00,SITE_IND_002,2.168,227.8,49.95,OK
2025-01-25T07:00:00,SITE_IND_001,1.804,224.8,49.98,OK
2025-01-25T14:00:00,SITE_COM_001,-888,228.7,49.81,ERROR
2025-01-21T11:00:00,SITE_RES_002,-888,229.6,49.96,ERROR
2025-01-13T21:00:00,SITE_IND_001,1.599,226.8,50.04,OK
2025-01-21T15:00:00,SITE_COM_001,1.351,233.8,49.81,OK
2025-01-27T22:00:00,SITE_COM_001,-999,228.6,49.61,ERROR
2025-01-07T01:00:00,SITE_RES_001,0.302,228.3,49.93,OK
2025-01-09T01:00:00,SITE_RES_001,0.309,224.8,49.97,OK
2025-01-14T13:00:00,SITE_RES_001,0.334,221.1,50.12,OK
2025-01-22 12:00:00,SITE_RES_002,0.223,229.0,49.87,OK
2025-01-16T23:00:00,SITE_IND_001,1.747,235.6,50.16,OK
28/01/2025 08:00:00,SITE_IND_001,3.056,219.1,49.94,OK
2025-01-30T07:00:00,SITE_IND_001,2.913,224.0,49.98,OK
2025-01-18T01:00:00,SITE_COM_001,0.373,232.6,49.9,OK
06/01/2025 21:00:00,SITE_IND_001,1.872,230.8,49.95,OK
2025-01-01T22:00:00,SITE_RES_002,0.256,231.1,50.09,OK
2025-01-17T07:00:00,SITE_COM_002,0.364,228.9,49.84,OK
2025-01-19T18:00:00,SITE_COM_001,0.962,226.6,50.07,OK
2025-01-07 21:00:00,SITE_IND_002,1.339,228.7,50.14,OK
2025-01-27T04:00:00,SITE_COM_002,0.4,225.2,49.91,OK
2025-01-05T10:00:00,SITE_IND_001,1.798,230.2,50.18,OK
2025-01-03T02:00:00,SITE_IND_001,1.914,237.0,49.9,OK
2025-01-27T22:00:00,SITE_IND_002,1.337,229.6,50.13,OK
2025-01-01T10:00:00,SITE_RES_002,0.251,230.4,50.05,OK
19/01/2025 02:00:00,SITE_RES_001,0.382,227.3,49.92,OK
2025-01-25T11:00:00,SITE_COM_001,0.982,231.5,50.05,OK
2025-01-17T08:00:00,SITE_IND_001,3.194,239.6,50.14,OK
2025-01-11T05:00:00,SITE_IND_001,-777,231.6,49.96,ERROR
2025-01-23 16:00:00,SITE_COM_001,1.361,230.1,50.03,OK
17/01/2025 06:00:00,SITE_COM_002,0.357,229.7,50.18,OK
22/01/2025 04:00:00,SITE_COM_001,0.46,218.1,49.92,OK
2025-01-20T08:00:00,SITE_COM_001,1.318,221.9,50.08,OK
2025-01-28T20:00:00,SITE_IND_002,2.133,231.0,49.99,OK
2025-01-08T10:00:00,SITE_RES_001,0.313,238.6,50.05,OK
2025-01-11T03:00:00,SITE_RES_002,0.298,228.3,49.98,OK
2025-01-10T20:00:00,SITE_COM_001,0.461,228.4,50.02,OK
09/01/2025 01:00:00,SITE_COM_002,,223.0,50.05,ERROR
2025-01-21T12:00:00,SITE_RES_002,0.232,227.8,49.95,OK
2025-01-12T23:00:00,SITE_IND_001,,232.2,50.02,ERROR
2025-01-02T02:00:00,SITE_RES_002,,228.2,50.05,ERROR
2025-01-01T03:00:00,SITE_RES_002,0.248,235.0,49.96,OK
2025-01-07T17:00:00,SITE_COM_001,1.421,224.0,49.86,OK
2025-01-18T16:00:00,SITE_RES_002,0.268,220.9,49.98,OK
2025-01-28T02:00:00,SITE_RES_001,0.296,230.7,49.79,OK
2025-01-06 10:00:00,SITE_IND_001,3.3,226.6,50.14,OK
2025-01-08T16:00:00,SITE_COM_002,0.938,232.7,49.71,OK
2025-01-26 20:00:00,SITE_IND_001,1.721,226.6,49.97,OK
2025-01-13 08:00:00,SITE_RES_002,0.391,233.8,50.07,OK
2025-01-29T23:00:00,SITE_IND_001,1.912,230.3,50.09,OK
2025-01-04T00:00:00,SITE_RES_001,0.36,232.5,50.02,OK
2025-01-12T23:00:00,SITE_RES_001,-888,230.9,49.88,ERROR
06/01/2025 07:00:00,SITE_RES_001,0.514,234.2,50.04,OK
2025-01-03 01:00:00,SITE_IND_001,1.768,244.5,50.14,OK
2025-01-07T20:00:00,SITE_COM_002,0.364,230.6,50.26,OK
2025-01-18T02:00:00,SITE_RES_002,0.299,234.3,50.0,OK
2025-01-06T02:00:00,SITE_COM_002,-777,229.6,50.23,ERROR
2025-01-21T22:00:00,SITE_RES_002,0.222,231.7,49.95,OK
2025-01-15T16:00:00,SITE_RES_002,0.248,232.3,49.99,OK
2025-01-28T05:00:00,SITE_RES_001,0.348,228.6,49.74,OK
30/01/2025 17:00:00,SITE_COM_001,1.195,235.0,50.01,OK
2025-01-06T07:00:00,SITE_COM_001,0.526,227.1,50.14,OK
2025-01-22T19:00:00,SITE_RES_001,-888,231.5,49.97,ERROR
2025-01-03T20:00:00,SITE_IND_002,2.237,229.5,50.12,OK
2025-01-07T01:00:00,SITE_IND_001,1.669,234.5,49.82,OK
2025-01-09T19:00:00,SITE_IND_001,3.211,232.5,49.91,OK
2025-01-02T01:00:00,SITE_COM_002,0.392,224.1,50.19,OK
2025-01-15T07:00:00,SITE_RES_002,0.36,228.3,50.04,OK
2025-01-24T18:00:00,SITE_RES_002,0.423,224.2,49.89,OK
2025-01-12 13:00:00,SITE_COM_001,0.839,234.3,50.1,OK
30/01/2025 10:00:00,SITE_IND_001,2.784,237.5,50.02,OK
11/01/2025 05:00:00,SITE_COM_002,0.272,233.2,49.87,OK
19/01/2025 21:00:00,SITE_RES_002,0.457,235.7,49.6,OK
2025-01-07T18:00:00,SITE_COM_002,1.015,231.4,49.98,OK
2025-01-20T10:00:00,SITE_IND_002,2.254,227.5,49.98,OK
2025-01-02T15:00:00,SITE_IND_002,1.955,227.3,50.1,OK
2025-01-05T14:00:00,SITE_COM_002,0.636,228.7,50.03,OK
2025-01-21T10:00:00,SITE_RES_002,-888,231.6,49.77,ERROR
2025-01-25T10:00:00,SITE_RES_002,0.287,229.0,49.94,OK
2025-01-13T07:00:00,SITE_RES_002,0.387,232.4,50.01,OK
04/01/2025 16:00:00,SITE_COM_001,0.858,230.3,50.06,OK
2025-01-02T15:00:00,SITE_RES_002,0.25,230.5,49.96,OK
2025-01-19 22:00:00,SITE_RES_002,0.288,232.2,50.05,OK
18/01/2025 11:00:00,SITE_RES_002,0.256,238.3,50.21,OK
2025-01-10T10:00:00,SITE_COM_001,1.282,231.2,49.9,OK
14/01/2025 15:00:00,SITE_IND_002,,233.2,49.9,ERROR
2025-01-21T13:00:00,SITE_COM_002,-777,228.8,50.06,ERROR
2025-01-09T01:00:00,SITE_RES_002,,229.7,50.04,ERROR
2025-01-22T00:00:00,SITE_COM_001,0.471,228.5,50.06,OK
2025-01-25T09:00:00,SITE_RES_002,0.266,234.3,49.96,OK
2025-01-17T12:00:00,SITE_RES_002,0.248,232.2,50.06,OK
20/01/2025 01:00:00,SITE_RES_001,0.325,227.8,49.89,OK
2025-01-02T01:00:00,SITE_RES_001,0.335,229.1,49.96,OK
2025-01-25T14:00:00,SITE_IND_001,1.926,226.4,49.86,OK
2025-01-04T12:00:00,SITE_RES_002,0.25,233.4,50.06,OK
17/01/2025 20:00:00,SITE_IND_001,2.999,227.7,49.93,OK
2025-01-23T19:00:00,SITE_IND_002,2.206,229.0,49.9,OK
2025-01-23 09:00:00,SITE_COM_001,1.219,234.7,50.01,OK
2025-01-11T03:00:00,SITE_IND_001,1.118,232.9,49.95,OK
2025-01-09T23:00:00,SITE_RES_001,0.326,227.2,49.91,OK
2025-01-05T00:00:00,SITE_COM_002,0.283,230.6,49.88,OK
2025-01-11T23:00:00,SITE_IND_002,0.733,224.6,50.02,OK
2025-01-04 08:00:00,SITE_COM_001,0.853,229.0,50.04,OK
2025-01-10 16:00:00,SITE_COM_002,0.931,234.7,50.1,OK
2025-01-15T23:00:00,SITE_RES_002,0.233,228.2,50.1,OK
2025-01-07T17:00:00,SITE_IND_002,2.172,233.6,49.97,OK
2025-01-07T14:00:00,SITE_RES_002,0.242,226.7,49.95,OK
2025-01-17T10:00:00,SITE_IND_002,2.046,232.0,50.04,OK
2025-01-29T20:00:00,SITE_COM_002,0.372,235.3,50.04,OK
2025-01-30 01:00:00,SITE_RES_002,0.22,227.1,49.95,OK
04/01/2025 08:00:00,SITE_IND_001,1.931,237.2,49.97,OK
2025-01-12T07:00:00,SITE_IND_001,1.77,233.5,50.07,OK
2025-01-18T16:00:00,SITE_IND_002,1.213,233.5,49.99,OK
2025-01-16T19:00:00,SITE_IND_002,2.003,228.6,49.81,OK
14/01/2025 08:00:00,SITE_COM_002,0.94,228.8,49.89,OK
2025-01-08T20:00:00,SITE_RES_002,0.427,228.1,50.12,OK
2025-01-11T23:00:00,SITE_COM_002,0.287,223.9,50.0,OK
2025-01-22T20:00:00,SITE_RES_002,0.37,233.5,50.03,OK
2025-01-01T18:00:00,SITE_COM_001,1.259,227.8,49.92,OK
2025-01-06T22:00:00,SITE_IND_001,1.797,233.0,49.83,OK
21/01/2025 22:00:00,SITE_COM_002,0.36,226.9,50.04,OK
2025-01-07T15:00:00,SITE_COM_002,1.03,233.1,49.86,OK
2025-01-21T15:00:00,SITE_COM_002,1.025,231.4,49.86,OK
2025-01-14T18:00:00,SITE_RES_002,0.373,227.1,50.26,OK
2025-01-22 22:00:00,SITE_COM_002,0.408,233.2,49.84,OK
2025-01-07T17:00:00,SITE_IND_001,3.221,221.9,50.01,OK
2025-01-17 23:00:00,SITE_COM_002,0.394,232.2,50.06,OK
2025-01-16T03:00:00,SITE_IND_002,1.211,236.1,49.96,OK
2025-01-14T18:00:00,SITE_COM_002,0.893,230.7,49.9,OK
2025-01-23 17:00:00,SITE_IND_001,2.746,231.6,50.08,OK
2025-01-08T13:00:00,SITE_COM_001,1.228,238.6,49.91,OK
2025-01-30T07:00:00,SITE_COM_002,0.36,232.0,49.93,OK
2025-01-04 00:00:00,SITE_COM_002,0.276,229.4,50.0,OK
2025-01-12T12:00:00,SITE_RES_002,0.299,237.2,49.96,OK
2025-01-04 22:00:00,SITE_IND_001,1.084,228.3,50.09,OK
2025-01-13 22:00:00,SITE_RES_001,0.34,236.0,50.1,OK
2025-01-28T11:00:00,SITE_COM_001,1.294,230.4,50.01,OK
2025-01-03T22:00:00,SITE_IND_002,1.289,235.0,49.84,OK
2025-01-30 13:00:00,SITE_IND_002,2.302,234.4,50.03,OK
2025-01-22 08:00:00,SITE_RES_001,0.49,231.3,50.03,OK
2025-01-03T03:00:00,SITE_IND_001,1.745,230.9,50.12,OK
2025-01-25T15:00:00,SITE_RES_001,0.361,231.9,49.92,OK
2025-01-29T00:00:00,SITE_RES_001,0.293,228.8,50.09,OK
2025-01-26T13:00:00,SITE_RES_001,0.374,232.5,49.97,OK
2025-01-13T20:00:00,SITE_IND_002,2.009,234.3,49.77,OK
2025-01-03T09:00:00,SITE_IND_001,2.794,231.6,49.99,OK
2025-01-17T17:00:00,SITE_COM_001,1.255,230.7,50.05,OK
2025-01-22T01:00:00,SITE_COM_001,0.482,226.6,50.09,OK
2025-01-19T11:00:00,SITE_IND_002,-777,226.6,50.08,ERROR
2025-01-10T01:00:00,SITE_COM_001,-888,232.9,49.85,ERROR
2025-01-17T21:00:00,SITE_RES_001,0.545,229.6,50.05,OK
2025-01-22 02:00:00,SITE_COM_002,-777,238.4,49.89,ERROR
2025-01-08T23:00:00,SITE_IND_002,1.161,231.5,49.79,OK
2025-01-28 09:00:00,SITE_COM_001,1.416,227.2,50.07,OK
02/01/2025 07:00:00,SITE_COM_001,0.497,227.6,50.28,OK
2025-01-16T15:00:00,SITE_COM_001,1.273,233.6,49.89,OK
2025-01-21 04:00:00,SITE_COM_001,0.55,231.7,50.03,OK
2025-01-04T14:00:00,SITE_COM_002,0.663,229.2,50.12,OK
2025-01-06T01:00:00,SITE_IND_002,1.262,238.0,50.06,OK
2025-01-25T05:00:00,SITE_COM_001,0.324,231.0,49.9,OK
2025-01-12T22:00:00,SITE_RES_002,0.261,224.6,50.05,OK
2025-01-12T02:00:00,SITE_IND_001,0.959,229.1,50.17,OK
2025-01-30 05:00:00,SITE_COM_001,0.536,233.0,50.0,OK
2025-01-26T23:00:00,SITE_COM_001,0.334,227.8,49.91,OK
2025-01-06T13:00:00,SITE_IND_002,1.928,223.6,49.99,OK
2025-01-06T22:00:00,SITE_RES_001,0.324,243.5,50.23,OK
2025-01-05T15:00:00,SITE_IND_002,1.377,229.2,50.02,OK
2025-01-05T16:00:00,SITE_RES_001,0.384,229.5,50.09,OK
2025-01-17T15:00:00,SITE_RES_002,0.246,230.0,50.01,OK
2025-01-06T11:00:00,SITE_COM_001,1.194,231.0,49.96,OK
2025-01-19T00:00:00,SITE_IND_001,1.068,232.7,50.15,OK
2025-01-21T10:00:00,SITE_IND_001,2.834,230.9,50.0,OK
2025-01-06T13:00:00,SITE_COM_002,0.92,234.1,49.98,OK
2025-01-07T21:00:00,SITE_RES_001,0.524,228.5,49.91,OK
26/01/2025 04:00:00,SITE_RES_001,0.376,229.6,49.97,OK
2025-01-04T17:00:00,SITE_RES_002,0.294,235.7,50.07,OK
2025-01-20T07:00:00,SITE_RES_001,0.564,234.6,49.83,OK
2025-01-20 21:00:00,SITE_COM_002,0.396,228.8,49.95,OK
2025-01-18T09:00:00,SITE_COM_001,,233.8,49.99,ERROR
2025-01-22 00:00:00,SITE_IND_001,1.721,232.3,50.09,OK
2025-01-24 18:00:00,SITE_COM_001,1.196,224.0,50.05,OK
2025-01-24T04:00:00,SITE_IND_001,1.669,231.7,50.06,OK
2025-01-18T10:00:00,SITE_COM_001,,232.5,50.07,ERROR
2025-01-02T18:00:00,SITE_COM_002,1.05,230.9,49.95,OK
2025-01-19T11:00:00,SITE_COM_002,0.714,227.8,50.13,OK
2025-01-11T11:00:00,SITE_IND_002,1.251,226.0,49.99,OK
2025-01-22T00:00:00,SITE_RES_001,0.328,227.2,49.96,OK
2025-01-30T20:00:00,SITE_IND_002,2.06,231.0,49.89,OK
2025-01-25T14:00:00,SITE_IND_002,1.372,219.6,50.14,OK
2025-01-17T00:00:00,SITE_IND_002,1.309,233.1,49.79,OK
2025-01-18 00:00:00,SITE_RES_002,0.258,228.9,50.07,OK
2025-01-01 16:00:00,SITE_RES_002,0.26,217.6,50.02,OK
2025-01-18T11:00:00,SITE_IND_002,1.267,230.0,50.17,OK
2025-01-09T04:00:00,SITE_RES_001,0.316,230.8,50.01,OK
2025-01-16T16:00:00,SITE_RES_001,0.305,232.4,50.07,OK
2025-01-30T13:00:00,SITE_IND_001,2.713,237.9,50.1,OK
2025-01-30T15:00:00,SITE_IND_001,,227.6,50.02,ERROR
2025-01-08T05:00:00,SITE_COM_002,0.351,232.5,50.0,OK
2025-01-01T14:00:00,SITE_IND_001,2.803,229.7,49.93,OK
15/01/2025 09:00:00,SITE_IND_002,1.898,235.8,50.17,OK
29/01/2025 01:00:00,SITE_RES_001,0.351,227.0,50.17,OK
2025-01-10T09:00:00,SITE_RES_002,0.225,233.2,49.93,OK
2025-01-30 12:00:00,SITE_RES_001,0.299,230.5,49.87,OK
2025-01-08T15:00:00,SITE_IND_001,3.25,232.2,50.14,OK
2025-01-20T04:00:00,SITE_RES_002,-777,235.1,50.03,ERROR
26/01/2025 12:00:00,SITE_RES_002,0.272,229.7,50.02,OK
2025-01-21T11:00:00,SITE_RES_001,0.341,232.4,50.16,OK
2025-01-10 07:00:00,SITE_RES_002,0.386,225.8,49.96,OK
2025-01-07 01:00:00,SITE_IND_002,1.19,236.0,50.03,OK
2025-01-29T01:00:00,SITE_RES_002,0.234,229.7,50.26,OK
2025-01-10T05:00:00,SITE_IND_002,1.257,229.3,50.01,OK
2025-01-09 19:00:00,SITE_COM_002,1.06,232.1,49.93,OK
2025-01-20T00:00:00,SITE_COM_002,0.367,227.1,50.11,OK
2025-01-20T19:00:00,SITE_IND_001,2.848,230.2,49.76,OK
2025-01-18T08:00:00,SITE_COM_001,,226.8,50.17,ERROR
2025-01-21T07:00:00,SITE_RES_002,0.396,230.7,49.9,OK
2025-01-28 00:00:00,SITE_RES_001,0.288,230.5,50.21,OK
2025-01-15T22:00:00,SITE_IND_002,1.29,232.7,50.05,OK
2025-01-18T11:00:00,SITE_IND_001,1.825,231.7,50.14,OK
2025-01-15T03:00:00,SITE_RES_001,-888,230.0,49.83,ERROR
12/01/2025 09:00:00,SITE_RES_001,0.403,234.9,49.95,OK
2025-01-20T19:00:00,SITE_RES_001,0.475,237.3,50.13,OK
2025-01-06T14:00:00,SITE_IND_002,-777,231.4,50.36,ERROR
2025-01-12T15:00:00,SITE_COM_001,0.934,236.1,49.81,OK
2025-01-24T01:00:00,SITE_COM_001,0.514,230.6,49.89,OK
2025-01-11T06:00:00,SITE_RES_001,0.357,233.9,49.96,OK
2025-01-16T01:00:00,SITE_IND_002,-999,225.9,49.8,ERROR
2025-01-02T09:00:00,SITE_IND_001,3.227,231.6,49.98,OK
2025-01-07 12:00:00,SITE_IND_002,2.059,230.4,50.13,OK
2025-01-24T21:00:00,SITE_RES_001,0.557,229.6,50.14,OK
2025-01-24T02:00:00,SITE_IND_001,1.824,225.6,49.85,OK
2025-01-01T05:00:00,SITE_IND_001,1.857,228.8,49.9,OK
2025-01-04T07:00:00,SITE_COM_002,0.28,233.7,50.19,OK
2025-01-17 14:00:00,SITE_COM_002,0.996,231.7,49.87,OK
03/01/2025 05:00:00,SITE_IND_002,1.301,232.9,50.09,OK
25/01/2025 18:00:00,SITE_COM_002,0.667,230.5,49.97,OK
2025-01-22T05:00:00,SITE_IND_001,1.829,231.2,50.09,OK
11/01/2025 08:00:00,SITE_RES_002,0.458,229.3,49.95,OK
2025-01-06T11:00:00,SITE_RES_002,0.241,227.7,50.05,OK
2025-01-16 07:00:00,SITE_IND_002,1.999,230.0,50.0,OK
21/01/2025 19:00:00,SITE_COM_002,1.023,232.2,50.11,OK
2025-01-22 03:00:00,SITE_IND_002,1.191,226.1,49.98,OK
2025-01-02T09:00:00,SITE_COM_002,0.926,231.9,50.03,OK
2025-01-28T03:00:00,SITE_IND_002,1.139,224.1,49.78,OK
2025-01-27T14:00:00,SITE_RES_001,0.349,231.6,49.84,OK
2025-01-26T04:00:00,SITE_IND_002,0.786,230.4,50.14,OK
2025-01-19 19:00:00,SITE_COM_001,0.938,225.3,50.03,OK
19/01/2025 01:00:00,SITE_COM_002,0.259,232.5,49.93,OK
2025-01-04T07:00:00,SITE_RES_001,0.604,226.9,49.85,OK
2025-01-14T01:00:00,SITE_IND_001,1.769,232.2,49.75,OK
11/01/2025 08:00:00,SITE_COM_001,0.822,230.5,50.01,OK
26/01/2025 02:00:00,SITE_COM_002,0.264,225.4,50.16,OK
2025-01-14T18:00:00,SITE_IND_002,2.101,225.2,50.11,OK
2025-01-10T08:00:00,SITE_RES_001,0.552,230.3,50.17,OK
2025-01-23T04:00:00,SITE_RES_001,0.338,239.1,49.92,OK
15/01/2025 00:00:00,SITE_IND_001,1.867,223.5,50.21,OK
2025-01-23T04:00:00,SITE_RES_002,0.229,223.3,50.1,OK
2025-01-17T07:00:00,SITE_RES_001,0.497,228.1,49.92,OK
2025-01-21T08:00:00,SITE_IND_002,-999,227.8,50.0,ERROR
2025-01-29T04:00:00,SITE_RES_002,0.254,227.2,50.22,OK
2025-01-03T06:00:00,SITE_RES_002,0.254,226.7,50.0,OK
2025-01-01T19:00:00,SITE_IND_001,3.249,227.0,50.02,OK
2025-01-14 06:00:00,SITE_RES_001,-888,227.9,50.02,ERROR
2025-01-05T13:00:00,SITE_COM_001,0.975,220.5,49.91,OK
2025-01-12T23:00:00,SITE_COM_001,0.347,234.3,49.83,OK
2025-01-12T11:00:00,SITE_COM_002,0.708,230.7,50.06,OK
2025-01-27T00:00:00,SITE_RES_002,0.254,229.4,49.87,OK
28/01/2025 00:00:00,SITE_IND_001,1.628,224.8,50.1,OK
2025-01-05T19:00:00,SITE_IND_001,,229.3,50.09,ERROR
2025-01-18T23:00:00,SITE_COM_001,0.375,238.2,49.95,OK
2025-01-01T14:00:00,SITE_RES_002,0.252,232.8,49.97,OK
2025-01-23T23:00:00,SITE_COM_001,0.547,227.9,49.9,OK
2025-01-27T16:00:00,SITE_COM_002,0.909,231.1,49.81,OK
11/01/2025 22:00:00,SITE_IND_002,,226.3,49.99,ERROR
12/01/2025 11:00:00,SITE_RES_002,0.282,230.9,50.06,OK
2025-01-30T03:00:00,SITE_RES_001,0.33,228.5,49.78,OK
15/01/2025 15:00:00,SITE_COM_002,0.992,231.0,50.2,OK
2025-01-08T01:00:00,SITE_COM_001,0.537,234.2,49.74,OK
2025-01-13T23:00:00,SITE_COM_002,0.381,236.2,49.91,OK
2025-01-20T12:00:00,SITE_IND_002,2.112,228.0,50.1,OK
2025-01-05T19:00:00,SITE_COM_001,0.906,232.9,49.89,OK
2025-01-18T06:00:00,SITE_IND_001,1.731,239.5,50.04,OK
2025-01-28T16:00:00,SITE_COM_002,0.955,233.0,49.82,OK
2025-01-30T04:00:00,SITE_IND_002,1.257,232.7,49.99,OK
01/01/2025 22:00:00,SITE_COM_001,0.485,227.7,50.02,OK
2025-01-02 17:00:00,SITE_IND_002,1.962,229.6,50.05,OK
07/01/2025 22:00:00,SITE_COM_002,0.395,228.3,49.92,OK
2025-01-24 04:00:00,SITE_COM_001,0.52,224.2,49.97,OK
08/01/2025 17:00:00,SITE_RES_002,0.261,227.4,50.02,OK
2025-01-11T20:00:00,SITE_IND_002,1.271,232.7,50.16,OK
2025-01-04T10:00:00,SITE_RES_002,0.271,230.8,50.18,OK
2025-01-06T20:00:00,SITE_COM_001,0.486,231.4,50.05,OK
2025-01-28T01:00:00,SITE_IND_002,1.326,229.6,49.95,OK
2025-01-07T11:00:00,SITE_RES_002,0.259,226.1,49.95,OK
2025-01-13T00:00:00,SITE_IND_002,1.131,235.8,50.01,OK
2025-01-17T20:00:00,SITE_COM_001,0.494,230.3,50.21,OK
2025-01-20T19:00:00,SITE_IND_002,1.954,238.6,49.95,OK
2025-01-03T14:00:00,SITE_COM_001,1.218,235.5,50.11,OK
2025-01-16T10:00:00,SITE_IND_001,3.027,229.3,50.04,OK
2025-01-14T10:00:00,SITE_COM_001,1.376,233.3,50.12,OK
2025-01-19T20:00:00,SITE_RES_001,0.622,234.8,50.02,OK
2025-01-28T17:00:00,SITE_RES_002,0.26,230.6,49.96,OK
2025-01-27T23:00:00,SITE_IND_002,1.33,228.1,49.95,OK
2025-01-02T05:00:00,SITE_IND_001,1.679,226.5,49.87,OK
2025-01-11T07:00:00,SITE_IND_001,1.887,232.3,50.1,OK
2025-01-29T00:00:00,SITE_RES_002,0.246,230.7,49.96,OK
2025-01-01T06:00:00,SITE_COM_001,0.525,230.6,50.11,OK
2025-01-01T09:00:00,SITE_RES_002,0.249,234.3,49.98,OK
2025-01-12T20:00:00,SITE_IND_002,1.282,229.6,49.8,OK
2025-01-26 00:00:00,SITE_RES_002,0.257,226.7,49.96,OK
09/01/2025 10:00:00,SITE_COM_001,1.397,233.4,49.83,OK
25/01/2025 21:00:00,SITE_RES_002,0.409,222.7,50.16,OK
2025-01-27 23:00:00,SITE_COM_001,0.469,225.9,50.13,OK
2025-01-30T12:00:00,SITE_IND_002,2.139,233.1,50.13,OK
2025-01-30 10:00:00,SITE_RES_002,0.246,224.5,49.96,OK
2025-01-14T11:00:00,SITE_IND_001,3.281,228.7,49.89,OK
2025-01-16T01:00:00,SITE_COM_001,0.476,230.1,49.87,OK
2025-01-24T20:00:00,SITE_IND_001,3.109,220.6,49.91,OK
2025-01-09T14:00:00,SITE_COM_001,-999,230.4,49.96,ERROR
2025-01-05T16:00:00,SITE_COM_001,0.976,228.0,50.18,OK
2025-01-06T02:00:00,SITE_IND_002,1.234,242.3,50.12,OK
2025-01-25T16:00:00,SITE_COM_001,0.86,231.3,50.03,OK
2025-01-27T13:00:00,SITE_RES_001,0.34,226.0,49.96,OK
2025-01-08T14:00:00,SITE_RES_002,0.263,231.4,50.13,OK
2025-01-12T21:00:00,SITE_IND_001,1.102,230.9,50.12,OK
2025-01-09T08:00:00,SITE_COM_001,2.854,232.4,50.08,OK
2025-01-06T06:00:00,SITE_IND_002,2.168,229.3,50.16,OK
2025-01-15T04:00:00,SITE_RES_002,0.223,230.5,50.06,OK
2025-01-07T05:00:00,SITE_IND_002,1.241,235.9,49.98,OK
2025-01-03T11:00:00,SITE_COM_001,1.398,231.6,50.05,OK
2025-01-20T06:00:00,SITE_RES_002,0.252,230.3,49.94,OK
11/01/2025 09:00:00,SITE_IND_001,1.753,220.8,50.1,OK
2025-01-19T05:00:00,SITE_RES_001,0.385,228.1,49.74,OK
2025-01-19 08:00:00,SITE_IND_002,4.872,229.5,49.99,OK
2025-01-24T19:00:00,SITE_RES_001,0.511,231.1,49.94,OK
03/01/2025 23:00:00,SITE_RES_001,0.325,231.0,49.99,OK
2025-01-28T15:00:00,SITE_COM_002,0.882,223.6,50.02,OK
2025-01-18T05:00:00,SITE_IND_001,1.105,225.2,50.0,OK
2025-01-25 14:00:00,SITE_COM_002,0.719,227.5,50.08,OK
2025-01-26T23:00:00,SITE_IND_002,0.734,236.9,49.99,OK
2025-01-01T15:00:00,SITE_COM_002,0.926,232.2,49.87,OK
11/01/2025 01:00:00,SITE_IND_001,0.968,230.1,50.03,OK
2025-01-20T13:00:00,SITE_IND_001,3.116,231.9,50.02,OK
2025-01-08T05:00:00,SITE_IND_001,1.816,236.3,49.9,OK
2025-01-13T19:00:00,SITE_COM_001,1.403,226.6,49.89,OK
2025-01-12T12:00:00,SITE_IND_002,,227.6,49.95,ERROR
2025-01-21T16:00:00,SITE_IND_001,2.729,229.8,49.88,OK
2025-01-30T15:00:00,SITE_IND_002,2.235,227.2,50.03,OK
2025-01-24 18:00:00,SITE_IND_002,2.087,224.2,50.05,OK
2025-01-15T11:00:00,SITE_RES_002,0.243,226.7,50.05,OK
2025-01-23T11:00:00,SITE_IND_002,2.172,236.2,49.89,OK
30/01/2025 21:00:00,SITE_RES_001,0.493,238.9,49.93,OK
2025-01-15 08:00:00,SITE_RES_002,0.36,229.2,49.87,OK
22/01/2025 10:00:00,SITE_IND_001,2.846,227.9,49.95,OK
2025-01-01T21:00:00,SITE_COM_002,0.396,235.2,50.12,OK
2025-01-20T03:00:00,SITE_RES_002,0.221,229.6,50.03,OK
2025-01-02T13:00:00,SITE_RES_002,0.222,236.2,50.07,OK
2025-01-18T07:00:00,SITE_COM_002,0.237,232.3,50.06,OK
2025-01-10T18:00:00,SITE_COM_002,0.981,225.7,50.01,OK
2025-01-12T03:00:00,SITE_IND_002,0.732,227.3,50.01,OK
2025-01-23T03:00:00,SITE_COM_002,0.366,232.9,50.18,OK
2025-01-21T19:00:00,SITE_IND_001,3.059,228.4,49.91,OK
2025-01-21T17:00:00,SITE_IND_001,2.83,230.9,49.97,OK
2025-01-15 12:00:00,SITE_RES_001,0.306,231.1,49.88,OK
2025-01-08 08:00:00,SITE_COM_001,1.304,237.4,49.96,OK
2025-01-22T14:00:00,SITE_IND_001,3.249,227.2,50.09,OK
2025-01-26T08:00:00,SITE_COM_002,0.655,232.1,49.86,OK
2025-01-17T05:00:00,SITE_RES_002,0.248,231.9,49.94,OK
2025-01-02T19:00:00,SITE_RES_002,-777,230.6,49.97,ERROR
2025-01-02T17:00:00,SITE_RES_002,0.257,228.5,49.99,OK
2025-01-04T12:00:00,SITE_IND_001,1.7,231.8,49.88,OK
2025-01-02T21:00:00,SITE_COM_002,0.405,228.0,49.95,OK
2025-01-19 08:00:00,SITE_RES_002,0.461,236.8,49.82,OK
2025-01-01 23:00:00,SITE_RES_002,0.238,229.3,49.98,OK
2025-01-16 06:00:00,SITE_IND_001,2.775,224.3,50.19,OK
2025-01-04T18:00:00,SITE_COM_001,0.947,228.9,49.99,OK
2025-01-08T17:00:00,SITE_IND_002,2.01,234.2,49.82,OK
2025-01-06T10:00:00,SITE_IND_002,2.014,234.5,50.03,OK
2025-01-10T20:00:00,SITE_COM_002,0.34,229.9,50.04,OK
2025-01-11T03:00:00,SITE_RES_001,-888,232.8,49.92,ERROR
2025-01-13 13:00:00,SITE_COM_001,1.367,230.5,50.02,OK
06/01/2025 14:00:00,SITE_COM_002,0.91,227.3,50.08,OK
2025-01-26T05:00:00,SITE_IND_001,1.048,232.2,50.08,OK
2025-01-24T20:00:00,SITE_IND_002,2.149,233.4,49.94,OK
2025-01-06T05:00:00,SITE_RES_001,-999,229.0,49.77,ERROR
2025-01-16T19:00:00,SITE_RES_002,0.393,222.7,49.98,OK
2025-01-09 11:00:00,SITE_COM_002,1.003,231.6,50.02,OK
20/01/2025 20:00:00,SITE_COM_001,0.508,229.7,49.9,OK
2025-01-22T03:00:00,SITE_RES_002,0.227,230.3,49.86,OK
2025-01-18 23:00:00,SITE_IND_001,-888,230.9,49.84,ERROR
2025-01-29T11:00:00,SITE_IND_001,3.207,227.6,50.13,OK
2025-01-08T18:00:00,SITE_COM_002,0.999,226.7,49.92,OK
2025-01-22T16:00:00,SITE_RES_002,0.247,229.8,49.86,OK
2025-01-29T13:00:00,SITE_RES_002,0.22,225.5,49.91,OK
2025-01-02T22:00:00,SITE_IND_001,1.716,225.8,50.2,OK
2025-01-09 09:00:00,SITE_COM_002,1.07,232.8,49.95,OK
2025-01-20T03:00:00,SITE_RES_001,0.3,225.6,50.08,OK
2025-01-17T22:00:00,SITE_IND_002,1.161,228.9,49.83,OK
2025-01-14T14:00:00,SITE_IND_001,3.111,224.3,49.97,OK
2025-01-20T06:00:00,SITE_COM_002,0.376,235.4,49.87,OK
2025-01-24T21:00:00,SITE_COM_001,0.512,227.5,49.89,OK
2025-01-13T23:00:00,SITE_RES_002,0.259,231.5,50.15,OK
2025-01-12T22:00:00,SITE_IND_002,0.788,228.3,50.24,OK
2025-01-09T15:00:00,SITE_COM_002,0.901,226.1,50.12,OK
2025-01-19T19:00:00,SITE_COM_002,0.731,230.0,49.99,OK
2025-01-17T13:00:00,SITE_RES_001,0.324,235.7,50.07,OK
2025-01-02T12:00:00,SITE_COM_002,0.971,226.0,49.95,OK
2025-01-15T03:00:00,SITE_COM_001,0.494,223.2,50.12,OK
2025-01-29 07:00:00,SITE_IND_002,1.932,233.2,49.86,OK
2025-01-05T17:00:00,SITE_RES_001,0.362,235.9,49.71,OK
2025-01-01T03:00:00,SITE_COM_002,0.391,231.3,49.98,OK
30/01/2025 06:00:00,SITE_COM_002,0.351,225.2,49.99,OK
2025-01-06 01:00:00,SITE_IND_001,1.874,234.0,49.96,OK
2025-01-06T07:00:00,SITE_RES_002,0.399,237.5,49.98,OK
16/01/2025 07:00:00,SITE_RES_001,,230.3,50.07,ERROR
2025-01-15T03:00:00,SITE_IND_001,1.663,224.9,49.81,OK
2025-01-06T05:00:00,SITE_RES_002,0.24,232.1,50.14,OK
2025-01-30T07:00:00,SITE_COM_001,0.5,235.2,50.34,OK
2025-01-07T18:00:00,SITE_COM_001,1.415,227.4,49.8,OK
2025-01-30 06:00:00,SITE_COM_001,0.47,228.0,49.79,OK
30/01/2025 06:00:00,SITE_RES_002,0.261,224.7,49.99,OK
2025-01-27T12:00:00,SITE_RES_002,0.253,233.6,50.09,OK
2025-01-02T12:00:00,SITE_RES_001,0.348,230.8,50.11,OK
2025-01-09 08:00:00,SITE_RES_001,0.562,224.5,49.95,OK
2025-01-16T09:00:00,SITE_IND_002,2.277,234.3,49.96,OK
2025-01-26T11:00:00,SITE_RES_002,0.28,230.3,50.03,OK
2025-01-27 02:00:00,SITE_IND_002,1.144,227.3,50.06,OK
2025-01-15 19:00:00,SITE_IND_002,2.196,225.0,49.76,OK
2025-01-20T01:00:00,SITE_COM_002,0.346,234.9,49.86,OK
2025-01-28T04:00:00,SITE_COM_002,0.393,234.3,49.88,OK
2025-01-27T01:00:00,SITE_COM_002,0.369,232.2,50.07,OK
2025-01-27 00:00:00,SITE_IND_002,1.21,228.2,49.94,OK
2025-01-03T10:00:00,SITE_IND_001,3.057,228.7,49.92,OK
2025-01-16T02:00:00,SITE_RES_002,0.261,226.7,50.05,OK
2025-01-30T20:00:00,SITE_COM_002,0.393,226.0,50.04,OK
2025-01-18T02:00:00,SITE_COM_001,0.329,235.9,49.89,OK
2025-01-14 20:00:00,SITE_COM_002,0.408,232.7,49.96,OK
2025-01-07T21:00:00,SITE_RES_002,0.364,230.0,49.99,OK
2025-01-21T21:00:00,SITE_COM_002,0.374,230.0,49.85,OK
2025-01-27T07:00:00,SITE_COM_002,0.353,228.1,49.83,OK
2025-01-22 01:00:00,SITE_IND_002,1.164,226.9,49.76,OK
2025-01-21T15:00:00,SITE_RES_002,0.237,234.5,49.87,OK
2025-01-13 15:00:00,SITE_IND_001,3.244,226.2,50.16,OK
2025-01-17T12:00:00,SITE_RES_001,0.345,228.9,49.91,OK
2025-01-14T23:00:00,SITE_COM_002,0.367,235.8,50.06,OK
2025-01-02T22:00:00,SITE_COM_002,0.382,229.0,49.94,OK
2025-01-30T07:00:00,SITE_RES_002,0.414,228.3,50.3,OK
2025-01-10T15:00:00,SITE_COM_002,0.907,225.2,50.0,OK
2025-01-28T13:00:00,SITE_RES_002,0.262,225.7,50.16,OK
2025-01-29T16:00:00,SITE_RES_001,0.321,230.4,50.0,OK
2025-01-25T11:00:00,SITE_IND_001,1.671,228.3,50.12,OK
2025-01-07T16:00:00,SITE_RES_001,-888,235.8,50.08,ERROR
09/01/2025 18:00:00,SITE_IND_001,2.903,228.0,49.84,OK
02/01/2025 00:00:00,SITE_RES_001,0.316,229.3,50.13,OK
19/01/2025 23:00:00,SITE_IND_001,1.066,223.7,49.96,OK
2025-01-29T11:00:00,SITE_COM_001,1.33,228.2,50.1,OK
2025-01-22 13:00:00,SITE_IND_001,2.759,234.5,49.98,OK
2025-01-29T17:00:00,SITE_COM_001,1.388,232.0,50.1,OK
2025-01-19T05:00:00,SITE_COM_001,0.33,232.3,50.23,OK
2025-01-10T03:00:00,SITE_RES_001,0.348,226.0,50.09,OK
2025-01-02 02:00:00,SITE_RES_001,0.31,223.9,49.97,OK
2025-01-27T01:00:00,SITE_IND_002,1.187,225.8,49.84,OK
2025-01-24T16:00:00,SITE_COM_001,1.43,233.9,49.74,OK
2025-01-20T20:00:00,SITE_RES_002,0.404,237.0,50.09,OK
2025-01-06 18:00:00,SITE_COM_002,0.946,225.3,49.96,OK
2025-01-01T04:00:00,SITE_RES_001,0.35,235.6,50.05,OK
2025-01-17T16:00:00,SITE_RES_002,0.264,236.4,50.08,OK
2025-01-30T05:00:00,SITE_RES_002,0.245,231.1,50.15,OK
2025-01-25T12:00:00,SITE_RES_001,0.363,230.9,49.94,OK
2025-01-07T07:00:00,SITE_RES_002,-777,225.4,49.78,ERROR
2025-01-23T06:00:00,SITE_RES_002,0.226,228.6,49.85,OK
2025-01-16 16:00:00,SITE_COM_002,0.979,232.0,50.1,OK
27/01/2025 09:00:00,SITE_COM_002,0.987,228.5,50.07,OK
29/01/2025 04:00:00,SITE_COM_001,0.458,232.6,49.88,OK
2025-01-28 19:00:00,SITE_COM_001,1.416,230.7,50.04,OK
2025-01-18T06:00:00,SITE_IND_002,1.358,236.3,50.1,OK
07/01/2025 12:00:00,SITE_COM_001,,231.5,50.06,ERROR
2025-01-01 23:00:00,SITE_RES_001,0.327,236.7,49.99,OK
2025-01-28T23:00:00,SITE_COM_002,0.371,231.4,49.82,OK
30/01/2025 18:00:00,SITE_COM_002,0.93,234.1,49.94,OK
2025-01-20T13:00:00,SITE_IND_002,4.82,226.7,50.13,OK
2025-01-30T02:00:00,SITE_COM_001,0.484,236.5,49.97,OK
2025-01-10T21:00:00,SITE_COM_001,0.507,229.9,50.09,OK
2025-01-12T10:00:00,SITE_COM_002,0.691,228.5,49.9,OK
2025-01-03T05:00:00,SITE_COM_002,0.412,231.6,50.11,OK
2025-01-15T12:00:00,SITE_IND_001,2.748,229.7,50.23,OK
2025-01-22T02:00:00,SITE_RES_002,0.251,231.2,49.98,OK
2025-01-28 22:00:00,SITE_IND_001,1.827,231.0,50.05,OK
2025-01-29T02:00:00,SITE_IND_002,1.301,236.0,49.98,OK
2025-01-10T22:00:00,SITE_IND_002,1.127,223.7,49.82,OK
2025-01-01T16:00:00,SITE_COM_002,-888,227.0,49.93,ERROR
2025-01-03T21:00:00,SITE_IND_001,-999,227.0,49.97,ERROR
2025-01-09T13:00:00,SITE_COM_002,0.986,227.9,50.15,OK
09/01/2025 21:00:00,SITE_IND_002,1.323,231.7,50.13,OK
2025-01-22T20:00:00,SITE_COM_001,0.494,238.1,50.01,OK
2025-01-29T01:00:00,SITE_IND_002,1.298,231.3,50.21,OK
29/01/2025 06:00:00,SITE_COM_002,0.357,228.8,49.8,OK
28/01/2025 00:00:00,SITE_RES_002,0.251,233.4,50.22,OK
2025-01-01 20:00:00,SITE_COM_002,0.41,219.2,49.92,OK
2025-01-09T05:00:00,SITE_IND_001,1.768,223.3,50.18,OK
2025-01-27T05:00:00,SITE_COM_002,0.367,230.6,49.99,OK
2025-01-07 07:00:00,SITE_IND_001,3.114,227.2,49.89,OK
2025-01-12 16:00:00,SITE_RES_002,,235.6,49.85,ERROR
2025-01-10T23:00:00,SITE_COM_002,0.353,230.8,49.89,OK
09/01/2025 03:00:00,SITE_COM_002,0.345,229.0,50.16,OK
2025-01-11T06:00:00,SITE_COM_002,0.267,227.0,50.01,OK
2025-01-18T02:00:00,SITE_RES_001,0.381,221.5,50.17,OK
09/01/2025 23:00:00,SITE_IND_001,1.88,224.2,50.06,OK
2025-01-29T06:00:00,SITE_IND_002,2.122,221.5,50.1,OK
2025-01-25T08:00:00,SITE_RES_001,0.653,227.8,50.02,OK
2025-01-14T09:00:00,SITE_COM_001,1.267,233.4,49.99,OK
2025-01-15T02:00:00,SITE_RES_001,0.319,229.2,50.0,OK
2025-01-05 04:00:00,SITE_COM_001,0.365,227.2,49.95,OK
2025-01-14T20:00:00,SITE_IND_002,1.895,231.3,50.15,OK
2025-01-09T05:00:00,SITE_COM_002,0.394,228.5,50.1,OK
2025-01-30 04:00:00,SITE_RES_001,0.295,230.6,50.06,OK
2025-01-30T18:00:00,SITE_RES_002,0.407,222.2,50.0,OK
2025-01-11T14:00:00,SITE_RES_001,0.347,227.8,49.98,OK
2025-01-20T00:00:00,SITE_RES_001,0.346,231.4,49.96,OK
2025-01-06 19:00:00,SITE_IND_002,2.151,231.3,49.96,OK
2025-01-26T23:00:00,SITE_RES_001,0.378,228.3,49.79,OK
2025-01-23T23:00:00,SITE_IND_002,1.109,225.3,50.02,OK
2025-01-12T03:00:00,SITE_IND_001,1.013,234.9,50.0,OK
11/01/2025 11:00:00,SITE_COM_002,0.616,226.2,50.15,OK
2025-01-17T06:00:00,SITE_RES_001,0.329,236.5,49.96,OK
2025-01-29T19:00:00,SITE_RES_001,0.488,226.4,49.98,OK
2025-01-12T05:00:00,SITE_RES_001,0.403,228.8,49.94,OK
2025-01-05T15:00:00,SITE_COM_001,0.887,229.0,50.01,OK
2025-01-03 08:00:00,SITE_RES_002,0.393,228.9,50.14,OK
2025-01-22T18:00:00,SITE_COM_001,-888,228.5,49.92,ERROR
2025-01-15 22:00:00,SITE_IND_001,1.832,225.2,49.85,OK
2025-01-25T17:00:00,SITE_COM_001,0.954,236.1,49.92,OK
2025-01-18T06:00:00,SITE_RES_002,0.253,232.2,50.02,OK
2025-01-18T15:00:00,SITE_IND_002,1.174,234.3,50.0,OK
2025-01-11T11:00:00,SITE_RES_002,0.301,229.3,49.99,OK
03/01/2025 02:00:00,SITE_IND_002,1.324,228.9,49.86,OK
2025-01-14 00:00:00,SITE_RES_002,0.236,224.3,50.01,OK
2025-01-13T12:00:00,SITE_COM_001,1.244,234.2,50.08,OK
2025-01-27T02:00:00,SITE_COM_002,0.411,228.8,50.08,OK
2025-01-19 07:00:00,SITE_IND_001,1.743,225.8,50.16,OK
2025-01-18T22:00:00,SITE_RES_001,0.36,231.1,50.12,OK
2025-01-24T09:00:00,SITE_COM_002,1.04,226.3,50.1,OK
2025-01-22T18:00:00,SITE_RES_001,0.508,227.8,50.1,OK
2025-01-06T19:00:00,SITE_RES_002,0.401,230.4,49.8,OK
2025-01-28T08:00:00,SITE_COM_001,1.313,223.3,49.84,OK
2025-01-11 16:00:00,SITE_RES_001,0.36,228.4,49.92,OK
09/01/2025 15:00:00,SITE_IND_002,2.113,237.5,50.0,OK
2025-01-26T21:00:00,SITE_IND_002,0.733,232.4,49.77,OK
2025-01-22T06:00:00,SITE_RES_001,0.299,230.4,50.06,OK
2025-01-23T19:00:00,SITE_COM_002,1.02,233.7,50.07,OK
2025-01-08T09:00:00,SITE_RES_001,0.299,234.8,49.97,OK
2025-01-28T15:00:00,SITE_RES_001,0.351,235.3,49.93,OK
2025-01-23T04:00:00,SITE_IND_002,1.342,230.9,50.0,OK
2025-01-16T23:00:00,SITE_COM_001,-777,228.1,49.88,ERROR
2025-01-21T20:00:00,SITE_IND_001,2.786,228.5,49.93,OK
2025-01-01 23:00:00,SITE_IND_002,1.241,232.0,49.97,OK
2025-01-24T11:00:00,SITE_IND_002,1.993,235.0,50.07,OK
11/01/2025 16:00:00,SITE_IND_001,1.673,230.2,49.99,OK
08/01/2025 18:00:00,SITE_RES_001,0.562,224.6,50.0,OK
2025-01-02T09:00:00,SITE_IND_002,2.197,221.8,49.93,OK
2025-01-15T04:00:00,SITE_COM_001,0.476,231.4,50.04,OK
2025-01-05 16:00:00,SITE_COM_002,0.737,228.3,50.01,OK
2025-01-19 16:00:00,SITE_IND_002,-888,231.8,50.16,ERROR
2025-01-02T15:00:00,SITE_IND_001,2.903,227.5,49.95,OK
2025-01-04T12:00:00,SITE_IND_002,1.296,226.5,50.05,OK
2025-01-25T13:00:00,SITE_RES_001,0.333,231.9,49.98,OK
2025-01-25T21:00:00,SITE_RES_001,0.62,231.7,49.9,OK
2025-01-04T17:00:00,SITE_RES_001,0.359,231.9,50.04,OK
2025-01-30T17:00:00,SITE_IND_001,,230.6,50.08,ERROR
2025-01-01T04:00:00,SITE_COM_001,0.548,230.1,50.06,OK
2025-01-12 15:00:00,SITE_IND_001,1.752,230.4,49.84,OK
2025-01-06T00:00:00,SITE_COM_002,0.385,231.3,50.02,OK
2025-01-30 21:00:00,SITE_IND_001,-888,225.1,49.84,ERROR
2025-01-02T07:00:00,SITE_COM_002,0.398,226.9,49.93,OK
2025-01-27T08:00:00,SITE_COM_001,1.421,232.0,49.95,OK
2025-01-29T19:00:00,SITE_RES_002,0.364,228.9,49.85,OK
2025-01-28 13:00:00,SITE_COM_001,1.184,228.3,49.68,OK
2025-01-17T09:00:00,SITE_RES_002,0.239,240.9,50.07,OK
01/01/2025 12:00:00,SITE_RES_002,-999,231.4,49.97,ERROR
2025-01-02T02:00:00,SITE_IND_002,1.212,229.7,50.09,OK
2025-01-13T13:00:00,SITE_COM_002,-999,226.4,50.06,ERROR
29/01/2025 22:00:00,SITE_COM_001,0.521,226.9,50.18,OK
2025-01-20 23:00:00,SITE_COM_002,0.395,229.4,50.01,OK
2025-01-11T21:00:00,SITE_IND_002,0.758,232.5,49.88,OK
2025-01-07 16:00:00,SITE_RES_002,0.221,234.0,49.78,OK
2025-01-12 17:00:00,SITE_IND_001,1.851,239.1,50.05,OK
2025-01-15T04:00:00,SITE_IND_001,1.611,234.4,49.81,OK
2025-01-12T21:00:00,SITE_COM_001,0.362,233.9,50.16,OK
2025-01-23T11:00:00,SITE_RES_001,0.292,230.8,50.03,OK
2025-01-01T10:00:00,SITE_COM_002,1.013,235.1,49.85,OK
2025-01-02T08:00:00,SITE_RES_001,0.548,230.7,50.07,OK
2025-01-27T23:00:00,SITE_RES_002,0.26,231.7,50.03,OK
2025-01-08T22:00:00,SITE_IND_002,1.284,234.4,49.85,OK
2025-01-06T04:00:00,SITE_IND_001,1.717,232.3,50.12,OK
2025-01-01T01:00:00,SITE_RES_001,0.309,227.5,49.97,OK
2025-01-28T03:00:00,SITE_COM_001,0.514,227.7,50.08,OK
2025-01-24T08:00:00,SITE_COM_001,1.237,233.4,49.93,OK
2025-01-10T11:00:00,SITE_IND_002,2.225,220.3,49.91,OK
2025-01-27T21:00:00,SITE_IND_002,1.293,227.3,50.07,OK
2025-01-07 06:00:00,SITE_IND_001,2.751,229.1,49.86,OK
2025-01-10T18:00:00,SITE_RES_002,-777,227.2,49.77,ERROR
2025-01-13T22:00:00,SITE_COM_002,0.386,226.8,50.09,OK
2025-01-29T03:00:00,SITE_RES_002,0.225,235.9,49.94,OK
2025-01-15T08:00:00,SITE_IND_002,2.042,221.4,49.9,OK
2025-01-05 00:00:00,SITE_IND_002,0.795,227.8,49.87,OK
2025-01-19T09:00:00,SITE_COM_001,0.932,226.0,50.06,OK
2025-01-08T11:00:00,SITE_COM_002,-888,232.9,49.97,ERROR
2025-01-22T05:00:00,SITE_IND_002,1.291,234.4,49.92,OK
2025-01-10T02:00:00,SITE_COM_002,0.354,229.7,50.1,OK
2025-01-01T19:00:00,SITE_COM_001,,232.4,49.89,ERROR
2025-01-21T07:00:00,SITE_IND_001,3.222,233.2,49.94,OK
2025-01-19 17:00:00,SITE_COM_001,0.985,233.4,50.01,OK
20/01/2025 03:00:00,SITE_IND_001,1.578,228.3,49.98,OK
21/01/2025 11:00:00,SITE_IND_002,1.918,240.5,49.85,OK
2025-01-01T06:00:00,SITE_COM_002,0.397,227.7,49.81,OK
2025-01-05T02:00:00,SITE_RES_001,,227.6,49.91,ERROR
2025-01-21T18:00:00,SITE_IND_002,2.107,229.1,49.97,OK
25/01/2025 02:00:00,SITE_IND_001,1.059,231.0,49.89,OK
2025-01-01T20:00:00,SITE_COM_001,0.463,230.6,49.93,OK
2025-01-07T15:00:00,SITE_IND_002,2.124,231.7,50.0,OK
2025-01-19 23:00:00,SITE_COM_002,0.248,228.8,50.13,OK
2025-01-03T11:00:00,SITE_COM_001,1.398,231.6,50.05,OK
2025-01-23T15:00:00,SITE_RES_002,0.251,224.6,49.88,OK
2025-01-21T11:00:00,SITE_COM_001,1.389,230.4,50.02,OK
2025-01-16T22:00:00,SITE_IND_002,1.183,235.5,49.75,OK
2025-01-01T18:00:00,SITE_RES_001,0.563,229.3,50.0,OK
2025-01-11T18:00:00,SITE_RES_002,0.444,228.3,50.09,OK
2025-01-24T06:00:00,SITE_RES_002,0.24,234.4,50.04,OK
12/01/2025 21:00:00,SITE_RES_002,0.448,222.2,50.0,OK
2025-01-16T19:00:00,SITE_IND_001,3.044,226.0,49.98,OK
2025-01-20T15:00:00,SITE_RES_002,0.259,233.1,50.06,OK
2025-01-23 15:00:00,SITE_IND_002,2.115,231.6,50.18,OK
02/01/2025 23:00:00,SITE_COM_001,-888,233.5,50.06,ERROR
2025-01-06T03:00:00,SITE_RES_001,0.338,229.6,49.98,OK
2025-01-12T19:00:00,SITE_RES_001,0.593,234.4,50.07,OK
2025-01-01T07:00:00,SITE_COM_002,0.389,237.3,49.77,OK
11/01/2025 10:00:00,SITE_RES_002,0.25,227.1,49.88,OK
2025-01-28T08:00:00,SITE_IND_002,2.128,233.5,49.96,OK
22/01/2025 11:00:00,SITE_RES_002,0.225,231.4,49.96,OK
2025-01-12T08:00:00,SITE_IND_001,1.755,235.2,50.22,OK
2025-01-17 13:00:00,SITE_COM_001,-999,228.7,50.04,ERROR
2025-01-15T08:00:00,SITE_IND_001,2.841,233.9,50.0,OK
2025-01-25T04:00:00,SITE_RES_002,0.256,235.0,49.86,OK
2025-01-03T20:00:00,SITE_COM_001,0.511,232.4,49.87,OK
30/01/2025 21:00:00,SITE_COM_002,0.369,230.3,49.88,OK
2025-01-26T22:00:00,SITE_IND_002,0.674,235.7,50.22,OK
2025-01-03T03:00:00,SITE_RES_002,0.262,235.7,50.12,OK
2025-01-20T17:00:00,SITE_IND_001,3.149,226.7,49.92,OK
2025-01-01T21:00:00,SITE_RES_002,0.415,230.1,50.04,OK
2025-01-18T07:00:00,SITE_IND_001,1.968,230.8,50.11,OK
2025-01-30 23:00:00,SITE_COM_002,0.339,229.2,49.92,OK
2025-01-24T21:00:00,SITE_IND_001,1.823,226.9,50.04,OK
30/01/2025 02:00:00,SITE_IND_002,1.221,231.7,49.96,OK
2025-01-27 06:00:00,SITE_COM_002,0.363,225.8,50.05,OK
2025-01-30 01:00:00,SITE_IND_001,1.67,232.4,50.04,OK
2025-01-23T02:00:00,SITE_IND_002,1.134,225.5,49.94,OK
25/01/2025 02:00:00,SITE_COM_002,0.276,232.5,50.08,OK
2025-01-08 23:00:00,SITE_RES_001,0.347,233.3,49.76,OK
2025-01-01T21:00:00,SITE_IND_002,1.198,240.4,49.99,OK
2025-01-08T08:00:00,SITE_RES_001,0.531,231.4,50.0,OK
2025-01-26T10:00:00,SITE_IND_002,1.154,225.2,49.84,OK
2025-01-05T13:00:00,SITE_COM_002,0.726,237.8,50.01,OK
2025-01-10T08:00:00,SITE_RES_002,-888,228.5,49.88,ERROR
2025-01-26T05:00:00,SITE_COM_002,0.279,229.4,49.87,OK
2025-01-25 18:00:00,SITE_IND_002,1.351,231.9,49.93,OK
2025-01-18T05:00:00,SITE_RES_001,0.356,239.9,49.83,OK
07/01/2025 02:00:00,SITE_RES_002,0.253,225.3,50.07,OK
2025-01-29T11:00:00,SITE_RES_002,0.238,230.4,49.6,OK
2025-01-13T01:00:00,SITE_IND_002,1.18,228.5,50.05,OK
2025-01-04T02:00:00,SITE_COM_002,0.285,223.7,50.0,OK
2025-01-26T18:00:00,SITE_RES_001,0.589,226.5,50.24,OK
2025-01-02T11:00:00,SITE_COM_002,1.021,226.7,50.16,OK
2025-01-07T15:00:00,SITE_RES_001,0.292,225.4,50.2,OK
2025-01-13T15:00:00,SITE_COM_001,1.427,231.1,50.03,OK
26/01/2025 21:00:00,SITE_RES_001,0.644,230.3,50.16,OK
2025-01-25T10:00:00,SITE_COM_001,0.958,230.6,50.09,OK
28/01/2025 21:00:00,SITE_RES_001,0.557,233.2,50.03,OK
2025-01-19T02:00:00,SITE_COM_002,-888,230.2,49.73,ERROR
25/01/2025 10:00:00,SITE_IND_001,1.77,231.9,49.99,OK
08/01/2025 13:00:00,SITE_RES_001,0.346,225.8,49.91,OK
2025-01-06T18:00:00,SITE_RES_001,0.54,230.6,50.05,OK
2025-01-21T14:00:00,SITE_COM_001,1.226,235.9,50.04,OK
2025-01-12T04:00:00,SITE_RES_002,-888,231.1,50.06,ERROR
2025-01-29T02:00:00,SITE_RES_002,0.221,227.5,49.98,OK
2025-01-04T01:00:00,SITE_RES_002,0.269,230.4,49.85,OK
23/01/2025 08:00:00,SITE_COM_002,1.067,233.5,49.79,OK
2025-01-22 19:00:00,SITE_IND_001,3.085,227.6,50.0,OK
2025-01-17 18:00:00,SITE_RES_001,0.568,232.3,50.17,OK
2025-01-07T23:00:00,SITE_RES_002,0.264,238.3,50.22,OK
2025-01-01T13:00:00,SITE_IND_001,2.86,235.3,49.93,OK
10/01/2025 14:00:00,SITE_IND_001,3.096,233.0,49.86,OK
2025-01-23 15:00:00,SITE_RES_001,0.312,234.4,50.0,OK
2025-01-02T14:00:00,SITE_RES_002,0.257,226.3,49.96,OK
2025-01-10T16:00:00,SITE_RES_002,0.252,231.2,49.86,OK
2025-01-08T05:00:00,SITE_IND_002,1.221,221.0,49.99,OK
2025-01-03T14:00:00,SITE_RES_002,0.227,231.9,50.08,OK
2025-01-27T20:00:00,SITE_IND_002,2.213,228.9,50.06,OK
2025-01-20T01:00:00,SITE_IND_002,1.13,229.2,50.01,OK
2025-01-24T09:00:00,SITE_IND_001,2.928,232.2,50.08,OK
2025-01-14T23:00:00,SITE_IND_001,1.762,227.3,50.2,OK
2025-01-24T22:00:00,SITE_RES_002,0.245,231.1,49.86,OK
14/01/2025 21:00:00,SITE_RES_001,0.49,228.7,50.08,OK
2025-01-24T08:00:00,SITE_IND_002,1.939,231.9,50.08,OK
2025-01-09T10:00:00,SITE_IND_002,2.149,227.6,49.88,OK
2025-01-02T04:00:00,SITE_COM_002,0.35,231.8,50.11,OK
2025-01-10T13:00:00,SITE_IND_002,2.047,234.8,49.95,OK
2025-01-19T22:00:00,SITE_RES_001,0.372,228.7,50.02,OK
2025-01-27T01:00:00,SITE_RES_002,0.258,230.4,50.24,OK
2025-01-26T16:00:00,SITE_IND_002,1.384,232.0,49.84,OK
2025-01-24T02:00:00,SITE_RES_002,0.254,226.1,50.01,OK
2025-01-10T00:00:00,SITE_RES_002,0.229,225.0,50.07,OK
2025-01-21T00:00:00,SITE_RES_002,-777,225.2,49.9,ERROR
2025-01-02T17:00:00,SITE_RES_001,0.334,234.9,50.14,OK
2025-01-08T04:00:00,SITE_RES_002,-999,232.5,50.15,ERROR
2025-01-26T13:00:00,SITE_IND_002,1.376,231.0,49.91,OK
2025-01-27T20:00:00,SITE_COM_002,0.367,233.0,49.89,OK
2025-01-20T05:00:00,SITE_IND_002,1.144,228.5,50.21,OK
2025-01-13T17:00:00,SITE_RES_001,0.351,233.0,50.15,OK
2025-01-22T19:00:00,SITE_IND_002,2.016,227.4,50.09,OK
2025-01-07 08:00:00,SITE_COM_001,1.361,234.4,49.94,OK
2025-01-24T05:00:00,SITE_RES_002,0.261,226.6,49.86,OK
2025-01-23T10:00:00,SITE_IND_002,1.902,231.6,50.1,OK
2025-01-26T03:00:00,SITE_COM_001,0.373,223.8,50.01,OK
2025-01-15T03:00:00,SITE_IND_002,1.139,230.9,49.93,OK
2025-01-06 00:00:00,SITE_IND_001,1.708,233.7,50.0,OK
2025-01-16T00:00:00,SITE_COM_001,0.546,227.5,50.17,OK
2025-01-21T07:00:00,SITE_IND_002,2.101,225.0,49.88,OK
2025-01-25T11:00:00,SITE_IND_001,1.671,228.3,50.12,OK
2025-01-21T12:00:00,SITE_COM_002,0.988,230.8,50.2,OK
2025-01-19 09:00:00,SITE_COM_002,0.65,238.3,49.72,OK
2025-01-15T06:00:00,SITE_RES_002,0.219,224.8,49.88,OK
2025-01-11T06:00:00,SITE_IND_002,1.357,231.4,50.02,OK
2025-01-27 14:00:00,SITE_IND_002,1.929,235.4,49.93,OK
2025-01-02T08:00:00,SITE_IND_001,3.227,231.7,49.91,OK
2025-01-14T22:00:00,SITE_COM_002,0.381,235.6,49.78,OK
22/01/2025 07:00:00,SITE_IND_001,3.135,225.7,49.95,OK
01/01/2025 20:00:00,SITE_IND_002,1.943,228.7,49.71,OK
2025-01-02T10:00:00,SITE_IND_002,2.139,226.5,49.91,OK
2025-01-01T10:00:00,SITE_IND_002,1.928,230.3,50.08,OK
2025-01-13 14:00:00,SITE_COM_001,1.324,230.4,50.21,OK
2025-01-13T18:00:00,SITE_RES_002,0.364,225.4,49.93,OK
2025-01-24T08:00:00,SITE_IND_001,3.243,235.2,49.98,OK
2025-01-22T12:00:00,SITE_COM_001,1.331,233.6,50.04,OK
2025-01-18T09:00:00,SITE_RES_001,1.082,224.8,49.98,OK
2025-01-12T22:00:00,SITE_COM_002,0.27,229.1,50.05,OK
2025-01-15T07:00:00,SITE_COM_002,0.358,231.0,50.01,OK
29/01/2025 17:00:00,SITE_IND_002,1.971,231.8,49.83,OK
2025-01-12T13:00:00,SITE_RES_001,0.384,231.6,49.98,OK
2025-01-14T05:00:00,SITE_RES_001,0.347,236.1,49.74,OK
2025-01-22T12:00:00,SITE_IND_001,2.916,229.7,50.14,OK
2025-01-30T06:00:00,SITE_RES_001,0.33,228.2,49.88,OK
2025-01-05T11:00:00,SITE_COM_001,0.956,230.8,49.79,OK
2025-01-07T14:00:00,SITE_IND_001,2.87,232.1,50.05,OK
2025-01-22T08:00:00,SITE_IND_002,2.153,231.6,50.04,OK
2025-01-29T03:00:00,SITE_IND_001,1.611,224.3,49.91,OK
2025-01-02 11:00:00,SITE_RES_002,0.256,231.1,50.09,OK
2025-01-09T09:00:00,SITE_COM_001,1.207,230.9,50.02,OK
2025-01-06 08:00:00,SITE_COM_002,-777,236.1,49.93,ERROR
2025-01-13 00:00:00,SITE_COM_001,0.453,230.3,50.01,OK
2025-01-29T12:00:00,SITE_IND_002,2.146,232.4,50.02,OK
2025-01-24T12:00:00,SITE_COM_002,1.032,235.8,50.11,OK
2025-01-03T16:00:00,SITE_COM_002,0.904,236.1,49.96,OK
2025-01-23T14:00:00,SITE_COM_001,1.407,229.2,49.86,OK
2025-01-08T03:00:00,SITE_COM_001,0.532,232.8,49.83,OK
2025-01-15 05:00:00,SITE_RES_001,-999,223.4,50.06,ERROR
2025-01-10T14:00:00,SITE_RES_001,0.3,232.0,50.17,OK
2025-01-13T15:00:00,SITE_COM_002,1.003,234.4,49.9,OK
2025-01-23T10:00:00,SITE_IND_001,,232.4,50.0,ERROR
2025-01-14 00:00:00,SITE_IND_002,1.299,237.9,49.93,OK
2025-01-22T17:00:00,SITE_IND_002,2.18,224.2,49.88,OK
2025-01-21 10:00:00,SITE_IND_002,2.063,229.4,49.64,OK
2025-01-17T07:00:00,SITE_IND_002,1.937,227.6,49.92,OK
2025-01-13 02:00:00,SITE_RES_002,0.255,232.3,50.13,OK
2025-01-09T02:00:00,SITE_IND_001,1.922,233.8,49.93,OK
2025-01-14T15:00:00,SITE_RES_002,0.25,226.7,50.1,OK
2025-01-28T09:00:00,SITE_COM_002,,234.6,49.98,ERROR
2025-01-03T22:00:00,SITE_RES_002,0.222,225.4,49.95,OK
2025-01-13T23:00:00,SITE_COM_001,0.46,228.2,49.78,OK
2025-01-05T19:00:00,SITE_IND_002,1.282,233.7,50.19,OK
2025-01-18T16:00:00,SITE_COM_002,0.719,238.1,49.86,OK
04/01/2025 11:00:00,SITE_RES_002,0.286,227.2,50.29,OK
2025-01-06T07:00:00,SITE_IND_001,2.73,228.0,50.06,OK
2025-01-06 23:00:00,SITE_IND_001,1.832,233.1,49.98,OK
2025-01-20T16:00:00,SITE_COM_002,0.922,232.8,49.75,OK
2025-01-11T17:00:00,SITE_COM_001,0.908,224.7,50.01,OK
2025-01-16T17:00:00,SITE_RES_002,0.254,228.3,49.98,OK
2025-01-21T13:00:00,SITE_COM_001,1.369,229.0,49.94,OK
2025-01-25T10:00:00,SITE_RES_001,0.356,232.1,50.03,OK
2025-01-08T07:00:00,SITE_RES_001,0.503,230.1,49.85,OK
2025-01-23T11:00:00,SITE_RES_002,0.241,234.7,50.21,OK
04/01/2025 07:00:00,SITE_IND_001,1.766,228.3,49.95,OK
2025-01-04T01:00:00,SITE_RES_001,-888,237.0,50.05,ERROR
2025-01-22T21:00:00,SITE_COM_001,-888,228.5,49.95,ERROR
2025-01-17T06:00:00,SITE_RES_002,0.255,233.8,49.94,OK
2025-01-09T20:00:00,SITE_IND_001,3.131,230.5,49.76,OK
2025-01-08 04:00:00,SITE_COM_002,0.366,226.6,50.24,OK
2025-01-17T14:00:00,SITE_COM_001,1.231,225.2,49.9,OK
2025-01-20T20:00:00,SITE_RES_001,0.535,227.3,50.09,OK
2025-01-03T10:00:00,SITE_RES_002,-777,229.2,50.02,ERROR
2025-01-29T04:00:00,SITE_RES_001,0.3,231.7,50.21,OK
2025-01-03T09:00:00,SITE_COM_002,1.038,226.1,50.1,OK
2025-01-15 19:00:00,SITE_COM_001,1.413,224.6,50.02,OK
03/01/2025 16:00:00,SITE_IND_002,2.029,230.5,50.2,OK
2025-01-07 11:00:00,SITE_COM_002,0.915,225.4,49.82,OK
2025-01-21 14:00:00,SITE_RES_002,0.224,227.2,50.3,OK
2025-01-06T05:00:00,SITE_COM_002,0.35,228.8,49.89,OK
2025-01-27T16:00:00,SITE_RES_001,0.33,229.5,50.06,OK
2025-01-16T13:00:00,SITE_RES_002,0.236,231.4,50.08,OK
2025-01-07T02:00:00,SITE_COM_001,0.454,231.2,50.05,OK
2025-01-02T00:00:00,SITE_COM_001,0.519,228.8,49.94,OK
2025-01-18 22:00:00,SITE_RES_002,0.298,227.6,49.86,OK
2025-01-05 16:00:00,SITE_IND_002,1.228,233.5,50.01,OK
2025-01-21T02:00:00,SITE_COM_002,0.376,233.2,50.01,OK
2025-01-01T17:00:00,SITE_COM_001,1.23,235.4,49.94,OK
2025-01-12T19:00:00,SITE_COM_002,0.691,228.2,50.19,OK
2025-01-12T01:00:00,SITE_COM_002,0.252,228.3,50.21,OK
2025-01-05T07:00:00,SITE_RES_002,0.413,230.3,49.94,OK
2025-01-09T19:00:00,SITE_COM_001,1.396,231.0,50.07,OK
26/01/2025 20:00:00,SITE_COM_002,0.25,228.4,50.14,OK
2025-01-07T14:00:00,SITE_COM_001,1.267,233.3,49.97,OK
2025-01-28 19:00:00,SITE_RES_001,0.503,229.3,49.98,OK
2025-01-29 20:00:00,SITE_IND_002,2.228,230.1,49.96,OK
26/01/2025 23:00:00,SITE_COM_002,0.251,227.4,49.86,OK
2025-01-27T10:00:00,SITE_RES_002,0.233,227.8,50.05,OK
2025-01-07T07:00:00,SITE_IND_002,1.994,226.6,50.15,OK
2025-01-07T08:00:00,SITE_RES_001,0.482,237.5,49.73,OK
07/01/2025 10:00:00,SITE_RES_002,0.233,225.1,50.1,OK
2025-01-03 04:00:00,SITE_IND_001,1.708,233.1,49.99,OK
2025-01-04T05:00:00,SITE_COM_001,0.371,228.6,50.0,OK
2025-01-17 07:00:00,SITE_COM_001,0.484,233.4,50.04,OK
2025-01-26T11:00:00,SITE_IND_001,1.887,230.5,49.85,OK
2025-01-03T11:00:00,SITE_IND_001,3.234,230.1,50.16,OK
2025-01-11T08:00:00,SITE_IND_002,1.283,234.2,49.92,OK
2025-01-06 23:00:00,SITE_RES_002,0.253,233.9,49.9,OK
2025-01-30T07:00:00,SITE_IND_002,2.144,231.4,49.83,OK
2025-01-10T15:00:00,SITE_RES_001,0.344,232.7,50.04,OK
2025-01-19T02:00:00,SITE_IND_001,1.144,230.6,50.01,OK
2025-01-15T16:00:00,SITE_IND_002,2.012,229.4,50.17,OK
2025-01-21 20:00:00,SITE_COM_001,0.517,231.5,50.24,OK
2025-01-12T13:00:00,SITE_COM_002,0.689,224.2,50.17,OK
2025-01-10T21:00:00,SITE_RES_001,0.533,228.6,49.98,OK
2025-01-11T10:00:00,SITE_IND_002,-999,230.9,49.81,ERROR
2025-01-30T21:00:00,SITE_RES_002,0.355,229.9,50.08,OK
2025-01-03T07:00:00,SITE_COM_002,0.363,231.9,49.83,OK
2025-01-24T19:00:00,SITE_COM_002,1.035,225.0,50.04,OK
2025-01-23T01:00:00,SITE_IND_002,-777,217.1,49.94,ERROR
2025-01-23T08:00:00,SITE_COM_001,1.189,232.9,50.1,OK
2025-01-30T11:00:00,SITE_RES_002,0.227,228.8,49.94,OK
2025-01-08T00:00:00,SITE_IND_001,1.922,228.1,50.16,OK
2025-01-24T14:00:00,SITE_COM_002,0.914,233.4,50.12,OK
2025-01-03T10:00:00,SITE_IND_002,2.109,226.4,50.06,OK
2025-01-05T19:00:00,SITE_COM_002,0.71,226.8,50.01,OK
2025-01-08T19:00:00,SITE_COM_002,0.95,229.0,49.97,OK
2025-01-03 15:00:00,SITE_RES_002,0.231,228.0,49.9,OK
2025-01-25T07:00:00,SITE_RES_001,0.637,222.7,49.92,OK
2025-01-01T02:00:00,SITE_IND_001,1.723,232.8,50.02,OK
2025-01-08T19:00:00,SITE_IND_002,2.205,231.7,50.08,OK
2025-01-18 19:00:00,SITE_IND_001,1.741,232.3,49.87,OK
2025-01-29T18:00:00,SITE_COM_001,1.263,231.8,49.94,OK
2025-01-26 07:00:00,SITE_RES_002,0.455,235.4,49.97,OK
2025-01-14T02:00:00,SITE_IND_002,1.291,230.5,49.69,OK
27/01/2025 02:00:00,SITE_RES_001,0.32,221.8,49.95,OK
2025-01-17T04:00:00,SITE_IND_002,1.179,227.5,50.15,OK
23/01/2025 00:00:00,SITE_RES_001,0.333,231.5,50.02,OK
2025-01-03T21:00:00,SITE_COM_002,0.393,229.9,49.81,OK
04/01/2025 02:00:00,SITE_IND_001,1.035,231.6,50.0,OK
11/01/2025 10:00:00,SITE_IND_001,1.656,228.0,49.86,OK
13/01/2025 17:00:00,SITE_COM_002,-888,233.7,49.99,ERROR
2025-01-07T00:00:00,SITE_RES_002,0.257,238.1,49.93,OK
2025-01-23T20:00:00,SITE_RES_001,0.552,231.4,50.16,OK
09/01/2025 07:00:00,SITE_COM_001,0.508,229.7,50.14,OK
2025-01-21T05:00:00,SITE_RES_002,0.217,230.9,49.9,OK
2025-01-07T16:00:00,SITE_IND_001,3.285,224.2,49.94,OK
19/01/2025 06:00:00,SITE_COM_001,0.336,234.0,49.9,OK
2025-01-24T19:00:00,SITE_IND_001,2.768,225.1,49.94,OK
2025-01-15 01:00:00,SITE_COM_002,0.363,229.8,50.11,OK
2025-01-18 12:00:00,SITE_RES_001,0.359,234.5,49.94,OK
2025-01-06 08:00:00,SITE_IND_001,3.157,225.2,50.14,OK
2025-01-21T04:00:00,SITE_IND_001,1.902,238.5,50.12,OK
2025-01-19T01:00:00,SITE_RES_001,0.395,226.3,50.1,OK
2025-01-25T09:00:00,SITE_RES_001,0.371,225.7,50.15,OK
05/01/2025 01:00:00,SITE_RES_002,0.271,228.7,50.08,OK
2025-01-08T07:00:00,SITE_COM_001,0.513,229.4,50.05,OK
25/01/2025 03:00:00,SITE_RES_002,0.25,228.3,49.97,OK
2025-01-20T05:00:00,SITE_COM_002,0.374,227.5,50.05,OK
2025-01-24T03:00:00,SITE_COM_002,0.405,232.4,50.19,OK
2025-01-29T10:00:00,SITE_IND_001,3.272,234.1,50.06,OK
2025-01-14T05:00:00,SITE_COM_002,0.404,230.2,49.87,OK
2025-01-15T03:00:00,SITE_RES_002,0.262,230.8,50.03,OK
2025-01-24T22:00:00,SITE_IND_002,1.11,226.3,50.02,OK
2025-01-03T11:00:00,SITE_RES_002,-888,229.8,49.99,ERROR
2025-01-16T06:00:00,SITE_IND_002,2.117,231.5,49.88,OK
2025-01-18T21:00:00,SITE_RES_002,0.412,229.0,49.96,OK
2025-01-12 22:00:00,SITE_RES_001,0.381,228.8,49.9,OK
2025-01-25T06:00:00,SITE_RES_002,0.259,241.0,50.03,OK
2025-01-19T23:00:00,SITE_RES_002,0.298,223.9,50.28,OK
2025-01-21T23:00:00,SITE_RES_002,0.261,223.4,50.07,OK
2025-01-19T05:00:00,SITE_IND_001,0.974,230.9,50.1,OK
2025-01-18T23:00:00,SITE_RES_001,0.366,229.1,49.98,OK
2025-01-17T01:00:00,SITE_RES_002,0.254,232.8,50.17,OK
2025-01-12T02:00:00,SITE_RES_002,0.289,233.1,50.1,OK
2025-01-06T02:00:00,SITE_RES_001,0.321,236.8,49.92,OK
2025-01-09T00:00:00,SITE_COM_001,0.496,232.1,50.0,OK
2025-01-06T04:00:00,SITE_IND_002,1.196,225.7,49.96,OK
2025-01-28 03:00:00,SITE_RES_002,0.24,230.6,49.81,OK
2025-01-18T12:00:00,SITE_COM_002,0.737,234.3,49.9,OK
2025-01-29T13:00:00,SITE_COM_001,1.298,234.1,50.07,OK
2025-01-12T05:00:00,SITE_RES_002,0.293,231.5,49.88,OK
20/01/2025 07:00:00,SITE_IND_002,2.004,233.5,49.86,OK
2025-01-25 00:00:00,SITE_RES_002,0.278,227.6,49.84,OK
2025-01-19 20:00:00,SITE_COM_001,0.325,227.7,50.05,OK
2025-01-11T03:00:00,SITE_COM_001,0.376,233.9,50.09,OK
2025-01-20T04:00:00,SITE_IND_001,1.675,235.0,49.99,OK
2025-01-22T14:00:00,SITE_IND_002,2.164,237.6,50.05,OK
2025-01-27T00:00:00,SITE_COM_001,0.458,224.1,50.01,OK
2025-01-14T19:00:00,SITE_COM_002,0.922,227.1,49.94,OK
16/01/2025 16:00:00,SITE_RES_002,0.241,230.9,50.01,OK
2025-01-27T21:00:00,SITE_COM_001,0.475,224.5,50.08,OK
2025-01-27T02:00:00,SITE_RES_002,0.241,227.4,50.05,OK
2025-01-18T01:00:00,SITE_IND_002,0.738,236.9,50.09,OK
2025-01-10T05:00:00,SITE_COM_001,0.455,227.8,49.92,OK
2025-01-22T15:00:00,SITE_RES_001,0.314,230.0,50.1,OK
2025-01-08T10:00:00,SITE_COM_002,0.9,230.7,50.1,OK
16/01/2025 10:00:00,SITE_COM_002,-777,223.4,49.84,ERROR
2025-01-28T00:00:00,SITE_COM_002,0.411,225.2,50.09,OK
2025-01-01T01:00:00,SITE_COM_001,,226.2,49.78,ERROR
2025-01-16 15:00:00,SITE_RES_002,0.221,223.6,49.93,OK
2025-01-14T12:00:00,SITE_IND_002,1.935,235.3,49.91,OK
2025-01-24 13:00:00,SITE_RES_001,0.319,230.1,49.97,OK
2025-01-27T00:00:00,SITE_COM_002,0.388,229.4,50.12,OK
2025-01-28T01:00:00,SITE_COM_002,0.348,219.2,49.7,OK
2025-01-23T09:00:00,SITE_IND_002,2.178,226.5,50.16,OK
2025-01-18 11:00:00,SITE_RES_001,0.389,226.5,50.01,OK
12/01/2025 14:00:00,SITE_COM_002,0.633,226.8,50.04,OK
2025-01-05T10:00:00,SITE_COM_002,0.73,233.7,49.97,OK
2025-01-24 03:00:00,SITE_RES_002,,228.9,50.11,ERROR
2025-01-06T23:00:00,SITE_COM_002,0.345,226.7,49.87,OK
2025-01-04T16:00:00,SITE_IND_001,1.958,237.9,50.21,OK
2025-01-23 16:00:00,SITE_COM_001,1.361,230.1,50.03,OK
2025-01-19 02:00:00,SITE_RES_002,0.268,229.3,49.91,OK
16/01/2025 14:00:00,SITE_COM_002,0.953,228.9,49.82,OK
2025-01-23T07:00:00,SITE_RES_002,0.405,230.3,49.78,OK
2025-01-15T17:00:00,SITE_COM_001,1.407,229.8,50.0,OK
2025-01-11T17:00:00,SITE_IND_001,1.672,232.1,50.07,OK
2025-01-22T23:00:00,SITE_IND_002,1.257,234.6,49.99,OK
2025-01-11T17:00:00,SITE_COM_002,0.701,238.0,49.95,OK
2025-01-19T04:00:00,SITE_COM_001,0.343,234.7,49.92,OK
2025-01-11T07:00:00,SITE_COM_001,0.363,227.3,50.06,OK
2025-01-05T20:00:00,SITE_RES_002,-999,229.9,49.77,ERROR
2025-01-25T08:00:00,SITE_IND_001,1.78,224.7,50.13,OK
2025-01-22T02:00:00,SITE_COM_001,0.532,227.7,49.91,OK
2025-01-07T22:00:00,SITE_RES_002,0.241,223.0,49.85,OK
2025-01-16T18:00:00,SITE_IND_002,1.911,227.5,49.98,OK
16/01/2025 22:00:00,SITE_COM_001,0.455,233.9,49.95,OK
2025-01-04 20:00:00,SITE_IND_001,1.621,234.4,49.93,OK
2025-01-14T17:00:00,SITE_COM_002,0.891,226.5,50.05,OK
2025-01-09T20:00:00,SITE_COM_002,0.346,231.5,49.98,OK
24/01/2025 07:00:00,SITE_IND_001,2.875,228.7,50.03,OK
2025-01-25T16:00:00,SITE_RES_001,0.343,231.9,50.09,OK
2025-01-06T23:00:00,SITE_RES_001,0.291,224.3,49.95,OK
2025-01-16T20:00:00,SITE_COM_001,,227.0,49.98,ERROR
2025-01-28T08:00:00,SITE_RES_001,0.571,230.2,49.89,OK
2025-01-02 12:00:00,SITE_IND_001,2.954,231.2,50.15,OK
2025-01-19T14:00:00,SITE_COM_002,0.723,226.8,50.21,OK
2025-01-18T05:00:00,SITE_COM_002,0.241,219.9,50.16,OK
2025-01-15T06:00:00,SITE_COM_001,,232.7,50.14,ERROR
2025-01-25T13:00:00,SITE_COM_002,0.715,227.6,49.96,OK
2025-01-22T07:00:00,SITE_RES_002,0.361,223.8,49.93,OK
2025-01-13 19:00:00,SITE_COM_002,0.89,227.9,49.91,OK
2025-01-09T03:00:00,SITE_IND_002,1.306,235.3,49.9,OK
2025-01-26T15:00:00,SITE_IND_002,1.149,227.6,50.01,OK
2025-01-29T14:00:00,SITE_IND_002,1.892,230.2,50.06,OK
2025-01-28 17:00:00,SITE_IND_001,3.109,235.7,50.08,OK
2025-01-28T16:00:00,SITE_RES_002,0.244,227.5,49.9,OK
2025-01-12T05:00:00,SITE_COM_002,0.271,230.3,49.93,OK
2025-01-08T05:00:00,SITE_RES_002,-777,226.1,50.04,ERROR
2025-01-16T06:00:00,SITE_COM_002,0.366,230.8,49.96,OK
2025-01-23 13:00:00,SITE_IND_002,2.031,230.9,49.88,OK
2025-01-05T20:00:00,SITE_IND_002,1.207,229.3,49.84,OK
2025-01-01 19:00:00,SITE_RES_002,0.41,227.8,49.98,OK
2025-01-26T05:00:00,SITE_IND_002,0.742,222.6,50.25,OK
24/01/2025 14:00:00,SITE_IND_001,2.898,226.3,50.19,OK
2025-01-17T01:00:00,SITE_IND_001,1.871,228.4,50.1,OK
2025-01-09T02:00:00,SITE_COM_002,0.38,225.9,50.11,OK
2025-01-01T09:00:00,SITE_COM_001,1.346,226.7,49.98,OK
2025-01-22T13:00:00,SITE_RES_001,0.312,228.4,49.84,OK
2025-01-30T03:00:00,SITE_IND_001,1.717,219.9,49.93,OK
2025-01-11T08:00:00,SITE_RES_001,0.577,224.8,50.11,OK
2025-01-06T14:00:00,SITE_COM_001,1.283,227.4,49.98,OK
2025-01-08 10:00:00,SITE_RES_002,0.243,236.8,50.13,OK
2025-01-24T23:00:00,SITE_RES_001,0.293,221.7,50.06,OK
2025-01-29 18:00:00,SITE_COM_002,0.988,230.0,50.09,OK
2025-01-03T21:00:00,SITE_COM_001,0.505,230.1,49.94,OK
2025-01-13T16:00:00,SITE_RES_002,0.254,228.8,49.73,OK
2025-01-16T10:00:00,SITE_RES_002,,221.1,50.01,ERROR
2025-01-30 17:00:00,SITE_COM_002,1.069,226.0,49.83,OK
2025-01-26T17:00:00,SITE_IND_001,1.705,232.0,49.85,OK
2025-01-05T21:00:00,SITE_RES_001,0.6,233.5,49.95,OK
26/01/2025 17:00:00,SITE_RES_002,0.271,232.1,50.07,OK
2025-01-03T20:00:00,SITE_IND_001,3.098,232.0,49.98,OK
2025-01-26T07:00:00,SITE_COM_002,0.283,228.8,49.92,OK
2025-01-06 08:00:00,SITE_RES_001,0.495,230.7,49.92,OK
05/01/2025 16:00:00,SITE_RES_002,-888,233.1,50.17,ERROR
2025-01-25T21:00:00,SITE_COM_001,0.371,224.6,49.98,OK
2025-01-25T08:00:00,SITE_RES_002,0.416,234.0,50.06,OK
2025-01-30T17:00:00,SITE_IND_002,2.014,229.0,49.96,OK
2025-01-22T00:00:00,SITE_IND_002,1.247,229.4,49.92,OK
2025-01-29T05:00:00,SITE_COM_002,0.34,230.8,50.1,OK
2025-01-03T08:00:00,SITE_COM_002,0.959,225.1,50.0,OK
2025-01-13T03:00:00,SITE_IND_002,,227.2,49.82,ERROR
2025-01-20T18:00:00,SITE_COM_002,0.881,231.7,49.98,OK
2025-01-02T00:00:00,SITE_COM_002,0.398,230.0,49.93,OK
2025-01-19T10:00:00,SITE_RES_002,0.263,229.3,49.98,OK
2025-01-12 12:00:00,SITE_COM_001,0.988,225.9,50.05,OK
2025-01-12T06:00:00,SITE_COM_002,0.25,232.6,50.0,OK
2025-01-06T00:00:00,SITE_RES_002,0.218,234.3,50.34,OK
19/01/2025 21:00:00,SITE_IND_001,1.129,227.4,50.01,OK
2025-01-29 13:00:00,SITE_COM_002,0.967,237.4,49.86,OK
26/01/2025 20:00:00,SITE_COM_001,0.332,223.9,50.01,OK
2025-01-19T14:00:00,SITE_COM_001,0.855,231.2,50.1,OK
2025-01-20T22:00:00,SITE_IND_001,1.627,227.7,50.13,OK
26/01/2025 19:00:00,SITE_RES_001,0.622,237.0,50.01,OK
16/01/2025 21:00:00,SITE_COM_001,0.495,235.3,49.93,OK
2025-01-14T13:00:00,SITE_COM_002,0.948,225.8,50.08,OK
2025-01-20T17:00:00,SITE_COM_001,1.301,228.7,49.91,OK
2025-01-22T17:00:00,SITE_IND_001,2.928,232.4,49.88,OK
2025-01-17T00:00:00,SITE_COM_002,0.342,233.0,49.96,OK
2025-01-24T07:00:00,SITE_RES_001,0.565,233.1,49.9,OK
12/01/2025 11:00:00,SITE_RES_001,0.353,228.2,50.04,OK
08/01/2025 01:00:00,SITE_RES_002,0.256,230.4,49.98,OK
2025-01-16T11:00:00,SITE_IND_002,2.047,225.6,50.08,OK
2025-01-30T01:00:00,SITE_RES_001,0.352,229.8,49.81,OK
18/01/2025 03:00:00,SITE_IND_001,1.026,227.7,49.94,OK
2025-01-30 04:00:00,SITE_COM_001,0.465,227.0,49.99,OK
26/01/2025 00:00:00,SITE_RES_001,0.345,231.9,50.1,OK
2025-01-17T14:00:00,SITE_RES_001,0.313,229.2,50.02,OK
2025-01-02T01:00:00,SITE_IND_001,1.579,228.9,49.82,OK
2025-01-29T12:00:00,SITE_IND_001,2.82,226.9,49.96,OK
2025-01-10T07:00:00,SITE_COM_002,0.402,230.2,49.9,OK
2025-01-13T10:00:00,SITE_RES_002,0.233,226.8,49.9,OK
04/01/2025 10:00:00,SITE_RES_001,-999,226.8,49.97,ERROR
2025-01-09T05:00:00,SITE_RES_002,0.247,236.1,49.82,OK
2025-01-09T22:00:00,SITE_RES_001,0.306,236.0,49.87,OK
2025-01-13T02:00:00,SITE_COM_001,0.466,236.3,50.08,OK
2025-01-08T09:00:00,SITE_IND_001,2.873,234.3,50.13,OK
2025-01-22T01:00:00,SITE_COM_002,0.384,228.9,49.86,OK
2025-01-17 05:00:00,SITE_IND_001,1.584,226.4,49.96,OK
2025-01-06T19:00:00,SITE_COM_001,1.283,224.9,49.93,OK
2025-01-25T03:00:00,SITE_COM_001,0.366,229.3,50.08,OK
2025-01-23T07:00:00,SITE_COM_001,0.496,226.3,50.03,OK
2025-01-29T16:00:00,SITE_RES_002,0.223,226.7,50.11,OK
2025-01-20T23:00:00,SITE_RES_001,0.313,234.2,49.87,OK
2025-01-30 12:00:00,SITE_COM_002,0.983,232.9,50.19,OK
2025-01-06T15:00:00,SITE_RES_001,0.345,230.3,49.7,OK
2025-01-05T10:00:00,SITE_RES_002,0.302,234.7,50.13,OK
2025-01-01 20:00:00,SITE_RES_001,,224.9,49.92,ERROR
2025-01-26T12:00:00,SITE_IND_002,1.263,223.6,50.04,OK
2025-01-22T09:00:00,SITE_COM_001,1.322,225.8,50.12,OK
2025-01-01T04:00:00,SITE_COM_002,0.407,229.2,50.0,OK
2025-01-11T19:00:00,SITE_IND_001,1.706,228.9,50.07,OK
2025-01-05T07:00:00,SITE_RES_001,0.613,224.2,50.03,OK
2025-01-13 09:00:00,SITE_COM_002,0.962,228.3,49.94,OK
2025-01-06 19:00:00,SITE_RES_001,-999,227.4,50.05,ERROR
2025-01-19 16:00:00,SITE_COM_001,1.001,236.7,50.0,OK
2025-01-02 21:00:00,SITE_IND_002,1.158,229.8,50.04,OK
2025-01-30T09:00:00,SITE_RES_001,0.316,229.9,50.13,OK
2025-01-09 04:00:00,SITE_IND_002,1.288,224.8,49.95,OK
2025-01-05T18:00:00,SITE_RES_001,0.55,231.0,49.92,OK
2025-01-27 17:00:00,SITE_COM_001,1.232,231.3,50.09,OK
2025-01-03 06:00:00,SITE_COM_002,0.369,228.6,49.88,OK
2025-01-25T20:00:00,SITE_COM_002,0.261,235.3,50.09,OK
2025-01-17T22:00:00,SITE_IND_001,1.601,234.0,50.05,OK
2025-01-27 00:00:00,SITE_IND_001,1.878,230.0,50.19,OK
2025-01-22T17:00:00,SITE_RES_002,0.258,226.3,49.96,OK
2025-01-03 08:00:00,SITE_RES_001,0.563,229.7,50.11,OK
2025-01-09T12:00:00,SITE_IND_002,-888,234.3,50.06,ERROR
2025-01-15T21:00:00,SITE_RES_002,0.405,229.3,50.0,OK
27/01/2025 18:00:00,SITE_IND_001,2.706,227.5,49.79,OK
2025-01-24T23:00:00,SITE_RES_002,0.243,224.4,49.98,OK
2025-01-19T04:00:00,SITE_RES_002,0.298,228.4,49.94,OK
2025-01-24T07:00:00,SITE_COM_002,0.374,226.7,49.95,OK
2025-01-17T03:00:00,SITE_RES_002,0.233,226.2,50.06,OK
2025-01-03T09:00:00,SITE_IND_002,2.082,234.9,49.85,OK
2025-01-13T16:00:00,SITE_IND_001,3.189,230.2,50.07,OK
2025-01-24T20:00:00,SITE_RES_001,0.495,230.1,50.0,OK
2025-01-19 13:00:00,SITE_IND_001,1.973,234.1,49.73,OK
2025-01-13T14:00:00,SITE_RES_001,0.3,232.5,50.0,OK
2025-01-03T04:00:00,SITE_RES_002,0.234,231.6,49.81,OK
2025-01-18 19:00:00,SITE_RES_002,0.446,228.3,50.01,OK
2025-01-15T01:00:00,SITE_COM_001,0.539,223.2,50.07,OK
2025-01-13T07:00:00,SITE_IND_002,2.078,229.3,49.93,OK
2025-01-18 21:00:00,SITE_IND_001,1.151,223.8,49.89,OK
18/01/2025 15:00:00,SITE_COM_001,0.888,230.5,49.94,OK
2025-01-08T20:00:00,SITE_COM_001,0.499,235.4,50.17,OK
2025-01-01 05:00:00,SITE_IND_002,1.298,225.3,50.18,OK
2025-01-09T16:00:00,SITE_COM_001,1.283,239.2,49.99,OK
2025-01-12T01:00:00,SITE_RES_001,0.366,229.0,49.9,OK
2025-01-25T01:00:00,SITE_RES_001,0.372,235.6,49.86,OK
2025-01-03 13:00:00,SITE_COM_002,0.946,234.7,49.8,OK
2025-01-18T17:00:00,SITE_COM_002,0.736,226.8,49.94,OK
20/01/2025 11:00:00,SITE_IND_001,2.856,230.6,50.2,OK
2025-01-19T08:00:00,SITE_COM_002,0.711,232.4,49.89,OK
2025-01-28T09:00:00,SITE_IND_002,2.058,223.2,49.78,OK
2025-01-09T02:00:00,SITE_RES_002,0.249,232.0,49.89,OK
2025-01-15T05:00:00,SITE_IND_001,1.842,228.8,50.26,OK
2025-01-08T11:00:00,SITE_RES_001,,232.5,49.98,ERROR
2025-01-10T13:00:00,SITE_COM_001,1.28,230.3,49.78,OK
2025-01-23T13:00:00,SITE_COM_001,1.317,231.5,50.12,OK
2025-01-07T14:00:00,SITE_IND_002,2.099,228.9,49.95,OK
2025-01-05T18:00:00,SITE_IND_002,1.309,228.8,50.05,OK
15/01/2025 18:00:00,SITE_RES_001,0.481,232.0,49.98,OK
2025-01-25T21:00:00,SITE_COM_002,0.282,230.2,49.98,OK
2025-01-08T13:00:00,SITE_RES_002,0.217,235.5,49.93,OK
2025-01-21T15:00:00,SITE_RES_001,0.3,238.4,49.89,OK
2025-01-26T14:00:00,SITE_COM_001,0.859,229.9,49.8,OK
2025-01-06T07:00:00,SITE_IND_002,2.239,235.0,50.12,OK
2025-01-05T20:00:00,SITE_COM_002,0.244,224.4,50.03,OK
2025-01-01T06:00:00,SITE_IND_002,1.964,223.9,49.88,OK
2025-01-09T18:00:00,SITE_IND_002,2.025,238.3,49.85,OK
2025-01-12T15:00:00,SITE_IND_002,-777,236.8,50.05,ERROR
2025-01-23T03:00:00,SITE_RES_001,0.303,231.1,50.02,OK
2025-01-28T18:00:00,SITE_RES_002,0.407,228.8,50.01,OK
2025-01-20T00:00:00,SITE_RES_002,0.228,228.3,49.98,OK
2025-01-28T23:00:00,SITE_IND_001,1.669,235.2,49.87,OK
2025-01-14 18:00:00,SITE_COM_001,1.311,238.1,49.93,OK
2025-01-25T14:00:00,SITE_RES_002,0.256,233.4,49.96,OK
2025-01-02T03:00:00,SITE_COM_002,-888,229.3,49.83,ERROR
2025-01-08T22:00:00,SITE_COM_001,0.491,232.0,50.08,OK
2025-01-17T23:00:00,SITE_COM_001,,227.9,50.1,ERROR
2025-01-11T04:00:00,SITE_IND_001,0.974,233.2,49.97,OK
2025-01-20T10:00:00,SITE_RES_001,0.296,222.1,49.99,OK
2025-01-15 08:00:00,SITE_COM_002,1.004,226.9,50.04,OK
11/01/2025 22:00:00,SITE_RES_001,0.335,232.1,49.92,OK
2025-01-07T08:00:00,SITE_COM_002,0.958,232.3,50.01,OK
2025-01-13T20:00:00,SITE_RES_001,0.569,229.9,50.2,OK
2025-01-23T15:00:00,SITE_COM_002,0.881,234.0,49.8,OK
2025-01-30T04:00:00,SITE_IND_001,1.683,229.8,50.06,OK
2025-01-16 02:00:00,SITE_COM_002,0.348,232.9,49.99,OK
2025-01-12T07:00:00,SITE_COM_001,0.326,234.0,49.78,OK
2025-01-28T14:00:00,SITE_IND_001,2.749,224.6,49.96,OK
2025-01-28T14:00:00,SITE_COM_002,0.901,231.0,49.83,OK
2025-01-05T09:00:00,SITE_COM_002,0.731,231.8,49.97,OK
2025-01-01T15:00:00,SITE_COM_001,1.311,232.5,50.08,OK
2025-01-01 07:00:00,SITE_IND_001,3.208,224.2,49.87,OK
2025-01-02T03:00:00,SITE_RES_001,0.316,235.2,50.02,OK
2025-01-04 20:00:00,SITE_COM_002,0.283,232.1,49.84,OK
2025-01-12T17:00:00,SITE_RES_002,0.296,230.4,50.01,OK
2025-01-01T08:00:00,SITE_COM_002,1.024,224.8,50.14,OK
2025-01-28T22:00:00,SITE_RES_001,0.297,229.8,50.12,OK
2025-01-17 02:00:00,SITE_IND_002,1.283,234.3,50.03,OK
2025-01-26T05:00:00,SITE_COM_002,0.279,229.4,49.87,OK
2025-01-19T04:00:00,SITE_RES_001,0.398,225.1,50.02,OK
2025-01-26T17:00:00,SITE_IND_002,1.155,222.2,49.99,OK
2025-01-08T22:00:00,SITE_IND_001,1.84,225.2,49.86,OK
2025-01-18T19:00:00,SITE_COM_002,0.743,232.8,50.06,OK
2025-01-25T21:00:00,SITE_IND_002,0.718,236.8,49.9,OK
2025-01-01T15:00:00,SITE_IND_001,3.294,226.7,49.88,OK
17/01/2025 10:00:00,SITE_IND_001,3.168,228.4,49.94,OK
03/01/2025 04:00:00,SITE_IND_002,1.288,235.4,50.31,OK
2025-01-08T14:00:00,SITE_COM_001,,239.0,49.82,ERROR
2025-01-03T20:00:00,SITE_COM_002,0.38,230.9,49.94,OK
2025-01-04T00:00:00,SITE_IND_002,0.787,230.7,49.98,OK
2025-01-28T10:00:00,SITE_IND_002,2.115,231.6,49.99,OK
2025-01-24T01:00:00,SITE_RES_002,0.24,226.0,49.87,OK
2025-01-28T12:00:00,SITE_IND_001,2.724,236.6,50.08,OK
2025-01-08T15:00:00,SITE_RES_001,0.34,231.1,50.01,OK
2025-01-04 13:00:00,SITE_IND_002,1.198,224.1,50.04,OK
2025-01-30T08:00:00,SITE_IND_002,1.961,237.7,49.96,OK
2025-01-01T22:00:00,SITE_IND_001,1.607,231.8,50.02,OK
2025-01-11T15:00:00,SITE_IND_001,1.695,231.7,50.24,OK
2025-01-01T08:00:00,SITE_IND_001,3.022,233.8,49.98,OK
2025-01-01 12:00:00,SITE_RES_001,0.337,236.4,50.09,OK
2025-01-29T16:00:00,SITE_IND_001,3.204,237.0,49.79,OK
2025-01-23T17:00:00,SITE_RES_001,0.322,239.3,49.93,OK
08/01/2025 15:00:00,SITE_RES_002,0.222,233.4,49.95,OK
2025-01-06T20:00:00,SITE_RES_001,0.523,222.8,50.16,OK
2025-01-02T16:00:00,SITE_RES_002,0.258,230.9,49.92,OK
2025-01-10T22:00:00,SITE_COM_001,0.5,234.4,50.12,OK
2025-01-16T11:00:00,SITE_RES_002,0.234,232.7,49.94,OK
2025-01-14T17:00:00,SITE_COM_001,1.343,227.5,50.05,OK
2025-01-15T00:00:00,SITE_RES_002,0.239,226.3,49.84,OK
10/01/2025 17:00:00,SITE_IND_001,2.805,233.4,50.11,OK
04/01/2025 09:00:00,SITE_IND_001,1.629,229.7,49.89,OK
2025-01-04T18:00:00,SITE_COM_002,0.694,232.0,49.92,OK
2025-01-06T12:00:00,SITE_RES_001,0.341,235.1,50.11,OK
2025-01-19T22:00:00,SITE_IND_001,1.012,224.7,49.79,OK
2025-01-04 23:00:00,SITE_IND_002,0.768,230.9,50.15,OK
2025-01-30T04:00:00,SITE_COM_002,0.352,231.9,49.84,OK
27/01/2025 13:00:00,SITE_RES_002,0.251,227.3,49.86,OK
28/01/2025 10:00:00,SITE_IND_001,2.919,227.2,49.81,OK
2025-01-22T05:00:00,SITE_COM_002,0.411,229.0,50.07,OK
2025-01-17T11:00:00,SITE_IND_001,2.96,231.1,49.98,OK
2025-01-30T21:00:00,SITE_COM_001,0.462,222.5,49.86,OK
2025-01-28T20:00:00,SITE_COM_002,0.363,236.1,49.89,OK
2025-01-09T04:00:00,SITE_COM_002,0.402,237.5,50.11,OK
18/01/2025 09:00:00,SITE_IND_002,1.152,226.8,50.27,OK
2025-01-15T14:00:00,SITE_COM_002,0.915,228.7,50.02,OK
2025-01-12T09:00:00,SITE_COM_002,0.628,229.8,50.1,OK
2025-01-16T14:00:00,SITE_RES_002,0.221,231.6,49.92,OK
2025-01-11T08:00:00,SITE_COM_002,0.686,231.1,50.06,OK
2025-01-10T08:00:00,SITE_COM_001,1.392,233.6,50.18,OK
2025-01-27T08:00:00,SITE_RES_001,0.492,227.9,50.15,OK
2025-01-27T04:00:00,SITE_IND_001,1.903,223.3,50.22,OK
2025-01-17T04:00:00,SITE_COM_001,0.466,227.9,50.16,OK
2025-01-15T23:00:00,SITE_COM_002,0.359,227.2,49.88,OK
2025-01-21T09:00:00,SITE_COM_001,1.365,228.5,50.0,OK
2025-01-18T02:00:00,SITE_COM_002,0.258,223.2,49.91,OK
20/01/2025 02:00:00,SITE_IND_001,1.903,238.9,49.94,OK
2025-01-30T11:00:00,SITE_COM_002,,233.9,49.94,ERROR
2025-01-12T20:00:00,SITE_RES_001,0.655,225.4,49.86,OK
2025-01-28T14:00:00,SITE_RES_002,0.234,227.9,49.97,OK
28/01/2025 05:00:00,SITE_COM_001,0.547,228.6,50.04,OK
2025-01-23T21:00:00,SITE_COM_001,0.509,233.9,49.92,OK
2025-01-06T01:00:00,SITE_RES_001,0.31,231.9,49.77,OK
2025-01-19T00:00:00,SITE_IND_002,0.684,233.6,50.03,OK
2025-01-26T15:00:00,SITE_RES_001,0.334,231.8,49.93,OK
2025-01-16 19:00:00,SITE_RES_001,0.559,231.6,50.15,OK
2025-01-08 00:00:00,SITE_IND_002,1.33,226.5,50.08,OK
2025-01-01 18:00:00,SITE_COM_002,0.997,229.4,50.04,OK
2025-01-14T04:00:00,SITE_IND_002,-888,221.4,49.71,ERROR
2025-01-15 09:00:00,SITE_COM_002,1.067,231.3,50.01,OK
2025-01-28 20:00:00,SITE_IND_001,3.144,234.6,50.13,OK
2025-01-19T12:00:00,SITE_IND_002,1.261,230.6,50.1,OK
2025-01-08T18:00:00,SITE_IND_001,2.873,236.9,49.93,OK
2025-01-11T21:00:00,SITE_IND_001,1.108,228.1,50.0,OK
2025-01-28 18:00:00,SITE_COM_002,0.902,231.9,50.07,OK
2025-01-25 02:00:00,SITE_RES_001,0.38,224.1,49.97,OK
2025-01-03T22:00:00,SITE_IND_001,1.826,231.6,50.16,OK
2025-01-09T22:00:00,SITE_RES_002,0.243,228.1,50.11,OK
2025-01-03T23:00:00,SITE_IND_002,1.141,228.2,50.13,OK
2025-01-13T19:00:00,SITE_IND_001,2.969,234.6,49.93,OK
2025-01-01 13:00:00,SITE_IND_002,1.899,222.4,49.86,OK
2025-01-25T17:00:00,SITE_IND_001,1.686,227.3,49.9,OK
2025-01-19 00:00:00,SITE_RES_001,0.334,229.6,50.03,OK
2025-01-15T10:00:00,SITE_COM_001,1.298,230.1,49.88,OK
2025-01-03T00:00:00,SITE_RES_001,0.313,220.3,50.05,OK
2025-01-25T01:00:00,SITE_IND_001,1.029,221.0,49.99,OK
2025-01-15 04:00:00,SITE_COM_002,0.409,235.1,49.89,OK
2025-01-20T01:00:00,SITE_IND_001,-999,234.0,50.0,ERROR
2025-01-01T18:00:00,SITE_IND_002,2.181,236.3,49.91,OK
2025-01-23T09:00:00,SITE_COM_002,1.072,226.9,49.9,OK
2025-01-21T13:00:00,SITE_IND_002,2.06,236.3,50.05,OK
2025-01-08T03:00:00,SITE_IND_002,1.264,232.1,49.98,OK
2025-01-23T01:00:00,SITE_IND_001,1.808,226.6,49.91,OK
2025-01-04T14:00:00,SITE_RES_001,0.332,229.6,49.89,OK
2025-01-25T22:00:00,SITE_RES_001,0.334,232.8,49.93,OK
12/01/2025 16:00:00,SITE_COM_002,0.67,235.0,50.03,OK
2025-01-21T06:00:00,SITE_IND_001,3.088,219.0,50.18,OK
2025-01-08T04:00:00,SITE_RES_001,0.297,229.0,50.04,OK
2025-01-13T06:00:00,SITE_RES_001,0.344,228.3,49.95,OK
24/01/2025 01:00:00,SITE_IND_002,1.138,235.1,49.84,OK
2025-01-08T19:00:00,SITE_RES_001,0.564,238.5,49.89,OK
30/01/2025 03:00:00,SITE_RES_002,0.243,231.2,50.01,OK
16/01/2025 01:00:00,SITE_RES_002,0.259,230.2,49.97,OK
09/01/2025 13:00:00,SITE_COM_001,1.429,230.2,49.93,OK
2025-01-19T20:00:00,SITE_COM_002,0.266,230.6,50.07,OK
05/01/2025 02:00:00,SITE_RES_002,0.296,228.3,49.7,OK
2025-01-08T21:00:00,SITE_COM_002,0.4,223.7,49.75,OK
2025-01-14T01:00:00,SITE_RES_002,0.258,231.4,50.21,OK
21/01/2025 06:00:00,SITE_RES_002,0.233,230.1,49.89,OK
2025-01-29 21:00:00,SITE_COM_001,0.477,225.6,50.07,OK
2025-01-24T12:00:00,SITE_IND_002,2.076,233.1,50.1,OK
2025-01-22T23:00:00,SITE_RES_001,0.337,237.5,50.14,OK
2025-01-12T17:00:00,SITE_IND_002,1.343,235.5,49.88,OK
2025-01-22T23:00:00,SITE_COM_001,0.474,235.7,50.09,OK
2025-01-30T12:00:00,SITE_COM_001,1.303,227.9,49.92,OK
2025-01-19T22:00:00,SITE_COM_002,0.262,228.6,49.94,OK
2025-01-16T11:00:00,SITE_COM_001,1.243,233.3,49.95,OK
2025-01-30T22:00:00,SITE_RES_001,-777,238.0,49.88,ERROR
2025-01-26T18:00:00,SITE_COM_001,0.829,235.8,49.98,OK
08/01/2025 06:00:00,SITE_COM_002,0.383,240.7,50.06,OK
01/01/2025 07:00:00,SITE_IND_002,2.274,236.1,50.03,OK
2025-01-07T06:00:00,SITE_COM_001,0.491,226.2,50.13,OK
2025-01-16T14:00:00,SITE_RES_001,0.306,225.5,49.95,OK
2025-01-08T06:00:00,SITE_IND_001,3.097,233.8,49.95,OK
2025-01-01T03:00:00,SITE_IND_001,1.584,231.8,50.16,OK
2025-01-25T23:00:00,SITE_COM_002,0.287,224.4,50.12,OK
2025-01-23T19:00:00,SITE_RES_001,0.522,226.0,50.08,OK
2025-01-23T21:00:00,SITE_RES_001,0.499,226.7,49.92,OK
2025-01-23T19:00:00,SITE_IND_001,-999,236.4,49.99,ERROR
2025-01-09T00:00:00,SITE_RES_001,0.342,233.9,50.08,OK
2025-01-23 03:00:00,SITE_IND_002,5.655,232.3,50.15,OK
23/01/2025 18:00:00,SITE_IND_002,2.13,225.9,50.1,OK
2025-01-07T11:00:00,SITE_COM_001,1.322,224.9,50.13,OK
2025-01-11T07:00:00,SITE_RES_002,-999,231.1,50.18,ERROR
2025-01-02T16:00:00,SITE_COM_002,-888,234.2,50.02,ERROR
2025-01-22T19:00:00,SITE_RES_002,0.356,233.1,49.87,OK
2025-01-15T17:00:00,SITE_IND_002,5.846,232.5,49.91,OK
2025-01-26T18:00:00,SITE_IND_002,1.167,228.5,50.23,OK
2025-01-07T08:00:00,SITE_RES_002,0.421,224.2,49.98,OK
2025-01-19T17:00:00,SITE_IND_001,1.842,227.5,49.95,OK
2025-01-10T11:00:00,SITE_COM_002,0.937,234.0,49.87,OK
2025-01-11T07:00:00,SITE_RES_001,0.626,226.3,50.04,OK
2025-01-18T17:00:00,SITE_IND_001,1.838,226.5,49.99,OK
2025-01-02T10:00:00,SITE_IND_001,2.742,230.5,49.8,OK
2025-01-21T20:00:00,SITE_IND_002,2.067,229.0,49.97,OK
2025-01-09T12:00:00,SITE_COM_001,1.239,226.7,50.23,OK
2025-01-26T05:00:00,SITE_COM_001,0.366,232.3,49.83,OK
2025-01-02T10:00:00,SITE_COM_002,0.88,239.8,49.94,OK
2025-01-12T04:00:00,SITE_COM_001,0.324,231.7,50.16,OK
21/01/2025 16:00:00,SITE_IND_002,2.08,230.5,49.97,OK
2025-01-15T07:00:00,SITE_COM_001,0.453,233.7,50.04,OK
30/01/2025 14:00:00,SITE_RES_001,0.301,235.0,49.83,OK
2025-01-27T09:00:00,SITE_RES_001,0.307,229.4,49.97,OK
2025-01-04T13:00:00,SITE_COM_001,0.996,232.3,50.05,OK
2025-01-02T09:00:00,SITE_RES_001,0.327,233.9,49.83,OK
2025-01-20T05:00:00,SITE_IND_001,1.903,232.7,49.89,OK
2025-01-17T19:00:00,SITE_RES_002,0.398,235.7,49.99,OK
2025-01-28 06:00:00,SITE_COM_001,-999,229.5,49.9,ERROR
2025-01-12 06:00:00,SITE_RES_002,0.266,230.7,49.86,OK
2025-01-08T20:00:00,SITE_RES_001,0.508,228.1,50.02,OK
2025-01-04T12:00:00,SITE_COM_001,0.854,228.3,50.25,OK
07/01/2025 17:00:00,SITE_RES_002,,228.6,50.1,ERROR
2025-01-14T11:00:00,SITE_RES_001,0.31,234.0,50.02,OK
2025-01-29 22:00:00,SITE_RES_002,0.254,221.3,49.96,OK
2025-01-03T03:00:00,SITE_IND_001,1.745,230.9,50.12,OK
2025-01-17 02:00:00,SITE_IND_001,1.765,236.1,49.85,OK
2025-01-29T09:00:00,SITE_RES_001,,228.3,49.92,ERROR
2025-01-26T03:00:00,SITE_RES_001,0.35,226.1,49.85,OK
2025-01-01 04:00:00,SITE_IND_002,-999,232.8,50.0,ERROR
2025-01-02 00:00:00,SITE_RES_002,0.251,225.5,50.15,OK
20/01/2025 15:00:00,SITE_COM_002,0.916,232.7,50.12,OK
2025-01-20T18:00:00,SITE_RES_001,0.498,230.6,49.87,OK
17/01/2025 13:00:00,SITE_RES_002,0.247,225.7,49.92,OK
2025-01-27T19:00:00,SITE_IND_001,2.953,231.0,50.03,OK
2025-01-01T05:00:00,SITE_RES_001,,226.8,50.01,ERROR
2025-01-09T07:00:00,SITE_IND_002,2.07,228.0,49.98,OK
2025-01-26T05:00:00,SITE_RES_001,,227.5,49.79,ERROR
2025-01-26T08:00:00,SITE_RES_001,0.577,230.1,50.07,OK
02/01/2025 05:00:00,SITE_COM_002,0.343,232.7,50.04,OK
2025-01-08 22:00:00,SITE_COM_002,-999,231.5,50.1,ERROR
2025-01-17 12:00:00,SITE_IND_002,1.915,226.2,49.85,OK
2025-01-08T10:00:00,SITE_IND_001,3.266,225.3,50.0,OK
2025-01-07T21:00:00,SITE_IND_001,1.772,225.8,50.36,OK
2025-01-26T07:00:00,SITE_RES_001,0.635,231.1,50.35,OK
2025-01-26T15:00:00,SITE_RES_002,0.265,230.8,49.94,OK
02/01/2025 20:00:00,SITE_COM_002,0.384,236.7,50.18,OK
2025-01-22T17:00:00,SITE_COM_002,1.048,226.2,50.23,OK
2025-01-09T01:00:00,SITE_IND_002,-777,228.1,50.14,ERROR
19/01/2025 06:00:00,SITE_IND_001,1.809,229.0,50.07,OK
04/01/2025 12:00:00,SITE_RES_001,0.395,226.0,50.0,OK
2025-01-20T17:00:00,SITE_RES_002,-777,229.4,49.96,ERROR
04/01/2025 04:00:00,SITE_IND_002,0.716,227.9,49.96,OK
2025-01-17 13:00:00,SITE_IND_001,2.908,237.9,49.91,OK
2025-01-28T23:00:00,SITE_IND_002,1.178,231.2,49.87,OK
2025-01-05T01:00:00,SITE_COM_002,0.268,232.0,50.03,OK
2025-01-25 03:00:00,SITE_COM_002,0.287,227.5,50.19,OK
2025-01-21T07:00:00,SITE_COM_002,0.346,231.8,50.32,OK
05/01/2025 14:00:00,SITE_IND_001,-888,235.4,49.99,ERROR
2025-01-28 18:00:00,SITE_COM_001,1.251,231.4,50.03,OK
2025-01-17T09:00:00,SITE_COM_002,0.941,224.9,50.16,OK
2025-01-15T05:00:00,SITE_IND_002,1.295,228.4,50.15,OK
2025-01-19T13:00:00,SITE_RES_002,0.29,231.9,49.89,OK
2025-01-28T05:00:00,SITE_IND_002,1.229,234.3,49.95,OK
13/01/2025 23:00:00,SITE_IND_001,1.595,230.8,49.96,OK
2025-01-05T08:00:00,SITE_COM_001,-999,231.1,50.02,ERROR
2025-01-14T15:00:00,SITE_COM_001,1.368,225.6,50.0,OK
2025-01-08T07:00:00,SITE_IND_001,3.089,236.3,49.88,OK
2025-01-09T21:00:00,SITE_RES_002,0.357,224.5,49.77,OK
11/01/2025 09:00:00,SITE_RES_001,0.347,231.0,50.07,OK
2025-01-24T08:00:00,SITE_COM_002,-888,224.9,49.83,ERROR
2025-01-22T14:00:00,SITE_RES_002,-888,230.7,49.95,ERROR
2025-01-04T08:00:00,SITE_RES_001,0.6,233.5,50.04,OK
2025-01-17 05:00:00,SITE_COM_002,0.341,229.7,49.96,OK
2025-01-22T02:00:00,SITE_RES_001,0.302,232.6,49.79,OK
2025-01-30 09:00:00,SITE_IND_001,3.149,230.0,50.13,OK
2025-01-10T17:00:00,SITE_COM_001,1.284,233.8,49.92,OK
2025-01-21T05:00:00,SITE_COM_002,0.406,227.1,49.98,OK
2025-01-09T09:00:00,SITE_RES_002,0.236,233.8,49.78,OK
2025-01-19 15:00:00,SITE_RES_001,0.388,233.0,49.76,OK
03/01/2025 21:00:00,SITE_RES_001,0.538,224.8,49.98,OK
25/01/2025 01:00:00,SITE_COM_002,0.287,232.5,49.97,OK
2025-01-20 01:00:00,SITE_COM_001,0.463,230.5,49.99,OK
2025-01-12T16:00:00,SITE_IND_002,1.164,227.9,50.01,OK
2025-01-15T09:00:00,SITE_COM_001,1.201,232.0,50.19,OK
2025-01-10T16:00:00,SITE_IND_002,2.034,225.1,50.09,OK
2025-01-09 15:00:00,SITE_COM_001,1.23,233.0,50.02,OK
2025-01-13T00:00:00,SITE_RES_002,0.234,223.5,49.98,OK
2025-01-30 15:00:00,SITE_COM_002,0.908,233.8,50.17,OK
2025-01-24 11:00:00,SITE_COM_002,0.918,228.5,49.86,OK
2025-01-10T06:00:00,SITE_RES_001,0.296,234.5,50.0,OK
2025-01-24T21:00:00,SITE_IND_002,1.265,232.0,49.76,OK
25/01/2025 05:00:00,SITE_IND_002,0.696,229.2,49.96,OK
2025-01-11T22:00:00,SITE_COM_002,0.26,237.0,49.96,OK
26/01/2025 21:00:00,SITE_IND_001,1.006,229.1,50.24,OK
2025-01-08T04:00:00,SITE_IND_001,1.656,228.3,49.82,OK
2025-01-08T06:00:00,SITE_IND_002,2.133,229.7,49.94,OK
11/01/2025 01:00:00,SITE_COM_001,0.359,229.0,50.31,OK
12/01/2025 04:00:00,SITE_RES_001,0.366,236.1,49.98,OK
2025-01-28T13:00:00,SITE_RES_001,0.337,225.6,50.11,OK
2025-01-26T01:00:00,SITE_IND_002,0.729,231.3,49.84,OK
2025-01-02T03:00:00,SITE_RES_002,0.224,232.3,49.9,OK
2025-01-20T23:00:00,SITE_IND_001,1.647,228.5,49.97,OK
2025-01-19T18:00:00,SITE_IND_002,1.367,235.0,50.1,OK
2025-01-12T02:00:00,SITE_COM_002,0.238,228.9,50.16,OK
2025-01-06T01:00:00,SITE_RES_002,0.226,223.6,50.16,OK
28/01/2025 02:00:00,SITE_RES_002,0.246,233.2,50.02,OK
2025-01-04T18:00:00,SITE_RES_001,0.612,233.7,49.83,OK
2025-01-08 17:00:00,SITE_COM_002,1.05,224.1,50.09,OK
2025-01-03T22:00:00,SITE_COM_001,0.458,233.8,49.75,OK
22/01/2025 15:00:00,SITE_COM_002,0.97,233.4,50.18,OK
2025-01-05T17:00:00,SITE_IND_001,1.791,229.8,50.09,OK
2025-01-23 20:00:00,SITE_IND_001,3.285,234.0,50.04,OK
2025-01-14T04:00:00,SITE_COM_002,-999,230.7,50.26,ERROR
2025-01-12T01:00:00,SITE_RES_002,0.255,226.2,49.93,OK
2025-01-25T04:00:00,SITE_IND_001,1.083,226.5,50.14,OK
2025-01-15T06:00:00,SITE_IND_001,2.962,232.7,49.97,OK
2025-01-03T15:00:00,SITE_COM_002,1.056,230.4,50.22,OK
2025-01-05T12:00:00,SITE_RES_002,0.292,230.9,50.03,OK
09/01/2025 03:00:00,SITE_COM_001,0.483,230.8,50.26,OK
2025-01-14 17:00:00,SITE_IND_001,2.746,231.0,49.95,OK
2025-01-12T09:00:00,SITE_COM_001,-777,229.8,50.11,ERROR
2025-01-03T23:00:00,SITE_IND_001,1.746,236.4,49.87,OK
2025-01-27 05:00:00,SITE_IND_001,1.576,231.0,49.81,OK
2025-01-07T19:00:00,SITE_COM_002,1.022,233.0,50.1,OK
2025-01-02T05:00:00,SITE_COM_001,0.465,226.6,50.03,OK
2025-01-11T09:00:00,SITE_RES_002,0.3,234.9,50.12,OK
2025-01-12T18:00:00,SITE_RES_002,0.407,231.6,50.16,OK
2025-01-16T15:00:00,SITE_RES_001,0.301,227.2,49.93,OK
2025-01-25T10:00:00,SITE_IND_002,1.34,236.6,49.83,OK
2025-01-21T22:00:00,SITE_COM_001,0.461,227.6,50.14,OK
2025-01-25T23:00:00,SITE_COM_001,0.381,232.5,49.88,OK
2025-01-18T04:00:00,SITE_COM_001,0.338,220.9,49.85,OK
2025-01-02T13:00:00,SITE_IND_002,2.193,229.6,49.91,OK
2025-01-16T17:00:00,SITE_IND_002,-999,228.2,49.95,ERROR
2025-01-10T19:00:00,SITE_IND_002,2.282,234.4,50.0,OK
2025-01-11T16:00:00,SITE_COM_001,0.953,225.8,49.91,OK
2025-01-14T10:00:00,SITE_RES_002,0.252,235.8,50.12,OK
2025-01-23T05:00:00,SITE_RES_002,0.242,229.0,50.03,OK
2025-01-13T00:00:00,SITE_COM_002,0.388,229.9,49.96,OK
30/01/2025 18:00:00,SITE_RES_001,0.507,229.9,50.05,OK
2025-01-28T07:00:00,SITE_IND_001,3.273,228.0,50.0,OK
2025-01-06 16:00:00,SITE_IND_002,2.012,231.1,49.9,OK
2025-01-23T06:00:00,SITE_COM_002,0.383,233.1,50.02,OK
2025-01-19T07:00:00,SITE_COM_002,0.264,231.6,49.91,OK
2025-01-13T21:00:00,SITE_COM_001,0.517,228.9,49.86,OK
2025-01-08T19:00:00,SITE_COM_001,1.22,234.5,49.84,OK
2025-01-04T19:00:00,SITE_RES_002,0.486,231.7,50.2,OK
2025-01-30T19:00:00,SITE_COM_002,,232.2,50.09,ERROR
2025-01-17T11:00:00,SITE_COM_002,1.031,227.9,50.11,OK
2025-01-14T22:00:00,SITE_IND_002,1.218,227.1,49.93,OK
2025-01-25 19:00:00,SITE_COM_001,0.819,234.6,50.06,OK
2025-01-17T11:00:00,SITE_COM_001,1.203,233.8,49.94,OK
2025-01-27T08:00:00,SITE_COM_002,0.884,236.3,49.75,OK
2025-01-15 11:00:00,SITE_RES_001,-999,229.8,49.92,ERROR
2025-01-03T08:00:00,SITE_IND_002,2.053,227.2,50.06,OK
2025-01-24T10:00:00,SITE_IND_002,2.024,233.9,50.15,OK
30/01/2025 07:00:00,SITE_RES_001,0.534,231.0,50.11,OK
2025-01-02T07:00:00,SITE_RES_002,0.426,226.9,49.94,OK
2025-01-15 11:00:00,SITE_COM_002,1.021,228.8,49.99,OK
2025-01-13T04:00:00,SITE_IND_001,1.578,229.1,50.08,OK
2025-01-30 14:00:00,SITE_IND_002,1.904,225.5,49.97,OK
2025-01-16T00:00:00,SITE_COM_001,0.546,227.5,50.17,OK
2025-01-27T14:00:00,SITE_COM_001,1.374,227.7,49.89,OK
2025-01-11 17:00:00,SITE_RES_001,0.373,232.3,50.1,OK
2025-01-05T10:00:00,SITE_COM_001,0.847,228.7,49.96,OK
2025-01-27T14:00:00,SITE_COM_002,0.903,223.9,49.85,OK
2025-01-15T18:00:00,SITE_COM_002,0.913,233.6,50.03,OK
2025-01-04T20:00:00,SITE_COM_001,0.383,225.2,50.05,OK
2025-01-27 19:00:00,SITE_RES_001,0.566,232.1,50.01,OK
2025-01-02T18:00:00,SITE_IND_001,2.829,236.3,50.21,OK
2025-01-29T08:00:00,SITE_IND_001,2.863,233.4,50.05,OK
18/01/2025 06:00:00,SITE_RES_001,0.356,225.6,49.85,OK
2025-01-04T13:00:00,SITE_IND_001,1.906,230.1,50.03,OK
2025-01-20T07:00:00,SITE_COM_001,0.489,227.5,49.98,OK
2025-01-12T14:00:00,SITE_RES_002,0.251,231.2,49.89,OK
03/01/2025 00:00:00,SITE_IND_001,1.662,233.8,49.94,OK
2025-01-27T10:00:00,SITE_IND_002,2.137,231.2,50.1,OK
2025-01-10T00:00:00,SITE_COM_002,0.371,233.5,50.1,OK
2025-01-13T06:00:00,SITE_COM_002,0.371,231.9,50.02,OK
2025-01-27T19:00:00,SITE_COM_001,1.203,228.9,49.97,OK
2025-01-26T04:00:00,SITE_COM_001,0.384,226.3,50.2,OK
2025-01-29T12:00:00,SITE_COM_001,1.401,231.5,50.1,OK
29/01/2025 21:00:00,SITE_RES_002,0.408,231.8,50.1,OK
2025-01-26T17:00:00,SITE_COM_001,0.988,238.9,50.18,OK
2025-01-23T00:00:00,SITE_IND_002,1.331,233.3,49.99,OK
2025-01-04T03:00:00,SITE_IND_001,1.135,222.7,49.94,OK
2025-01-23T06:00:00,SITE_RES_001,-999,232.1,50.18,ERROR
2025-01-30T17:00:00,SITE_RES_001,0.323,228.6,49.95,OK
2025-01-25 05:00:00,SITE_RES_002,0.295,226.4,49.88,OK
2025-01-17T08:00:00,SITE_RES_002,0.397,222.6,49.97,OK
2025-01-21T05:00:00,SITE_IND_002,1.168,227.4,49.96,OK
2025-01-20T11:00:00,SITE_IND_002,2.082,230.7,49.99,OK
2025-01-05 12:00:00,SITE_IND_002,1.294,233.2,50.0,OK
2025-01-04T08:00:00,SITE_IND_002,1.297,228.6,49.91,OK
2025-01-20T08:00:00,SITE_RES_001,0.517,228.2,50.01,OK
2025-01-03T02:00:00,SITE_COM_002,0.349,228.0,49.91,OK
2025-01-14 16:00:00,SITE_RES_002,0.247,228.9,50.03,OK
2025-01-01T06:00:00,SITE_IND_001,3.274,229.1,50.05,OK
2025-01-26T06:00:00,SITE_RES_002,0.279,226.9,49.72,OK
07/01/2025 07:00:00,SITE_RES_001,0.565,228.4,50.1,OK
04/01/2025 07:00:00,SITE_IND_002,1.175,220.7,49.86,OK
2025-01-07T20:00:00,SITE_RES_001,0.527,236.9,49.8,OK
2025-01-26T01:00:00,SITE_RES_001,0.339,225.4,49.91,OK
2025-01-06T06:00:00,SITE_COM_001,0.46,228.4,49.9,OK
2025-01-21T06:00:00,SITE_COM_002,-888,227.0,50.07,ERROR
2025-01-01T00:00:00,SITE_RES_002,0.249,225.1,49.95,OK
2025-01-11T21:00:00,SITE_COM_002,0.264,227.0,50.14,OK
2025-01-15T11:00:00,SITE_IND_002,2.218,226.3,50.14,OK
2025-01-19T09:00:00,SITE_RES_001,0.389,234.0,49.95,OK
2025-01-27T22:00:00,SITE_COM_002,0.359,226.5,49.98,OK
2025-01-25T16:00:00,SITE_IND_002,1.166,228.9,50.11,OK
2025-01-26T21:00:00,SITE_COM_002,0.249,231.2,49.89,OK
29/01/2025 10:00:00,SITE_RES_002,0.23,225.6,49.73,OK
2025-01-01T01:00:00,SITE_IND_002,1.293,241.5,50.13,OK
05/01/2025 02:00:00,SITE_COM_001,0.383,227.2,50.14,OK
2025-01-20T06:00:00,SITE_IND_001,2.768,232.3,50.11,OK
2025-01-25T15:00:00,SITE_IND_001,1.974,230.1,50.07,OK
2025-01-26T12:00:00,SITE_IND_001,1.661,231.2,49.78,OK
2025-01-20T08:00:00,SITE_IND_002,1.898,233.9,49.87,OK
2025-01-27T06:00:00,SITE_RES_001,0.314,225.1,49.85,OK
2025-01-02T13:00:00,SITE_COM_001,1.242,234.9,50.02,OK
2025-01-04T15:00:00,SITE_IND_001,1.851,220.9,50.2,OK
2025-01-11T15:00:00,SITE_RES_002,0.275,228.8,50.0,OK
02/01/2025 00:00:00,SITE_IND_002,1.161,232.4,49.99,OK
2025-01-06T14:00:00,SITE_RES_002,0.264,228.7,49.98,OK
2025-01-06T03:00:00,SITE_COM_002,0.405,226.3,50.17,OK
2025-01-26 04:00:00,SITE_RES_002,-999,238.3,49.89,ERROR
2025-01-13T15:00:00,SITE_IND_002,2.228,229.8,50.03,OK
2025-01-14T10:00:00,SITE_IND_002,1.974,229.3,49.76,OK
2025-01-13T15:00:00,SITE_RES_002,0.239,235.6,50.07,OK
2025-01-21T04:00:00,SITE_RES_002,0.24,236.7,50.07,OK
2025-01-25T00:00:00,SITE_COM_001,,224.9,50.06,ERROR
2025-01-13T23:00:00,SITE_RES_001,0.289,229.9,49.95,OK
2025-01-30T22:00:00,SITE_IND_001,1.921,230.8,49.89,OK
2025-01-30T11:00:00,SITE_IND_001,2.778,231.7,49.9,OK
18/01/2025 09:00:00,SITE_IND_001,1.813,232.4,49.9,OK
2025-01-25T07:00:00,SITE_COM_001,0.323,228.5,49.92,OK
2025-01-19T16:00:00,SITE_IND_001,1.814,235.6,49.92,OK
2025-01-11T10:00:00,SITE_RES_001,0.38,223.7,49.82,OK
2025-01-04T03:00:00,SITE_RES_002,0.283,229.3,50.07,OK
2025-01-02T04:00:00,SITE_RES_002,0.224,233.7,50.06,OK
2025-01-06T11:00:00,SITE_RES_001,0.327,229.5,49.77,OK
25/01/2025 07:00:00,SITE_IND_002,-999,231.1,49.93,ERROR
2025-01-06T02:00:00,SITE_RES_002,0.258,232.3,50.01,OK
2025-01-27T20:00:00,SITE_RES_002,,231.9,50.03,ERROR
01/01/2025 13:00:00,SITE_COM_001,1.242,228.5,49.87,OK
2025-01-29T12:00:00,SITE_COM_002,1.029,231.4,49.83,OK
13/01/2025 23:00:00,SITE_IND_002,1.129,233.0,50.04,OK
2025-01-16T08:00:00,SITE_COM_002,0.886,230.7,50.07,OK
2025-01-16 17:00:00,SITE_COM_002,1.058,230.5,50.02,OK
2025-01-11 07:00:00,SITE_COM_002,0.279,218.9,49.85,OK
2025-01-18T16:00:00,SITE_IND_001,1.669,227.7,50.12,OK
2025-01-01T03:00:00,SITE_COM_001,-777,235.7,50.08,ERROR
2025-01-26T18:00:00,SITE_IND_001,1.876,228.4,49.95,OK
2025-01-13T02:00:00,SITE_COM_002,0.388,232.0,49.92,OK
2025-01-09T11:00:00,SITE_IND_002,2.04,230.7,49.9,OK
2025-01-18T09:00:00,SITE_COM_002,0.673,225.5,49.66,OK
2025-01-17T04:00:00,SITE_RES_001,0.289,230.0,50.0,OK
2025-01-07T03:00:00,SITE_IND_001,1.708,237.7,50.04,OK
2025-01-29T08:00:00,SITE_COM_002,0.908,232.1,49.92,OK
20/01/2025 17:00:00,SITE_IND_002,2.166,233.3,50.06,OK
2025-01-23T17:00:00,SITE_COM_001,1.334,227.2,49.83,OK
2025-01-21T16:00:00,SITE_RES_001,0.351,227.2,49.95,OK
2025-01-28T06:00:00,SITE_RES_001,-999,231.3,49.63,ERROR
2025-01-09T10:00:00,SITE_IND_001,3.031,225.8,49.96,OK
2025-01-26 22:00:00,SITE_RES_001,0.398,229.2,49.88,OK
2025-01-18T13:00:00,SITE_COM_001,0.881,227.6,49.97,OK
2025-01-13T14:00:00,SITE_IND_001,2.801,228.0,50.0,OK
2025-01-04T09:00:00,SITE_RES_002,0.29,230.4,49.76,OK
2025-01-03T00:00:00,SITE_RES_002,0.217,235.8,50.03,OK
2025-01-25T06:00:00,SITE_COM_002,0.247,232.5,50.05,OK
09/01/2025 19:00:00,SITE_RES_002,0.402,233.6,50.01,OK
2025-01-15T19:00:00,SITE_COM_002,0.925,228.6,50.16,OK
2025-01-07T18:00:00,SITE_RES_001,0.541,241.0,49.88,OK
2025-01-18T18:00:00,SITE_RES_001,0.603,236.0,50.13,OK
2025-01-29T18:00:00,SITE_RES_002,0.351,228.4,50.02,OK
2025-01-05T08:00:00,SITE_COM_002,0.692,237.7,50.06,OK
2025-01-28T11:00:00,SITE_COM_002,0.968,230.5,50.0,OK
2025-01-23 16:00:00,SITE_RES_002,0.228,229.0,50.26,OK
2025-01-29T22:00:00,SITE_COM_002,0.405,228.6,49.99,OK
2025-01-11T05:00:00,SITE_IND_002,0.788,233.2,50.12,OK
2025-01-08T03:00:00,SITE_IND_001,1.576,224.9,50.05,OK
2025-01-28T15:00:00,SITE_COM_001,1.426,231.4,49.86,OK
2025-01-19T03:00:00,SITE_COM_001,0.364,229.0,49.86,OK
2025-01-01T14:00:00,SITE_COM_002,1.058,229.1,50.21,OK
2025-01-21T08:00:00,SITE_IND_001,3.097,224.4,49.96,OK
2025-01-09T01:00:00,SITE_IND_001,1.63,225.2,49.95,OK
2025-01-15T16:00:00,SITE_IND_001,2.71,227.0,49.99,OK
21/01/2025 02:00:00,SITE_RES_002,0.23,227.2,50.08,OK
2025-01-23T04:00:00,SITE_IND_001,1.811,233.0,49.75,OK
2025-01-18T00:00:00,SITE_IND_001,1.099,237.0,49.75,OK
02/01/2025 19:00:00,SITE_IND_002,1.928,227.5,49.98,OK
2025-01-16 13:00:00,SITE_RES_001,,221.3,49.94,ERROR
2025-01-14T00:00:00,SITE_IND_001,1.874,226.4,49.91,OK
2025-01-12 07:00:00,SITE_RES_001,0.559,236.1,50.02,OK
2025-01-08T20:00:00,SITE_COM_002,0.34,224.7,49.99,OK
2025-01-18T00:00:00,SITE_COM_001,0.356,229.4,49.96,OK
03/01/2025 00:00:00,SITE_IND_002,1.303,225.7,50.07,OK
2025-01-18T01:00:00,SITE_COM_002,0.284,226.9,49.87,OK
2025-01-13T17:00:00,SITE_RES_002,0.262,238.8,49.93,OK
2025-01-23T20:00:00,SITE_COM_001,0.527,224.5,49.79,OK
2025-01-13 05:00:00,SITE_IND_002,1.165,228.7,50.1,OK
2025-01-26T03:00:00,SITE_IND_001,0.974,228.1,50.05,OK
07/01/2025 04:00:00,SITE_RES_001,0.342,225.1,49.92,OK
2025-01-04T16:00:00,SITE_RES_001,0.358,231.2,50.29,OK
2025-01-10T03:00:00,SITE_IND_002,1.124,236.7,50.07,OK
2025-01-07T03:00:00,SITE_RES_002,0.219,229.4,49.98,OK
2025-01-14T11:00:00,SITE_IND_002,1.975,230.0,50.17,OK
2025-01-22T01:00:00,SITE_RES_002,0.229,233.8,50.19,OK
2025-01-19 02:00:00,SITE_IND_002,0.675,222.8,50.16,OK
2025-01-02T02:00:00,SITE_COM_002,0.351,233.2,50.22,OK
10/01/2025 09:00:00,SITE_RES_001,0.297,229.1,49.98,OK
2025-01-08T06:00:00,SITE_COM_001,0.513,230.6,49.94,OK
2025-01-23T08:00:00,SITE_RES_002,0.37,228.1,49.96,OK
2025-01-29T13:00:00,SITE_IND_002,2.289,225.1,49.85,OK
2025-01-28T10:00:00,SITE_COM_002,0.995,225.6,50.24,OK
2025-01-14T10:00:00,SITE_RES_001,0.3,233.3,50.07,OK
2025-01-10T19:00:00,SITE_COM_002,1.004,232.7,49.98,OK
2025-01-17T23:00:00,SITE_RES_001,0.334,226.6,49.97,OK
2025-01-07T20:00:00,SITE_IND_001,2.744,229.1,49.97,OK
2025-01-13T04:00:00,SITE_COM_002,0.346,235.4,50.0,OK
2025-01-25T01:00:00,SITE_IND_002,,231.3,49.86,ERROR
2025-01-27T13:00:00,SITE_IND_001,3.09,235.0,50.23,OK
2025-01-01 16:00:00,SITE_IND_002,1.947,235.4,50.24,OK
11/01/2025 22:00:00,SITE_IND_001,1.144,236.7,50.06,OK
2025-01-30T08:00:00,SITE_RES_002,0.355,234.0,50.08,OK
2025-01-27 07:00:00,SITE_COM_001,0.521,230.5,49.94,OK
2025-01-28T22:00:00,SITE_IND_002,1.274,231.7,50.05,OK
2025-01-30T12:00:00,SITE_RES_002,0.229,226.8,50.01,OK
2025-01-18T08:00:00,SITE_COM_002,0.741,229.9,49.94,OK
2025-01-21T01:00:00,SITE_COM_001,0.474,232.2,49.93,OK
2025-01-26T15:00:00,SITE_COM_002,-999,236.6,50.26,ERROR
2025-01-15T14:00:00,SITE_RES_001,0.33,230.1,49.95,OK
2025-01-27T07:00:00,SITE_IND_001,3.021,230.9,50.12,OK
2025-01-16T05:00:00,SITE_COM_001,0.54,228.0,49.81,OK
2025-01-08T02:00:00,SITE_RES_002,0.234,235.4,50.06,OK
2025-01-29T21:00:00,SITE_RES_001,0.557,233.0,50.09,OK
2025-01-02T14:00:00,SITE_COM_002,1.0,235.3,50.16,OK
2025-01-09 19:00:00,SITE_IND_002,2.117,228.2,50.26,OK
2025-01-03 10:00:00,SITE_COM_002,-888,227.7,49.81,ERROR
2025-01-20 04:00:00,SITE_COM_002,0.39,230.7,49.86,OK
02/01/2025 09:00:00,SITE_COM_001,1.285,227.6,49.82,OK
2025-01-06 22:00:00,SITE_COM_001,0.456,231.2,50.12,OK
2025-01-09 12:00:00,SITE_IND_001,3.165,236.4,50.05,OK
2025-01-23T02:00:00,SITE_RES_002,0.23,236.4,49.87,OK
2025-01-08T23:00:00,SITE_RES_002,-777,232.6,50.14,ERROR
2025-01-02T05:00:00,SITE_IND_002,1.195,228.2,49.98,OK
2025-01-28T03:00:00,SITE_RES_001,0.296,228.4,49.92,OK
2025-01-13T12:00:00,SITE_COM_002,0.974,228.0,49.9,OK
2025-01-23T01:00:00,SITE_RES_001,0.317,227.9,50.23,OK
2025-01-15T06:00:00,SITE_RES_001,0.306,234.8,50.18,OK
2025-01-17T04:00:00,SITE_COM_002,-999,226.8,49.78,ERROR
2025-01-19T01:00:00,SITE_IND_001,1.122,233.6,50.15,OK
2025-01-11 15:00:00,SITE_COM_001,0.934,227.4,49.67,OK
2025-01-15T10:00:00,SITE_IND_002,1.974,224.9,49.92,OK
2025-01-21T18:00:00,SITE_RES_001,0.53,226.1,50.02,OK
2025-01-25T19:00:00,SITE_IND_002,1.233,228.4,50.11,OK
25/01/2025 12:00:00,SITE_COM_001,0.951,235.2,50.1,OK
2025-01-28T22:00:00,SITE_COM_002,0.374,230.1,50.09,OK
19/01/2025 13:00:00,SITE_COM_002,0.657,233.8,49.94,OK
2025-01-26T13:00:00,SITE_RES_002,0.263,226.4,49.66,OK
2025-01-22T06:00:00,SITE_COM_001,0.52,225.3,49.71,OK
2025-01-11T22:00:00,SITE_RES_002,0.263,233.5,49.85,OK
2025-01-22T22:00:00,SITE_RES_001,0.34,236.3,49.72,OK
2025-01-18T08:00:00,SITE_IND_001,1.798,234.3,49.88,OK
2025-01-13T11:00:00,SITE_RES_001,0.293,227.9,50.13,OK
2025-01-05T12:00:00,SITE_RES_001,0.39,230.2,49.91,OK
2025-01-19T22:00:00,SITE_COM_001,0.366,223.1,50.05,OK
2025-01-04T06:00:00,SITE_COM_002,0.279,226.6,50.02,OK
2025-01-01T17:00:00,SITE_RES_002,0.259,233.8,50.08,OK
2025-01-23 17:00:00,SITE_COM_002,0.978,233.8,49.96,OK
2025-01-15 04:00:00,SITE_IND_002,-999,232.8,49.88,ERROR
2025-01-22T21:00:00,SITE_RES_001,-999,233.5,49.86,ERROR
2025-01-07T09:00:00,SITE_RES_002,0.217,231.4,49.91,OK
2025-01-11T14:00:00,SITE_COM_001,0.923,230.7,49.97,OK
2025-01-04T06:00:00,SITE_RES_001,0.397,229.8,50.22,OK
2025-01-30T23:00:00,SITE_RES_001,0.351,240.1,50.01,OK
19/01/2025 23:00:00,SITE_RES_001,0.401,227.5,50.09,OK
2025-01-15T23:00:00,SITE_COM_001,0.506,229.2,50.13,OK
2025-01-17T04:00:00,SITE_RES_002,-999,230.3,50.01,ERROR
2025-01-04 17:00:00,SITE_COM_001,-999,231.7,50.04,ERROR
2025-01-01T08:00:00,SITE_RES_002,0.367,218.7,50.21,OK
09/01/2025 21:00:00,SITE_IND_001,1.599,223.9,49.8,OK
20/01/2025 22:00:00,SITE_IND_002,1.231,238.7,50.3,OK
2025-01-23T14:00:00,SITE_IND_001,2.745,237.7,49.88,OK
2025-01-17T00:00:00,SITE_RES_001,0.334,229.2,49.87,OK
2025-01-23 23:00:00,SITE_COM_002,0.372,231.3,50.03,OK
2025-01-16T18:00:00,SITE_RES_002,0.411,232.0,50.04,OK
2025-01-28 19:00:00,SITE_IND_001,2.972,227.3,49.93,OK
03/01/2025 11:00:00,SITE_RES_001,0.322,230.4,50.02,OK
2025-01-18 12:00:00,SITE_COM_001,0.855,233.8,50.22,OK
2025-01-16T12:00:00,SITE_IND_001,2.911,237.8,50.06,OK
2025-01-03T19:00:00,SITE_IND_001,3.092,237.4,50.01,OK
2025-01-12T12:00:00,SITE_RES_001,-999,225.0,49.73,ERROR
2025-01-07T13:00:00,SITE_RES_002,0.242,233.6,50.14,OK
2025-01-17T01:00:00,SITE_RES_001,0.336,234.0,49.93,OK
2025-01-19T07:00:00,SITE_RES_002,0.481,226.9,49.86,OK
2025-01-19T03:00:00,SITE_RES_001,0.367,231.1,50.01,OK
2025-01-10T05:00:00,SITE_COM_002,0.338,231.6,50.22,OK
17/01/2025 10:00:00,SITE_RES_001,0.349,232.2,49.76,OK
2025-01-12 14:00:00,SITE_IND_001,1.856,230.3,50.06,OK
2025-01-19T05:00:00,SITE_COM_001,0.33,232.3,50.23,OK
2025-01-21T12:00:00,SITE_IND_002,2.096,228.0,50.12,OK
2025-01-18T23:00:00,SITE_RES_002,0.282,222.3,50.12,OK
2025-01-22T16:00:00,SITE_IND_001,-888,228.0,50.03,ERROR
2025-01-08T23:00:00,SITE_IND_001,1.767,233.9,49.94,OK
23/01/2025 11:00:00,SITE_IND_001,2.96,231.1,49.85,OK
2025-01-16T05:00:00,SITE_RES_001,0.305,230.4,50.17,OK
2025-01-07 15:00:00,SITE_RES_002,0.26,231.1,50.15,OK
2025-01-03T07:00:00,SITE_RES_001,0.485,226.6,50.0,OK
2025-01-17T05:00:00,SITE_IND_002,1.332,227.0,49.99,OK
2025-01-07T23:00:00,SITE_IND_002,1.279,234.3,50.1,OK
05/01/2025 22:00:00,SITE_IND_001,1.032,231.1,50.12,OK
2025-01-11 02:00:00,SITE_IND_002,-999,231.2,49.95,ERROR
2025-01-30T02:00:00,SITE_IND_001,1.78,231.3,50.06,OK
2025-01-24T05:00:00,SITE_COM_001,0.467,225.6,50.13,OK
2025-01-20T06:00:00,SITE_RES_001,0.325,238.2,50.01,OK
15/01/2025 02:00:00,SITE_IND_002,,228.4,50.05,ERROR
12/01/2025 08:00:00,SITE_RES_001,-888,227.8,49.96,ERROR
05/01/2025 21:00:00,SITE_COM_002,0.238,226.8,49.93,OK
2025-01-10T06:00:00,SITE_COM_002,0.345,231.4,50.15,OK
2025-01-06T09:00:00,SITE_RES_001,0.323,228.2,50.11,OK
2025-01-10T09:00:00,SITE_IND_002,2.211,226.3,50.05,OK
2025-01-06T08:00:00,SITE_RES_002,0.426,232.5,50.07,OK
2025-01-24T15:00:00,SITE_RES_002,0.26,229.5,50.05,OK
2025-01-05T04:00:00,SITE_RES_002,0.27,225.4,50.03,OK
2025-01-11T16:00:00,SITE_RES_002,0.287,227.2,49.95,OK
2025-01-14T08:00:00,SITE_IND_001,2.74,235.0,50.1,OK
2025-01-10 13:00:00,SITE_IND_001,-888,225.6,49.88,ERROR
2025-01-06T22:00:00,SITE_IND_002,1.298,234.7,50.12,OK
2025-01-04T04:00:00,SITE_COM_001,0.369,230.1,49.96,OK
2025-01-20 12:00:00,SITE_COM_002,0.995,236.4,50.02,OK
2025-01-18T10:00:00,SITE_IND_002,1.158,229.2,49.85,OK
2025-01-30T14:00:00,SITE_IND_001,2.777,236.2,49.87,OK
2025-01-10 16:00:00,SITE_IND_001,3.139,232.8,50.05,OK
2025-01-08T17:00:00,SITE_RES_001,0.307,228.5,50.06,OK
2025-01-04T08:00:00,SITE_RES_002,0.43,234.0,49.99,OK
2025-01-13T12:00:00,SITE_IND_002,2.051,235.5,49.98,OK
2025-01-23T22:00:00,SITE_RES_002,0.224,235.3,50.15,OK
2025-01-19T21:00:00,SITE_RES_001,0.614,233.6,50.08,OK
2025-01-09T03:00:00,SITE_RES_001,0.317,233.1,50.27,OK
30/01/2025 06:00:00,SITE_IND_002,2.083,231.7,50.1,OK
15/01/2025 02:00:00,SITE_COM_002,0.348,223.8,49.94,OK
2025-01-15 01:00:00,SITE_COM_002,0.363,229.8,50.11,OK
2025-01-22T15:00:00,SITE_COM_001,1.242,225.8,49.84,OK
2025-01-13T10:00:00,SITE_RES_001,0.288,230.8,49.92,OK
2025-01-25 05:00:00,SITE_IND_001,-999,228.2,49.89,ERROR
2025-01-13 20:00:00,SITE_COM_001,-777,228.5,50.21,ERROR
2025-01-27 01:00:00,SITE_RES_001,0.302,227.1,50.15,OK
2025-01-15T16:00:00,SITE_COM_001,1.426,231.0,49.85,OK
2025-01-02T19:00:00,SITE_IND_001,2.984,231.6,49.79,OK
2025-01-20T05:00:00,SITE_RES_001,0.292,230.5,49.94,OK
2025-01-20T09:00:00,SITE_RES_002,0.242,231.3,50.03,OK
2025-01-03T07:00:00,SITE_COM_001,0.549,236.0,50.08,OK
2025-01-18T20:00:00,SITE_COM_001,0.357,233.0,49.99,OK
2025-01-22T00:00:00,SITE_RES_002,-999,217.9,50.13,ERROR
2025-01-14T00:00:00,SITE_COM_001,0.456,233.5,49.91,OK
2025-01-04T18:00:00,SITE_RES_002,0.465,237.3,50.08,OK
2025-01-25 09:00:00,SITE_COM_002,0.705,233.1,49.84,OK
2025-01-21T23:00:00,SITE_IND_001,1.905,226.7,49.81,OK
2025-01-29T03:00:00,SITE_COM_002,0.37,228.2,50.19,OK
2025-01-06T06:00:00,SITE_RES_001,0.34,224.0,50.27,OK
2025-01-12T13:00:00,SITE_IND_001,1.836,226.9,50.13,OK
2025-01-16T06:00:00,SITE_COM_001,0.529,229.0,49.96,OK
2025-01-20T22:00:00,SITE_COM_001,0.511,230.9,49.93,OK
2025-01-10T16:00:00,SITE_COM_001,1.299,226.7,49.89,OK
2025-01-14T06:00:00,SITE_IND_002,1.894,231.5,49.92,OK
04/01/2025 16:00:00,SITE_IND_002,,231.1,50.03,ERROR
2025-01-08T10:00:00,SITE_IND_002,2.063,227.9,49.81,OK
2025-01-04T17:00:00,SITE_IND_001,1.967,229.8,50.06,OK
2025-01-22T06:00:00,SITE_RES_002,0.234,229.6,50.14,OK
02/01/2025 16:00:00,SITE_IND_001,2.743,228.0,49.94,OK
2025-01-30T19:00:00,SITE_RES_001,0.522,228.5,50.11,OK
05/01/2025 21:00:00,SITE_IND_002,0.792,233.7,50.0,OK
2025-01-07T18:00:00,SITE_IND_002,1.984,225.1,50.04,OK
2025-01-19T17:00:00,SITE_RES_002,,236.7,49.99,ERROR
2025-01-08T21:00:00,SITE_COM_002,0.4,223.7,49.75,OK
2025-01-09 11:00:00,SITE_COM_001,1.244,233.9,49.88,OK
2025-01-27T08:00:00,SITE_IND_002,2.031,229.8,50.05,OK
23/01/2025 22:00:00,SITE_IND_001,1.846,233.1,50.02,OK
03/01/2025 18:00:00,SITE_IND_001,3.2,228.4,49.84,OK
2025-01-24T06:00:00,SITE_IND_001,2.756,227.1,49.94,OK
2025-01-02T14:00:00,SITE_IND_001,2.963,228.0,49.99,OK
2025-01-10T21:00:00,SITE_IND_002,1.222,229.0,50.05,OK
2025-01-16T08:00:00,SITE_RES_001,0.52,227.0,50.18,OK
2025-01-17T10:00:00,SITE_COM_002,1.003,231.6,49.95,OK
2025-01-27T03:00:00,SITE_IND_001,1.883,234.0,50.08,OK
29/01/2025 19:00:00,SITE_COM_001,1.18,224.8,50.12,OK
2025-01-23 18:00:00,SITE_IND_001,2.933,232.9,49.93,OK
05/01/2025 07:00:00,SITE_IND_002,1.152,233.6,49.91,OK
2025-01-04T22:00:00,SITE_IND_002,0.667,228.6,49.85,OK
2025-01-28T05:00:00,SITE_IND_001,1.805,228.5,50.14,OK
10/01/2025 11:00:00,SITE_RES_001,0.324,233.5,49.97,OK
2025-01-08T09:00:00,SITE_RES_002,0.257,227.4,49.86,OK
2025-01-09T15:00:00,SITE_RES_001,-999,226.6,49.75,ERROR
2025-01-29T20:00:00,SITE_RES_001,0.529,232.8,49.95,OK
2025-01-05T13:00:00,SITE_RES_001,0.405,225.7,49.9,OK
2025-01-28T11:00:00,SITE_IND_002,2.212,228.5,49.94,OK
2025-01-09T06:00:00,SITE_RES_001,0.337,230.8,49.82,OK
2025-01-17T12:00:00,SITE_COM_001,1.333,235.5,50.07,OK
2025-01-01T22:00:00,SITE_IND_002,1.25,239.2,49.85,OK
2025-01-28 17:00:00,SITE_IND_002,2.308,231.3,50.01,OK
2025-01-07T16:00:00,SITE_COM_001,-888,228.4,49.78,ERROR
13/01/2025 01:00:00,SITE_COM_001,0.544,233.0,50.05,OK
2025-01-18T20:00:00,SITE_IND_002,1.317,235.4,49.98,OK
12/01/2025 03:00:00,SITE_RES_002,0.256,232.7,49.88,OK
2025-01-15T00:00:00,SITE_COM_002,0.373,232.7,49.95,OK
2025-01-06T10:00:00,SITE_COM_002,1.046,238.0,50.21,OK
2025-01-20 02:00:00,SITE_RES_001,-999,229.9,50.04,ERROR
2025-01-28 15:00:00,SITE_IND_001,2.886,227.3,49.99,OK
2025-01-28 21:00:00,SITE_IND_001,1.632,234.7,49.96,OK
2025-01-28T21:00:00,SITE_RES_002,0.374,221.0,49.85,OK
2025-01-12T15:00:00,SITE_RES_002,0.284,231.1,50.3,OK
2025-01-03 13:00:00,SITE_COM_001,1.308,234.4,49.94,OK
2025-01-23T10:00:00,SITE_RES_001,0.337,229.2,50.0,OK
2025-01-18T18:00:00,SITE_RES_002,0.419,231.2,49.91,OK
2025-01-16 11:00:00,SITE_RES_001,0.301,229.6,49.99,OK
2025-01-02T13:00:00,SITE_COM_002,-888,230.8,50.03,ERROR
09/01/2025 23:00:00,SITE_IND_002,1.119,226.7,49.82,OK
2025-01-27T11:00:00,SITE_IND_001,-888,232.7,49.9,ERROR
2025-01-10T23:00:00,SITE_IND_001,1.58,225.7,49.97,OK
2025-01-25 08:00:00,SITE_IND_002,1.152,235.7,50.14,OK
24/01/2025 14:00:00,SITE_RES_001,0.335,228.6,49.98,OK
2025-01-19T19:00:00,SITE_RES_002,0.431,231.7,50.22,OK
2025-01-22T13:00:00,SITE_IND_002,2.124,230.6,49.97,OK
2025-01-07T09:00:00,SITE_IND_001,3.049,225.1,50.02,OK
2025-01-03T03:00:00,SITE_IND_002,1.299,227.6,49.85,OK
2025-01-15T23:00:00,SITE_IND_002,1.263,232.6,49.93,OK
2025-01-20T11:00:00,SITE_COM_001,1.244,230.6,50.18,OK
2025-01-11T23:00:00,SITE_IND_001,1.055,220.0,50.08,OK
2025-01-19T19:00:00,SITE_IND_002,1.222,227.7,50.15,OK
2025-01-02T18:00:00,SITE_RES_002,0.358,228.2,49.99,OK
2025-01-15T18:00:00,SITE_COM_001,1.386,227.4,50.31,OK
2025-01-30T22:00:00,SITE_RES_002,0.256,226.0,50.18,OK
2025-01-16T22:00:00,SITE_RES_002,0.218,227.1,50.03,OK
2025-01-24T02:00:00,SITE_COM_002,0.392,230.2,50.23,OK
2025-01-21T08:00:00,SITE_COM_002,0.923,226.5,50.11,OK
2025-01-16T07:00:00,SITE_IND_001,3.237,221.8,50.21,OK
2025-01-22T14:00:00,SITE_COM_002,0.932,232.9,49.77,OK
18/01/2025 08:00:00,SITE_RES_001,0.586,233.7,49.78,OK
2025-01-02 05:00:00,SITE_RES_002,0.25,233.2,50.16,OK
2025-01-27T02:00:00,SITE_IND_001,1.669,226.2,50.07,OK
2025-01-09 13:00:00,SITE_IND_001,3.187,225.5,50.12,OK
2025-01-14T17:00:00,SITE_RES_002,0.252,236.8,50.0,OK
2025-01-10T10:00:00,SITE_COM_002,1.03,231.2,50.09,OK
2025-01-09T13:00:00,SITE_RES_001,0.345,229.6,49.95,OK
2025-01-06T02:00:00,SITE_COM_001,0.48,229.6,50.02,OK
2025-01-28T09:00:00,SITE_RES_002,0.233,237.6,49.91,OK
21/01/2025 18:00:00,SITE_RES_002,0.38,234.7,49.98,OK
2025-01-08T02:00:00,SITE_COM_002,0.4,226.4,50.09,OK
2025-01-25T00:00:00,SITE_IND_001,1.111,240.9,50.16,OK
2025-01-04T02:00:00,SITE_RES_002,0.263,230.8,50.04,OK
2025-01-01 19:00:00,SITE_RES_001,0.471,222.8,49.99,OK
2025-01-02T07:00:00,SITE_RES_001,0.505,235.9,49.84,OK
2025-01-24T13:00:00,SITE_IND_002,1.934,234.0,50.04,OK
2025-01-22 03:00:00,SITE_COM_002,0.401,233.2,50.11,OK
2025-01-13T01:00:00,SITE_RES_002,0.234,232.6,50.29,OK
2025-01-04 20:00:00,SITE_RES_002,0.478,229.8,50.1,OK
2025-01-28T06:00:00,SITE_RES_002,0.252,230.5,50.01,OK
2025-01-05T05:00:00,SITE_COM_002,0.251,228.9,50.04,OK
2025-01-06 13:00:00,SITE_IND_001,3.038,231.2,50.18,OK
2025-01-05T18:00:00,SITE_IND_001,-999,224.4,49.98,ERROR
2025-01-22T20:00:00,SITE_RES_001,0.492,220.9,50.3,OK
2025-01-03T04:00:00,SITE_COM_002,0.381,233.1,49.98,OK
2025-01-21T05:00:00,SITE_RES_001,0.308,232.2,49.87,OK
2025-01-14T08:00:00,SITE_RES_001,0.571,227.3,49.91,OK
2025-01-08T15:00:00,SITE_COM_001,1.352,232.0,50.11,OK
2025-01-23T07:00:00,SITE_COM_002,0.341,229.0,49.91,OK
2025-01-17 16:00:00,SITE_RES_001,0.33,237.9,49.94,OK
21/01/2025 21:00:00,SITE_RES_002,0.391,225.0,50.11,OK
2025-01-29T07:00:00,SITE_COM_002,0.368,228.2,49.95,OK
2025-01-07T12:00:00,SITE_RES_001,-888,234.5,49.99,ERROR
2025-01-27T02:00:00,SITE_COM_001,0.525,230.7,49.93,OK
2025-01-11T22:00:00,SITE_COM_001,0.335,231.3,50.1,OK
2025-01-09T21:00:00,SITE_COM_002,0.383,231.2,49.91,OK
2025-01-02T21:00:00,SITE_RES_001,-777,223.6,50.14,ERROR
2025-01-17T22:00:00,SITE_COM_001,0.481,235.2,49.86,OK
2025-01-24T04:00:00,SITE_COM_002,0.342,229.3,49.93,OK
2025-01-10T14:00:00,SITE_IND_002,1.942,235.4,50.01,OK
22/01/2025 09:00:00,SITE_IND_002,2.151,229.9,50.13,OK
04/01/2025 04:00:00,SITE_IND_001,0.976,232.4,50.07,OK
19/01/2025 09:00:00,SITE_IND_001,1.709,227.3,49.97,OK
2025-01-22T23:00:00,SITE_COM_002,0.38,223.0,50.01,OK
2025-01-06T11:00:00,SITE_IND_002,2.282,229.9,50.01,OK
2025-01-10T09:00:00,SITE_COM_001,1.366,228.9,49.95,OK
2025-01-16T05:00:00,SITE_IND_002,1.231,227.8,49.92,OK
2025-01-02T06:00:00,SITE_IND_002,,226.4,49.85,ERROR
2025-01-20T23:00:00,SITE_IND_002,1.138,238.1,49.89,OK
2025-01-19T01:00:00,SITE_COM_001,0.351,230.0,49.83,OK
2025-01-23T21:00:00,SITE_IND_002,1.335,230.7,50.1,OK
2025-01-04T06:00:00,SITE_IND_002,1.323,228.8,49.91,OK
2025-01-13T10:00:00,SITE_IND_002,1.928,235.6,50.22,OK
2025-01-27T10:00:00,SITE_RES_001,0.346,229.9,50.09,OK
2025-01-06T17:00:00,SITE_IND_001,3.129,235.4,50.08,OK
2025-01-24T03:00:00,SITE_IND_001,1.612,233.4,50.0,OK
2025-01-07 10:00:00,SITE_RES_001,0.32,226.6,50.02,OK
2025-01-25T16:00:00,SITE_RES_002,0.263,229.6,49.91,OK
2025-01-10T04:00:00,SITE_RES_002,0.245,228.3,49.87,OK
2025-01-27T21:00:00,SITE_IND_001,1.623,231.0,49.8,OK
2025-01-10T12:00:00,SITE_COM_001,1.297,233.4,49.91,OK
22/01/2025 10:00:00,SITE_RES_001,0.312,226.9,49.98,OK
2025-01-03T12:00:00,SITE_IND_002,2.126,232.6,50.06,OK
2025-01-30T15:00:00,SITE_RES_002,0.225,232.1,50.0,OK
2025-01-02T22:00:00,SITE_RES_002,0.246,235.9,50.1,OK
2025-01-21T14:00:00,SITE_IND_002,2.021,225.0,49.87,OK
05/01/2025 22:00:00,SITE_IND_002,0.714,233.7,50.27,OK
2025-01-02 01:00:00,SITE_RES_002,0.948,224.4,50.08,OK
2025-01-09T04:00:00,SITE_IND_001,1.671,235.7,49.71,OK
04/01/2025 07:00:00,SITE_COM_001,0.37,232.4,49.96,OK
2025-01-04T23:00:00,SITE_COM_002,0.254,225.0,50.18,OK
2025-01-03T12:00:00,SITE_COM_002,0.986,238.7,49.93,OK
10/01/2025 11:00:00,SITE_RES_002,0.246,228.9,50.21,OK
09/01/2025 00:00:00,SITE_IND_002,1.265,233.5,49.95,OK
13/01/2025 08:00:00,SITE_IND_001,-999,239.0,50.03,ERROR
2025-01-15T10:00:00,SITE_IND_001,2.783,228.3,50.22,OK
2025-01-08T18:00:00,SITE_IND_002,1.901,233.6,50.14,OK
07/01/2025 04:00:00,SITE_COM_001,0.546,229.2,50.0,OK
08/01/2025 16:00:00,SITE_COM_001,1.238,233.2,50.06,OK
2025-01-26 20:00:00,SITE_IND_002,-777,231.1,49.91,ERROR
2025-01-29T17:00:00,SITE_COM_002,1.022,237.4,49.77,OK
2025-01-15 06:00:00,SITE_IND_002,2.057,229.5,49.96,OK
2025-01-03 06:00:00,SITE_IND_002,2.073,235.6,50.0,OK
2025-01-21T22:00:00,SITE_IND_002,1.13,231.7,49.72,OK
2025-01-05T07:00:00,SITE_COM_002,0.282,228.7,49.95,OK
02/01/2025 12:00:00,SITE_COM_001,1.337,227.5,49.96,OK
2025-01-27T07:00:00,SITE_RES_002,0.417,228.2,50.04,OK
2025-01-15 13:00:00,SITE_IND_002,2.155,231.5,50.06,OK
2025-01-24T11:00:00,SITE_IND_001,2.746,230.0,50.09,OK
2025-01-15T13:00:00,SITE_COM_001,1.421,228.6,49.92,OK
2025-01-27T22:00:00,SITE_IND_001,1.923,233.1,50.12,OK
2025-01-27T20:00:00,SITE_RES_001,0.495,226.7,49.85,OK
2025-01-01T18:00:00,SITE_IND_001,3.226,227.7,50.16,OK
11/01/2025 21:00:00,SITE_RES_002,0.442,230.7,49.97,OK
2025-01-26T03:00:00,SITE_COM_002,0.264,225.5,50.12,OK
2025-01-23T21:00:00,SITE_COM_002,0.4,233.2,50.0,OK
2025-01-05T23:00:00,SITE_COM_001,0.377,229.0,50.05,OK
2025-01-14T16:00:00,SITE_RES_001,0.348,231.4,49.88,OK
2025-01-02T14:00:00,SITE_RES_001,-777,229.8,49.8,ERROR
25/01/2025 15:00:00,SITE_RES_002,0.273,233.1,49.77,OK
2025-01-24T18:00:00,SITE_COM_002,0.937,227.5,50.02,OK
2025-01-08 12:00:00,SITE_RES_002,0.243,231.4,49.98,OK
2025-01-10T15:00:00,SITE_COM_001,1.291,231.0,50.18,OK
2025-01-10T04:00:00,SITE_IND_002,1.243,230.4,50.09,OK
2025-01-17 13:00:00,SITE_IND_002,1.943,231.2,50.34,OK
07/01/2025 09:00:00,SITE_IND_002,2.16,234.3,50.19,OK
2025-01-02T10:00:00,SITE_RES_001,0.349,228.4,50.09,OK
2025-01-19 06:00:00,SITE_IND_002,1.148,230.5,49.89,OK
2025-01-10T08:00:00,SITE_IND_001,2.99,230.4,50.16,OK
2025-01-19T15:00:00,SITE_IND_001,1.779,229.8,50.14,OK
2025-01-17T06:00:00,SITE_COM_001,0.483,230.0,50.06,OK
2025-01-21T15:00:00,SITE_IND_002,,235.0,49.85,ERROR
2025-01-22T21:00:00,SITE_IND_001,1.765,229.1,49.97,OK
2025-01-11 05:00:00,SITE_RES_001,0.371,230.6,50.12,OK
2025-01-14T21:00:00,SITE_COM_002,0.343,237.3,49.77,OK
2025-01-28T17:00:00,SITE_RES_001,0.342,225.7,49.91,OK
2025-01-05T22:00:00,SITE_COM_002,0.255,225.9,50.06,OK
2025-01-14T00:00:00,SITE_COM_002,0.347,225.5,50.27,OK
2025-01-15T15:00:00,SITE_IND_001,2.974,236.7,50.17,OK
04/01/2025 11:00:00,SITE_IND_001,1.903,236.3,50.15,OK
2025-01-24T10:00:00,SITE_COM_001,1.268,229.4,50.11,OK
2025-01-13T17:00:00,SITE_IND_001,3.061,230.4,49.83,OK
2025-01-13T21:00:00,SITE_IND_002,1.339,229.1,50.16,OK
2025-01-30 04:00:00,SITE_RES_002,0.232,230.4,50.15,OK
2025-01-12T07:00:00,SITE_RES_002,0.444,226.9,50.04,OK
2025-01-25T22:00:00,SITE_COM_002,0.266,226.7,50.09,OK
2025-01-07T11:00:00,SITE_RES_001,0.327,228.8,49.81,OK
2025-01-21T21:00:00,SITE_RES_001,0.55,235.4,49.92,OK
2025-01-08T23:00:00,SITE_COM_002,0.364,235.3,50.08,OK
2025-01-06 18:00:00,SITE_COM_001,1.414,224.6,49.97,OK
2025-01-29T16:00:00,SITE_COM_002,0.942,234.6,50.06,OK
2025-01-13T20:00:00,SITE_COM_002,0.363,228.5,49.79,OK
2025-01-22T13:00:00,SITE_COM_002,1.027,226.7,50.18,OK
2025-01-14T11:00:00,SITE_RES_002,0.254,233.3,49.89,OK
2025-01-15T19:00:00,SITE_IND_001,3.016,218.1,49.98,OK
2025-01-14 09:00:00,SITE_RES_002,0.26,230.1,50.07,OK
10/01/2025 07:00:00,SITE_IND_002,2.136,229.5,49.96,OK
2025-01-30 03:00:00,SITE_IND_002,1.214,228.4,50.04,OK
21/01/2025 21:00:00,SITE_IND_001,1.596,237.8,49.92,OK
2025-01-15T01:00:00,SITE_IND_002,1.158,232.6,50.06,OK
2025-01-03 01:00:00,SITE_RES_002,0.255,233.5,50.02,OK
2025-01-26T08:00:00,SITE_RES_002,0.483,235.7,50.14,OK
2025-01-06T08:00:00,SITE_IND_002,1.938,232.1,50.05,OK
24/01/2025 19:00:00,SITE_IND_002,2.085,230.3,50.08,OK
26/01/2025 01:00:00,SITE_COM_001,0.364,227.2,49.94,OK
2025-01-05T01:00:00,SITE_IND_002,,231.8,49.95,ERROR
2025-01-24T15:00:00,SITE_RES_002,0.26,229.5,50.05,OK
2025-01-15T14:00:00,SITE_COM_001,1.374,228.6,50.12,OK
2025-01-13 19:00:00,SITE_RES_002,0.409,237.3,49.8,OK
2025-01-14T19:00:00,SITE_IND_002,2.3,228.6,49.87,OK
2025-01-24T09:00:00,SITE_RES_001,0.297,229.2,49.91,OK
2025-01-21T20:00:00,SITE_RES_002,0.41,230.7,50.0,OK
2025-01-23T00:00:00,SITE_COM_002,0.379,226.6,50.04,OK
2025-01-17 07:00:00,SITE_IND_001,3.3,229.1,49.86,OK
2025-01-17T15:00:00,SITE_COM_001,1.27,232.3,49.76,OK
2025-01-20T20:00:00,SITE_IND_002,2.118,230.6,50.06,OK
29/01/2025 11:00:00,SITE_IND_002,2.159,225.9,49.98,OK
2025-01-06T20:00:00,SITE_IND_001,2.957,226.7,50.1,OK
01/01/2025 01:00:00,SITE_COM_002,0.379,229.9,50.25,OK
2025-01-20T22:00:00,SITE_RES_001,0.309,226.5,50.27,OK
2025-01-03 00:00:00,SITE_COM_002,0.406,225.1,49.76,OK
2025-01-18T06:00:00,SITE_COM_001,0.318,230.1,50.01,OK
2025-01-08T07:00:00,SITE_COM_002,0.374,226.2,49.9,OK
2025-01-16T17:00:00,SITE_RES_002,0.254,228.3,49.98,OK
2025-01-05T03:00:00,SITE_COM_002,0.265,236.8,49.96,OK
2025-01-29T05:00:00,SITE_COM_001,0.492,227.2,50.08,OK
2025-01-23T18:00:00,SITE_COM_001,1.238,224.2,50.05,OK
2025-01-24T11:00:00,SITE_COM_001,1.294,229.1,49.95,OK
2025-01-16T00:00:00,SITE_RES_001,0.298,220.6,49.96,OK
2025-01-12 09:00:00,SITE_IND_002,1.384,231.6,49.95,OK
2025-01-15T05:00:00,SITE_COM_002,0.34,239.7,49.97,OK
25/01/2025 21:00:00,SITE_IND_001,1.013,227.0,50.02,OK
28/01/2025 20:00:00,SITE_COM_001,0.505,221.9,50.01,OK
09/01/2025 16:00:00,SITE_RES_001,0.303,232.9,49.79,OK
16/01/2025 13:00:00,SITE_COM_001,1.298,227.9,50.07,OK
2025-01-10T17:00:00,SITE_COM_002,0.96,228.9,50.12,OK
2025-01-30T08:00:00,SITE_COM_001,1.335,230.3,50.06,OK
2025-01-23T18:00:00,SITE_COM_002,1.008,236.9,50.09,OK
2025-01-12 21:00:00,SITE_COM_002,-999,231.3,50.01,ERROR
2025-01-25 15:00:00,SITE_COM_001,-999,222.7,49.91,ERROR
24/01/2025 12:00:00,SITE_COM_001,1.365,235.3,50.01,OK
2025-01-22T07:00:00,SITE_RES_001,0.5,225.3,49.92,OK
07/01/2025 03:00:00,SITE_COM_002,-999,228.0,50.01,ERROR
2025-01-30T00:00:00,SITE_COM_002,0.396,227.6,50.15,OK
2025-01-15 07:00:00,SITE_RES_001,0.494,227.6,49.92,OK
2025-01-25 11:00:00,SITE_COM_002,0.72,235.9,49.87,OK
2025-01-09T23:00:00,SITE_COM_002,0.394,237.9,49.8,OK
2025-01-18T04:00:00,SITE_COM_002,0.244,229.8,50.1,OK
2025-01-27T17:00:00,SITE_IND_001,2.986,231.9,50.06,OK
2025-01-21T03:00:00,SITE_COM_001,0.472,217.5,50.02,OK
2025-01-13T07:00:00,SITE_COM_002,0.411,233.3,49.79,OK
26/01/2025 23:00:00,SITE_RES_002,0.259,226.7,50.02,OK
2025-01-11T10:00:00,SITE_COM_001,0.898,225.0,49.85,OK
2025-01-22 03:00:00,SITE_RES_001,0.327,231.7,49.99,OK
2025-01-30T19:00:00,SITE_RES_002,0.419,230.3,50.19,OK
2025-01-25T23:00:00,SITE_IND_002,0.664,229.2,49.86,OK
2025-01-26T03:00:00,SITE_IND_002,0.714,232.1,50.15,OK
2025-01-08T14:00:00,SITE_IND_002,2.292,223.8,50.0,OK
30/01/2025 09:00:00,SITE_COM_002,1.062,226.5,50.01,OK
2025-01-06 14:00:00,SITE_RES_001,-888,229.0,49.89,ERROR
2025-01-02T04:00:00,SITE_COM_001,0.48,233.6,49.94,OK
2025-01-03T17:00:00,SITE_IND_001,3.229,232.8,49.92,OK
10/01/2025 01:00:00,SITE_RES_002,0.242,232.3,50.01,OK
2025-01-07T14:00:00,SITE_RES_001,0.349,232.4,50.14,OK
2025-01-17T21:00:00,SITE_IND_001,1.744,232.0,49.83,OK
2025-01-11T06:00:00,SITE_COM_001,0.358,233.7,49.98,OK
2025-01-20T14:00:00,SITE_COM_002,0.985,227.3,49.88,OK
2025-01-17T00:00:00,SITE_COM_001,0.526,232.1,49.94,OK
2025-01-10T18:00:00,SITE_RES_001,0.486,233.5,49.95,OK
2025-01-17 21:00:00,SITE_IND_002,-999,237.8,50.03,ERROR
2025-01-03 05:00:00,SITE_RES_001,0.299,239.6,49.88,OK
2025-01-08T12:00:00,SITE_IND_002,2.156,231.7,50.16,OK
2025-01-27T23:00:00,SITE_IND_001,-888,224.0,50.07,ERROR
2025-01-01 15:00:00,SITE_RES_002,0.229,233.4,50.18,OK
2025-01-09T12:00:00,SITE_RES_002,0.262,236.9,50.03,OK
2025-01-04T15:00:00,SITE_COM_001,,231.6,50.1,ERROR
2025-01-27T15:00:00,SITE_RES_002,0.261,239.7,50.2,OK
2025-01-03T23:00:00,SITE_COM_002,0.359,234.6,50.21,OK
2025-01-12T19:00:00,SITE_RES_001,0.593,234.4,50.07,OK
2025-01-13T20:00:00,SITE_IND_001,3.075,233.7,49.87,OK
2025-01-08T23:00:00,SITE_COM_001,0.512,233.2,49.94,OK
2025-01-11T12:00:00,SITE_RES_002,0.275,226.8,49.8,OK
2025-01-16T07:00:00,SITE_COM_001,-999,227.2,49.84,ERROR
2025-01-18T10:00:00,SITE_COM_002,0.733,237.6,49.87,OK
2025-01-01T11:00:00,SITE_RES_001,0.305,226.7,49.98,OK
2025-01-24T09:00:00,SITE_COM_001,1.332,231.6,49.95,OK
2025-01-19T19:00:00,SITE_RES_001,-777,226.0,49.95,ERROR
2025-01-08T20:00:00,SITE_IND_001,2.943,218.1,49.97,OK
2025-01-12T06:00:00,SITE_IND_001,1.783,230.5,50.11,OK
2025-01-23 20:00:00,SITE_COM_002,0.352,227.5,50.0,OK
2025-01-28 16:00:00,SITE_COM_001,1.281,237.7,49.91,OK
12/01/2025 12:00:00,SITE_IND_001,1.89,234.3,49.86,OK
2025-01-26T14:00:00,SITE_RES_001,0.334,231.4,50.07,OK
2025-01-29T15:00:00,SITE_COM_002,0.917,227.9,49.9,OK
2025-01-12T15:00:00,SITE_RES_001,0.344,231.6,49.94,OK
2025-01-09T17:00:00,SITE_COM_001,1.263,228.8,49.87,OK
2025-01-24T06:00:00,SITE_RES_001,-999,227.1,50.11,ERROR
2025-01-01T09:00:00,SITE_IND_002,2.26,226.6,50.01,OK
2025-01-16T15:00:00,SITE_COM_002,1.06,224.9,50.04,OK
2025-01-04T15:00:00,SITE_RES_002,0.269,225.6,49.95,OK
2025-01-03T20:00:00,SITE_RES_002,0.423,230.6,50.04,OK
2025-01-12T15:00:00,SITE_COM_002,0.712,225.9,50.03,OK
2025-01-17 20:00:00,SITE_RES_001,0.526,227.9,49.8,OK
2025-01-20 10:00:00,SITE_RES_002,0.241,237.0,49.99,OK
2025-01-29T13:00:00,SITE_RES_001,0.293,232.8,50.15,OK
2025-01-16T12:00:00,SITE_COM_002,,232.0,49.89,ERROR
2025-01-15T12:00:00,SITE_COM_002,-999,226.2,50.05,ERROR
2025-01-16T01:00:00,SITE_RES_001,0.336,233.6,49.98,OK
2025-01-09 11:00:00,SITE_RES_002,0.231,232.8,50.02,OK
2025-01-24T15:00:00,SITE_RES_001,0.348,225.8,50.12,OK
2025-01-18T21:00:00,SITE_IND_002,0.808,228.9,50.1,OK
2025-01-01T09:00:00,SITE_IND_001,3.198,224.1,49.84,OK
2025-01-18T01:00:00,SITE_IND_001,1.023,226.8,49.96,OK
03/01/2025 08:00:00,SITE_IND_001,2.734,225.9,49.93,OK
2025-01-14T19:00:00,SITE_RES_002,0.415,233.2,49.88,OK
2025-01-07T23:00:00,SITE_COM_002,0.385,226.6,49.88,OK
2025-01-06T16:00:00,SITE_RES_002,0.228,231.4,49.89,OK
07/01/2025 12:00:00,SITE_COM_002,0.99,233.9,50.12,OK
2025-01-03T22:00:00,SITE_COM_002,0.368,226.4,50.18,OK
2025-01-10T01:00:00,SITE_RES_001,-999,233.8,49.92,ERROR
16/01/2025 23:00:00,SITE_RES_002,0.227,231.1,50.02,OK
2025-01-30 03:00:00,SITE_COM_002,0.402,236.4,50.16,OK
2025-01-09T00:00:00,SITE_IND_001,1.617,235.4,49.97,OK
2025-01-01T03:00:00,SITE_RES_001,0.309,223.7,50.02,OK
24/01/2025 15:00:00,SITE_IND_001,3.285,232.3,50.08,OK
2025-01-12 07:00:00,SITE_IND_002,1.285,229.3,49.99,OK
25/01/2025 02:00:00,SITE_IND_002,0.722,226.3,49.9,OK
2025-01-16 14:00:00,SITE_IND_001,2.745,227.5,49.91,OK
2025-01-20T09:00:00,SITE_IND_002,2.05,231.8,49.99,OK
2025-01-13 13:00:00,SITE_IND_002,,222.1,49.83,ERROR
20/01/2025 14:00:00,SITE_COM_001,1.294,239.0,50.13,OK
2025-01-03 00:00:00,SITE_COM_001,-888,224.1,49.94,ERROR
2025-01-25T07:00:00,SITE_COM_002,0.281,226.8,50.1,OK
2025-01-25T22:00:00,SITE_RES_002,0.271,234.2,49.96,OK
2025-01-11T12:00:00,SITE_IND_001,1.925,224.3,50.05,OK
2025-01-05T07:00:00,SITE_COM_001,0.323,230.0,50.14,OK
2025-01-29T17:00:00,SITE_RES_002,0.238,229.1,50.01,OK
23/01/2025 05:00:00,SITE_COM_002,0.345,227.9,50.07,OK
2025-01-11T11:00:00,SITE_RES_001,-888,225.2,50.09,ERROR
2025-01-02T07:00:00,SITE_IND_002,1.921,231.9,49.92,OK
2025-01-10T08:00:00,SITE_IND_002,1.935,230.8,49.9,OK
2025-01-10T07:00:00,SITE_COM_001,-999,237.8,49.95,ERROR
2025-01-16T09:00:00,SITE_COM_002,0.888,228.3,50.14,OK
2025-01-11T23:00:00,SITE_COM_001,0.33,233.1,49.94,OK
2025-01-21T23:00:00,SITE_COM_001,0.471,220.9,49.93,OK
2025-01-01T06:00:00,SITE_RES_001,0.312,234.6,50.1,OK
2025-01-24T11:00:00,SITE_RES_001,0.339,224.6,50.04,OK
2025-01-13T04:00:00,SITE_RES_002,0.223,230.3,49.99,OK
26/01/2025 18:00:00,SITE_COM_002,0.744,229.7,50.17,OK
2025-01-08T03:00:00,SITE_RES_002,0.246,235.9,50.09,OK
2025-01-10T15:00:00,SITE_IND_001,3.088,228.4,50.12,OK
2025-01-13T21:00:00,SITE_RES_001,0.475,226.4,50.16,OK
2025-01-30T10:00:00,SITE_RES_001,0.338,233.3,49.83,OK
2025-01-16 00:00:00,SITE_IND_002,1.172,228.5,49.95,OK
2025-01-04 06:00:00,SITE_COM_001,-888,235.4,50.07,ERROR
28/01/2025 06:00:00,SITE_IND_001,3.149,229.6,50.04,OK
2025-01-19T23:00:00,SITE_COM_001,0.328,230.8,49.82,OK
2025-01-16T03:00:00,SITE_RES_002,,228.6,50.0,ERROR
2025-01-18T10:00:00,SITE_RES_002,0.281,235.2,49.86,OK
2025-01-26T12:00:00,SITE_RES_001,0.34,224.1,49.77,OK
27/01/2025 07:00:00,SITE_IND_002,2.292,221.9,50.11,OK
2025-01-26T07:00:00,SITE_IND_001,1.913,234.6,49.97,OK
2025-01-14T14:00:00,SITE_COM_001,1.373,223.7,50.03,OK
2025-01-12T23:00:00,SITE_RES_002,0.301,228.6,49.95,OK
2025-01-29T14:00:00,SITE_RES_002,0.224,239.5,50.09,OK
2025-01-13T09:00:00,SITE_IND_001,,224.4,49.92,ERROR
2025-01-19T13:00:00,SITE_RES_001,0.353,229.1,50.05,OK
2025-01-05T22:00:00,SITE_RES_002,0.272,230.3,49.96,OK
2025-01-08T22:00:00,SITE_RES_002,0.259,226.7,49.97,OK
2025-01-18 17:00:00,SITE_RES_001,0.401,230.2,50.12,OK
2025-01-27T18:00:00,SITE_RES_001,-777,229.4,49.96,ERROR
2025-01-24T03:00:00,SITE_COM_001,0.549,230.1,49.99,OK
2025-01-09T21:00:00,SITE_COM_001,0.547,224.9,49.97,OK
2025-01-26T00:00:00,SITE_IND_001,1.116,229.1,49.9,OK
2025-01-15 22:00:00,SITE_COM_002,0.354,227.8,49.72,OK
2025-01-22T02:00:00,SITE_IND_002,1.279,231.4,50.04,OK
2025-01-01T15:00:00,SITE_IND_002,2.286,228.5,50.03,OK
2025-01-17T09:00:00,SITE_IND_002,1.908,230.9,49.87,OK
2025-01-03T19:00:00,SITE_IND_002,2.255,237.2,50.24,OK
2025-01-20T08:00:00,SITE_RES_002,0.426,229.0,49.76,OK
2025-01-25T06:00:00,SITE_IND_001,1.968,229.5,50.01,OK
2025-01-06T02:00:00,SITE_IND_001,1.766,227.8,49.95,OK
2025-01-25T00:00:00,SITE_IND_002,0.677,232.9,49.8,OK
29/01/2025 08:00:00,SITE_RES_001,0.561,230.0,49.97,OK
2025-01-28 14:00:00,SITE_IND_002,2.199,231.7,50.06,OK
2025-01-27T13:00:00,SITE_COM_001,1.17,227.0,50.28,OK
07/01/2025 04:00:00,SITE_IND_001,-777,231.1,49.9,ERROR
2025-01-17T19:00:00,SITE_IND_002,1.919,231.9,50.08,OK
2025-01-01T04:00:00,SITE_IND_001,1.652,223.8,49.88,OK
2025-01-13T20:00:00,SITE_RES_002,0.413,227.1,49.87,OK
2025-01-21T13:00:00,SITE_IND_001,3.135,235.5,50.14,OK
2025-01-04T02:00:00,SITE_COM_001,0.325,230.3,50.06,OK
2025-01-03T02:00:00,SITE_RES_001,0.324,231.6,50.05,OK
2025-01-20 12:00:00,SITE_RES_002,0.242,226.3,49.9,OK
2025-01-04T21:00:00,SITE_RES_002,0.439,230.4,50.07,OK
2025-01-20 13:00:00,SITE_COM_002,0.895,227.5,49.75,OK
2025-01-13T04:00:00,SITE_COM_001,0.521,227.4,49.88,OK
2025-01-09T07:00:00,SITE_RES_001,0.472,233.2,49.97,OK
2025-01-02T04:00:00,SITE_IND_002,1.282,238.2,49.95,OK
2025-01-06T18:00:00,SITE_IND_001,2.761,231.1,49.77,OK
2025-01-03 17:00:00,SITE_COM_002,0.883,233.8,49.97,OK
2025-01-27T04:00:00,SITE_RES_001,0.339,223.9,50.05,OK
2025-01-23T14:00:00,SITE_COM_002,0.984,232.6,49.99,OK
2025-01-27T19:00:00,SITE_COM_002,1.065,230.3,49.9,OK
2025-01-27T10:00:00,SITE_IND_001,2.729,235.7,50.12,OK
2025-01-25T13:00:00,SITE_IND_001,1.735,227.7,50.21,OK
2025-01-02T08:00:00,SITE_COM_002,1.039,230.5,49.83,OK
27/01/2025 03:00:00,SITE_RES_001,0.327,226.7,49.92,OK
2025-01-30 12:00:00,SITE_IND_001,3.087,227.3,49.95,OK
2025-01-06T17:00:00,SITE_RES_001,-777,230.2,49.85,ERROR
2025-01-23T23:00:00,SITE_IND_001,1.747,224.1,50.22,OK
30/01/2025 11:00:00,SITE_IND_002,,227.5,50.14,ERROR
2025-01-25 19:00:00,SITE_IND_001,1.874,231.8,50.19,OK
2025-01-26T19:00:00,SITE_COM_001,0.995,227.2,49.91,OK
2025-01-19T16:00:00,SITE_COM_002,0.633,223.2,50.2,OK
2025-01-04T09:00:00,SITE_RES_001,0.402,232.0,50.06,OK
2025-01-16 08:00:00,SITE_IND_001,2.999,234.3,49.93,OK
2025-01-13T12:00:00,SITE_RES_002,0.241,231.0,49.82,OK
