timestamp,site_id,site_type,conso_mw,taux_charge,niveau
2025-01-01 00:00:00,SITE_COM_001,Commercial,0.458,0.229,NORMAL
2025-01-01 01:00:00,SITE_COM_001,Commercial,,,
2025-01-01 02:00:00,SITE_COM_001,Commercial,0.487,0.2435,NORMAL
2025-01-01 03:00:00,SITE_COM_001,Commercial,,,
2025-01-01 04:00:00,SITE_COM_001,Commercial,0.548,0.274,NORMAL
2025-01-01 05:00:00,SITE_COM_001,Commercial,0.544,0.272,NORMAL
2025-01-01 06:00:00,SITE_COM_001,Commercial,0.525,0.2625,NORMAL
2025-01-01 07:00:00,SITE_COM_001,Commercial,0.518,0.259,NORMAL
2025-01-01 08:00:00,SITE_COM_001,Commercial,1.296,0.648,SOUTENU
2025-01-01 09:00:00,SITE_COM_001,Commercial,1.346,0.673,SOUTENU
2025-01-01 10:00:00,SITE_COM_001,Commercial,,,
2025-01-01 11:00:00,SITE_COM_001,Commercial,1.187,0.5935,SOUTENU
2025-01-01 12:00:00,SITE_COM_001,Commercial,1.403,0.7015,SOUTENU
2025-01-01 13:00:00,SITE_COM_001,Commercial,1.242,0.621,SOUTENU
2025-01-01 14:00:00,SITE_COM_001,Commercial,1.305,0.6525,SOUTENU
2025-01-01 15:00:00,SITE_COM_001,Commercial,1.311,0.6555,SOUTENU
2025-01-01 16:00:00,SITE_COM_001,Commercial,1.338,0.669,SOUTENU
2025-01-01 17:00:00,SITE_COM_001,Commercial,1.23,0.615,SOUTENU
2025-01-01 18:00:00,SITE_COM_001,Commercial,1.259,0.6295,SOUTENU
2025-01-01 19:00:00,SITE_COM_001,Commercial,,,
2025-01-01 20:00:00,SITE_COM_001,Commercial,0.463,0.2315,NORMAL
2025-01-01 21:00:00,SITE_COM_001,Commercial,0.498,0.249,NORMAL
2025-01-01 22:00:00,SITE_COM_001,Commercial,0.485,0.2425,NORMAL
2025-01-01 23:00:00,SITE_COM_001,Commercial,0.521,0.2605,NORMAL
2025-01-02 00:00:00,SITE_COM_001,Commercial,0.519,0.2595,NORMAL
2025-01-02 01:00:00,SITE_COM_001,Commercial,0.454,0.227,NORMAL
2025-01-02 02:00:00,SITE_COM_001,Commercial,0.468,0.234,NORMAL
2025-01-02 03:00:00,SITE_COM_001,Commercial,0.484,0.242,NORMAL
2025-01-02 04:00:00,SITE_COM_001,Commercial,0.48,0.24,NORMAL
2025-01-02 05:00:00,SITE_COM_001,Commercial,0.465,0.2325,NORMAL
2025-01-02 06:00:00,SITE_COM_001,Commercial,0.524,0.262,NORMAL
2025-01-02 07:00:00,SITE_COM_001,Commercial,0.497,0.2485,NORMAL
2025-01-02 08:00:00,SITE_COM_001,Commercial,1.319,0.6595,SOUTENU
2025-01-02 09:00:00,SITE_COM_001,Commercial,1.285,0.6425,SOUTENU
2025-01-02 10:00:00,SITE_COM_001,Commercial,1.206,0.603,SOUTENU
2025-01-02 11:00:00,SITE_COM_001,Commercial,1.389,0.6945,SOUTENU
2025-01-02 12:00:00,SITE_COM_001,Commercial,1.337,0.6685,SOUTENU
2025-01-02 13:00:00,SITE_COM_001,Commercial,1.242,0.621,SOUTENU
2025-01-02 14:00:00,SITE_COM_001,Commercial,1.345,0.6725,SOUTENU
2025-01-02 15:00:00,SITE_COM_001,Commercial,1.253,0.6265,SOUTENU
2025-01-02 16:00:00,SITE_COM_001,Commercial,1.264,0.632,SOUTENU
2025-01-02 17:00:00,SITE_COM_001,Commercial,1.267,0.6335,SOUTENU
2025-01-02 18:00:00,SITE_COM_001,Commercial,1.397,0.6985,SOUTENU
2025-01-02 19:00:00,SITE_COM_001,Commercial,1.428,0.714,SOUTENU
2025-01-02 20:00:00,SITE_COM_001,Commercial,0.547,0.2735,NORMAL
2025-01-02 21:00:00,SITE_COM_001,Commercial,0.509,0.2545,NORMAL
2025-01-02 22:00:00,SITE_COM_001,Commercial,0.537,0.2685,NORMAL
2025-01-02 23:00:00,SITE_COM_001,Commercial,,,
2025-01-03 00:00:00,SITE_COM_001,Commercial,,,
2025-01-03 01:00:00,SITE_COM_001,Commercial,0.464,0.232,NORMAL
2025-01-03 02:00:00,SITE_COM_001,Commercial,0.454,0.227,NORMAL
2025-01-03 03:00:00,SITE_COM_001,Commercial,0.506,0.253,NORMAL
2025-01-03 04:00:00,SITE_COM_001,Commercial,0.476,0.238,NORMAL
2025-01-03 05:00:00,SITE_COM_001,Commercial,0.515,0.2575,NORMAL
2025-01-03 06:00:00,SITE_COM_001,Commercial,0.519,0.2595,NORMAL
2025-01-03 07:00:00,SITE_COM_001,Commercial,0.549,0.2745,NORMAL
2025-01-03 08:00:00,SITE_COM_001,Commercial,1.317,0.6585,SOUTENU
2025-01-03 09:00:00,SITE_COM_001,Commercial,1.351,0.6755,SOUTENU
2025-01-03 10:00:00,SITE_COM_001,Commercial,,,
2025-01-03 11:00:00,SITE_COM_001,Commercial,1.398,0.699,SOUTENU
2025-01-03 12:00:00,SITE_COM_001,Commercial,1.279,0.6395,SOUTENU
2025-01-03 13:00:00,SITE_COM_001,Commercial,1.308,0.654,SOUTENU
2025-01-03 14:00:00,SITE_COM_001,Commercial,1.218,0.609,SOUTENU
2025-01-03 15:00:00,SITE_COM_001,Commercial,1.397,0.6985,SOUTENU
2025-01-03 16:00:00,SITE_COM_001,Commercial,1.348,0.674,SOUTENU
2025-01-03 17:00:00,SITE_COM_001,Commercial,1.384,0.692,SOUTENU
2025-01-03 18:00:00,SITE_COM_001,Commercial,1.296,0.648,SOUTENU
2025-01-03 19:00:00,SITE_COM_001,Commercial,1.21,0.605,SOUTENU
2025-01-03 20:00:00,SITE_COM_001,Commercial,0.511,0.2555,NORMAL
2025-01-03 21:00:00,SITE_COM_001,Commercial,0.505,0.2525,NORMAL
2025-01-03 22:00:00,SITE_COM_001,Commercial,0.458,0.229,NORMAL
2025-01-03 23:00:00,SITE_COM_001,Commercial,0.481,0.2405,NORMAL
2025-01-04 00:00:00,SITE_COM_001,Commercial,0.357,0.1785,NORMAL
2025-01-04 01:00:00,SITE_COM_001,Commercial,0.317,0.1585,NORMAL
2025-01-04 02:00:00,SITE_COM_001,Commercial,0.325,0.1625,NORMAL
2025-01-04 03:00:00,SITE_COM_001,Commercial,0.321,0.1605,NORMAL
2025-01-04 04:00:00,SITE_COM_001,Commercial,0.369,0.1845,NORMAL
2025-01-04 05:00:00,SITE_COM_001,Commercial,0.371,0.1855,NORMAL
2025-01-04 06:00:00,SITE_COM_001,Commercial,,,
2025-01-04 07:00:00,SITE_COM_001,Commercial,0.37,0.185,NORMAL
2025-01-04 08:00:00,SITE_COM_001,Commercial,0.853,0.4265,NORMAL
2025-01-04 09:00:00,SITE_COM_001,Commercial,0.99,0.495,NORMAL
2025-01-04 10:00:00,SITE_COM_001,Commercial,0.91,0.455,NORMAL
2025-01-04 11:00:00,SITE_COM_001,Commercial,0.837,0.4185,NORMAL
2025-01-04 12:00:00,SITE_COM_001,Commercial,0.854,0.427,NORMAL
2025-01-04 13:00:00,SITE_COM_001,Commercial,0.996,0.498,NORMAL
2025-01-04 14:00:00,SITE_COM_001,Commercial,,,
2025-01-04 15:00:00,SITE_COM_001,Commercial,,,
2025-01-04 16:00:00,SITE_COM_001,Commercial,0.858,0.429,NORMAL
2025-01-04 17:00:00,SITE_COM_001,Commercial,,,
2025-01-04 18:00:00,SITE_COM_001,Commercial,0.947,0.4735,NORMAL
2025-01-04 19:00:00,SITE_COM_001,Commercial,0.84,0.42,NORMAL
2025-01-04 20:00:00,SITE_COM_001,Commercial,0.383,0.1915,NORMAL
2025-01-04 21:00:00,SITE_COM_001,Commercial,0.375,0.1875,NORMAL
2025-01-04 22:00:00,SITE_COM_001,Commercial,0.348,0.174,NORMAL
2025-01-04 23:00:00,SITE_COM_001,Commercial,,,
2025-01-05 00:00:00,SITE_COM_001,Commercial,0.321,0.1605,NORMAL
2025-01-05 01:00:00,SITE_COM_001,Commercial,0.322,0.161,NORMAL
2025-01-05 02:00:00,SITE_COM_001,Commercial,0.383,0.1915,NORMAL
2025-01-05 03:00:00,SITE_COM_001,Commercial,0.324,0.162,NORMAL
2025-01-05 04:00:00,SITE_COM_001,Commercial,0.365,0.1825,NORMAL
2025-01-05 05:00:00,SITE_COM_001,Commercial,0.36,0.18,NORMAL
2025-01-05 06:00:00,SITE_COM_001,Commercial,,,
2025-01-05 07:00:00,SITE_COM_001,Commercial,0.323,0.1615,NORMAL
2025-01-05 08:00:00,SITE_COM_001,Commercial,,,
2025-01-05 09:00:00,SITE_COM_001,Commercial,0.942,0.471,NORMAL
2025-01-05 10:00:00,SITE_COM_001,Commercial,0.847,0.4235,NORMAL
2025-01-05 11:00:00,SITE_COM_001,Commercial,0.956,0.478,NORMAL
2025-01-05 12:00:00,SITE_COM_001,Commercial,0.94,0.47,NORMAL
2025-01-05 13:00:00,SITE_COM_001,Commercial,0.975,0.4875,NORMAL
2025-01-05 14:00:00,SITE_COM_001,Commercial,0.897,0.4485,NORMAL
2025-01-05 15:00:00,SITE_COM_001,Commercial,0.887,0.4435,NORMAL
2025-01-05 16:00:00,SITE_COM_001,Commercial,0.976,0.488,NORMAL
2025-01-05 17:00:00,SITE_COM_001,Commercial,0.843,0.4215,NORMAL
2025-01-05 18:00:00,SITE_COM_001,Commercial,,,
2025-01-05 19:00:00,SITE_COM_001,Commercial,0.906,0.453,NORMAL
2025-01-05 20:00:00,SITE_COM_001,Commercial,0.35,0.175,NORMAL
2025-01-05 21:00:00,SITE_COM_001,Commercial,,,
2025-01-05 22:00:00,SITE_COM_001,Commercial,0.374,0.187,NORMAL
2025-01-05 23:00:00,SITE_COM_001,Commercial,0.377,0.1885,NORMAL
2025-01-06 00:00:00,SITE_COM_001,Commercial,0.486,0.243,NORMAL
2025-01-06 01:00:00,SITE_COM_001,Commercial,0.515,0.2575,NORMAL
2025-01-06 02:00:00,SITE_COM_001,Commercial,0.48,0.24,NORMAL
2025-01-06 03:00:00,SITE_COM_001,Commercial,0.496,0.248,NORMAL
2025-01-06 04:00:00,SITE_COM_001,Commercial,0.477,0.2385,NORMAL
2025-01-06 05:00:00,SITE_COM_001,Commercial,0.488,0.244,NORMAL
2025-01-06 06:00:00,SITE_COM_001,Commercial,0.46,0.23,NORMAL
2025-01-06 07:00:00,SITE_COM_001,Commercial,0.526,0.263,NORMAL
2025-01-06 08:00:00,SITE_COM_001,Commercial,1.283,0.6415,SOUTENU
2025-01-06 09:00:00,SITE_COM_001,Commercial,1.388,0.694,SOUTENU
2025-01-06 10:00:00,SITE_COM_001,Commercial,1.429,0.7145,SOUTENU
2025-01-06 11:00:00,SITE_COM_001,Commercial,1.194,0.597,SOUTENU
2025-01-06 12:00:00,SITE_COM_001,Commercial,1.187,0.5935,SOUTENU
2025-01-06 13:00:00,SITE_COM_001,Commercial,1.377,0.6885,SOUTENU
2025-01-06 14:00:00,SITE_COM_001,Commercial,1.283,0.6415,SOUTENU
2025-01-06 15:00:00,SITE_COM_001,Commercial,1.332,0.666,SOUTENU
2025-01-06 16:00:00,SITE_COM_001,Commercial,1.175,0.5875,SOUTENU
2025-01-06 17:00:00,SITE_COM_001,Commercial,1.225,0.6125,SOUTENU
2025-01-06 18:00:00,SITE_COM_001,Commercial,1.414,0.707,SOUTENU
2025-01-06 19:00:00,SITE_COM_001,Commercial,1.283,0.6415,SOUTENU
2025-01-06 20:00:00,SITE_COM_001,Commercial,0.486,0.243,NORMAL
2025-01-06 21:00:00,SITE_COM_001,Commercial,0.48,0.24,NORMAL
2025-01-06 22:00:00,SITE_COM_001,Commercial,0.456,0.228,NORMAL
2025-01-06 23:00:00,SITE_COM_001,Commercial,0.515,0.2575,NORMAL
2025-01-07 00:00:00,SITE_COM_001,Commercial,0.461,0.2305,NORMAL
2025-01-07 01:00:00,SITE_COM_001,Commercial,0.496,0.248,NORMAL
2025-01-07 02:00:00,SITE_COM_001,Commercial,0.454,0.227,NORMAL
2025-01-07 03:00:00,SITE_COM_001,Commercial,0.53,0.265,NORMAL
2025-01-07 04:00:00,SITE_COM_001,Commercial,0.546,0.273,NORMAL
2025-01-07 05:00:00,SITE_COM_001,Commercial,,,
2025-01-07 06:00:00,SITE_COM_001,Commercial,0.491,0.2455,NORMAL
2025-01-07 07:00:00,SITE_COM_001,Commercial,0.544,0.272,NORMAL
2025-01-07 08:00:00,SITE_COM_001,Commercial,1.361,0.6805,SOUTENU
2025-01-07 09:00:00,SITE_COM_001,Commercial,1.417,0.7085,SOUTENU
2025-01-07 10:00:00,SITE_COM_001,Commercial,1.232,0.616,SOUTENU
2025-01-07 11:00:00,SITE_COM_001,Commercial,1.322,0.661,SOUTENU
2025-01-07 12:00:00,SITE_COM_001,Commercial,,,
2025-01-07 13:00:00,SITE_COM_001,Commercial,,,
2025-01-07 14:00:00,SITE_COM_001,Commercial,1.267,0.6335,SOUTENU
2025-01-07 15:00:00,SITE_COM_001,Commercial,1.348,0.674,SOUTENU
2025-01-07 16:00:00,SITE_COM_001,Commercial,,,
2025-01-07 17:00:00,SITE_COM_001,Commercial,1.421,0.7105,SOUTENU
2025-01-07 18:00:00,SITE_COM_001,Commercial,1.415,0.7075,SOUTENU
2025-01-07 19:00:00,SITE_COM_001,Commercial,1.314,0.657,SOUTENU
2025-01-07 20:00:00,SITE_COM_001,Commercial,0.531,0.2655,NORMAL
2025-01-07 21:00:00,SITE_COM_001,Commercial,0.489,0.2445,NORMAL
2025-01-07 22:00:00,SITE_COM_001,Commercial,0.476,0.238,NORMAL
2025-01-07 23:00:00,SITE_COM_001,Commercial,0.471,0.2355,NORMAL
2025-01-08 00:00:00,SITE_COM_001,Commercial,,,
2025-01-08 01:00:00,SITE_COM_001,Commercial,0.537,0.2685,NORMAL
2025-01-08 02:00:00,SITE_COM_001,Commercial,0.491,0.2455,NORMAL
2025-01-08 03:00:00,SITE_COM_001,Commercial,0.532,0.266,NORMAL
2025-01-08 04:00:00,SITE_COM_001,Commercial,0.485,0.2425,NORMAL
2025-01-08 05:00:00,SITE_COM_001,Commercial,0.495,0.2475,NORMAL
2025-01-08 06:00:00,SITE_COM_001,Commercial,0.513,0.2565,NORMAL
2025-01-08 07:00:00,SITE_COM_001,Commercial,0.513,0.2565,NORMAL
2025-01-08 08:00:00,SITE_COM_001,Commercial,1.304,0.652,SOUTENU
2025-01-08 09:00:00,SITE_COM_001,Commercial,1.39,0.695,SOUTENU
2025-01-08 10:00:00,SITE_COM_001,Commercial,1.294,0.647,SOUTENU
2025-01-08 11:00:00,SITE_COM_001,Commercial,1.385,0.6925,SOUTENU
2025-01-08 12:00:00,SITE_COM_001,Commercial,1.217,0.6085,SOUTENU
2025-01-08 13:00:00,SITE_COM_001,Commercial,1.228,0.614,SOUTENU
2025-01-08 14:00:00,SITE_COM_001,Commercial,,,
2025-01-08 15:00:00,SITE_COM_001,Commercial,1.352,0.676,SOUTENU
2025-01-08 16:00:00,SITE_COM_001,Commercial,1.238,0.619,SOUTENU
2025-01-08 17:00:00,SITE_COM_001,Commercial,,,
2025-01-08 18:00:00,SITE_COM_001,Commercial,1.288,0.644,SOUTENU
2025-01-08 19:00:00,SITE_COM_001,Commercial,1.22,0.61,SOUTENU
2025-01-08 20:00:00,SITE_COM_001,Commercial,0.499,0.2495,NORMAL
2025-01-08 21:00:00,SITE_COM_001,Commercial,0.55,0.275,NORMAL
2025-01-08 22:00:00,SITE_COM_001,Commercial,0.491,0.2455,NORMAL
2025-01-08 23:00:00,SITE_COM_001,Commercial,0.512,0.256,NORMAL
2025-01-09 00:00:00,SITE_COM_001,Commercial,0.496,0.248,NORMAL
2025-01-09 01:00:00,SITE_COM_001,Commercial,,,
2025-01-09 02:00:00,SITE_COM_001,Commercial,0.524,0.262,NORMAL
2025-01-09 03:00:00,SITE_COM_001,Commercial,0.483,0.2415,NORMAL
2025-01-09 04:00:00,SITE_COM_001,Commercial,0.544,0.272,NORMAL
2025-01-09 05:00:00,SITE_COM_001,Commercial,,,
2025-01-09 06:00:00,SITE_COM_001,Commercial,0.489,0.2445,NORMAL
2025-01-09 07:00:00,SITE_COM_001,Commercial,0.508,0.254,NORMAL
2025-01-09 08:00:00,SITE_COM_001,Commercial,2.854,1.427,DÉPASSEMENT
2025-01-09 09:00:00,SITE_COM_001,Commercial,1.207,0.6035,SOUTENU
2025-01-09 10:00:00,SITE_COM_001,Commercial,1.397,0.6985,SOUTENU
2025-01-09 11:00:00,SITE_COM_001,Commercial,1.244,0.622,SOUTENU
2025-01-09 12:00:00,SITE_COM_001,Commercial,1.239,0.6195,SOUTENU
2025-01-09 13:00:00,SITE_COM_001,Commercial,1.429,0.7145,SOUTENU
2025-01-09 14:00:00,SITE_COM_001,Commercial,,,
2025-01-09 15:00:00,SITE_COM_001,Commercial,1.23,0.615,SOUTENU
2025-01-09 16:00:00,SITE_COM_001,Commercial,1.283,0.6415,SOUTENU
2025-01-09 17:00:00,SITE_COM_001,Commercial,1.263,0.6315,SOUTENU
2025-01-09 18:00:00,SITE_COM_001,Commercial,1.39,0.695,SOUTENU
2025-01-09 19:00:00,SITE_COM_001,Commercial,1.396,0.698,SOUTENU
2025-01-09 20:00:00,SITE_COM_001,Commercial,0.477,0.2385,NORMAL
2025-01-09 21:00:00,SITE_COM_001,Commercial,0.547,0.2735,NORMAL
2025-01-09 22:00:00,SITE_COM_001,Commercial,0.458,0.229,NORMAL
2025-01-09 23:00:00,SITE_COM_001,Commercial,0.453,0.2265,NORMAL
2025-01-10 00:00:00,SITE_COM_001,Commercial,0.509,0.2545,NORMAL
2025-01-10 01:00:00,SITE_COM_001,Commercial,,,
2025-01-10 02:00:00,SITE_COM_001,Commercial,0.546,0.273,NORMAL
2025-01-10 03:00:00,SITE_COM_001,Commercial,0.516,0.258,NORMAL
2025-01-10 04:00:00,SITE_COM_001,Commercial,0.523,0.2615,NORMAL
2025-01-10 05:00:00,SITE_COM_001,Commercial,0.455,0.2275,NORMAL
2025-01-10 06:00:00,SITE_COM_001,Commercial,0.457,0.2285,NORMAL
2025-01-10 07:00:00,SITE_COM_001,Commercial,,,
2025-01-10 08:00:00,SITE_COM_001,Commercial,1.392,0.696,SOUTENU
2025-01-10 09:00:00,SITE_COM_001,Commercial,1.366,0.683,SOUTENU
2025-01-10 10:00:00,SITE_COM_001,Commercial,1.282,0.641,SOUTENU
2025-01-10 11:00:00,SITE_COM_001,Commercial,1.204,0.602,SOUTENU
2025-01-10 12:00:00,SITE_COM_001,Commercial,1.297,0.6485,SOUTENU
2025-01-10 13:00:00,SITE_COM_001,Commercial,1.28,0.64,SOUTENU
2025-01-10 14:00:00,SITE_COM_001,Commercial,1.283,0.6415,SOUTENU
2025-01-10 15:00:00,SITE_COM_001,Commercial,1.291,0.6455,SOUTENU
2025-01-10 16:00:00,SITE_COM_001,Commercial,1.299,0.6495,SOUTENU
2025-01-10 17:00:00,SITE_COM_001,Commercial,1.284,0.642,SOUTENU
2025-01-10 18:00:00,SITE_COM_001,Commercial,1.203,0.6015,SOUTENU
2025-01-10 19:00:00,SITE_COM_001,Commercial,1.247,0.6235,SOUTENU
2025-01-10 20:00:00,SITE_COM_001,Commercial,0.461,0.2305,NORMAL
2025-01-10 21:00:00,SITE_COM_001,Commercial,0.507,0.2535,NORMAL
2025-01-10 22:00:00,SITE_COM_001,Commercial,0.5,0.25,NORMAL
2025-01-10 23:00:00,SITE_COM_001,Commercial,0.468,0.234,NORMAL
2025-01-11 00:00:00,SITE_COM_001,Commercial,0.336,0.168,NORMAL
2025-01-11 01:00:00,SITE_COM_001,Commercial,0.359,0.1795,NORMAL
2025-01-11 02:00:00,SITE_COM_001,Commercial,0.328,0.164,NORMAL
2025-01-11 03:00:00,SITE_COM_001,Commercial,0.376,0.188,NORMAL
2025-01-11 04:00:00,SITE_COM_001,Commercial,0.323,0.1615,NORMAL
2025-01-11 05:00:00,SITE_COM_001,Commercial,0.376,0.188,NORMAL
2025-01-11 06:00:00,SITE_COM_001,Commercial,0.358,0.179,NORMAL
2025-01-11 07:00:00,SITE_COM_001,Commercial,0.363,0.1815,NORMAL
2025-01-11 08:00:00,SITE_COM_001,Commercial,0.822,0.411,NORMAL
2025-01-11 09:00:00,SITE_COM_001,Commercial,0.975,0.4875,NORMAL
2025-01-11 10:00:00,SITE_COM_001,Commercial,0.898,0.449,NORMAL
2025-01-11 11:00:00,SITE_COM_001,Commercial,0.874,0.437,NORMAL
2025-01-11 12:00:00,SITE_COM_001,Commercial,0.849,0.4245,NORMAL
2025-01-11 13:00:00,SITE_COM_001,Commercial,0.905,0.4525,NORMAL
2025-01-11 14:00:00,SITE_COM_001,Commercial,0.923,0.4615,NORMAL
2025-01-11 15:00:00,SITE_COM_001,Commercial,0.934,0.467,NORMAL
2025-01-11 16:00:00,SITE_COM_001,Commercial,0.953,0.4765,NORMAL
2025-01-11 17:00:00,SITE_COM_001,Commercial,0.908,0.454,NORMAL
2025-01-11 18:00:00,SITE_COM_001,Commercial,0.943,0.4715,NORMAL
2025-01-11 19:00:00,SITE_COM_001,Commercial,0.915,0.4575,NORMAL
2025-01-11 20:00:00,SITE_COM_001,Commercial,0.378,0.189,NORMAL
2025-01-11 21:00:00,SITE_COM_001,Commercial,0.381,0.1905,NORMAL
2025-01-11 22:00:00,SITE_COM_001,Commercial,0.335,0.1675,NORMAL
2025-01-11 23:00:00,SITE_COM_001,Commercial,0.33,0.165,NORMAL
2025-01-12 00:00:00,SITE_COM_001,Commercial,0.374,0.187,NORMAL
2025-01-12 01:00:00,SITE_COM_001,Commercial,0.365,0.1825,NORMAL
2025-01-12 02:00:00,SITE_COM_001,Commercial,0.366,0.183,NORMAL
2025-01-12 03:00:00,SITE_COM_001,Commercial,0.359,0.1795,NORMAL
2025-01-12 04:00:00,SITE_COM_001,Commercial,0.324,0.162,NORMAL
2025-01-12 05:00:00,SITE_COM_001,Commercial,,,
2025-01-12 06:00:00,SITE_COM_001,Commercial,0.318,0.159,NORMAL
2025-01-12 07:00:00,SITE_COM_001,Commercial,0.326,0.163,NORMAL
2025-01-12 08:00:00,SITE_COM_001,Commercial,0.831,0.4155,NORMAL
2025-01-12 09:00:00,SITE_COM_001,Commercial,,,
2025-01-12 10:00:00,SITE_COM_001,Commercial,0.827,0.4135,NORMAL
2025-01-12 11:00:00,SITE_COM_001,Commercial,0.945,0.4725,NORMAL
2025-01-12 12:00:00,SITE_COM_001,Commercial,0.988,0.494,NORMAL
2025-01-12 13:00:00,SITE_COM_001,Commercial,0.839,0.4195,NORMAL
2025-01-12 14:00:00,SITE_COM_001,Commercial,3.416,1.708,DÉPASSEMENT
2025-01-12 15:00:00,SITE_COM_001,Commercial,0.934,0.467,NORMAL
2025-01-12 16:00:00,SITE_COM_001,Commercial,0.872,0.436,NORMAL
2025-01-12 17:00:00,SITE_COM_001,Commercial,0.837,0.4185,NORMAL
2025-01-12 18:00:00,SITE_COM_001,Commercial,0.973,0.4865,NORMAL
2025-01-12 19:00:00,SITE_COM_001,Commercial,0.864,0.432,NORMAL
2025-01-12 20:00:00,SITE_COM_001,Commercial,0.321,0.1605,NORMAL
2025-01-12 21:00:00,SITE_COM_001,Commercial,0.362,0.181,NORMAL
2025-01-12 22:00:00,SITE_COM_001,Commercial,0.331,0.1655,NORMAL
2025-01-12 23:00:00,SITE_COM_001,Commercial,0.347,0.1735,NORMAL
2025-01-13 00:00:00,SITE_COM_001,Commercial,0.453,0.2265,NORMAL
2025-01-13 01:00:00,SITE_COM_001,Commercial,0.544,0.272,NORMAL
2025-01-13 02:00:00,SITE_COM_001,Commercial,0.466,0.233,NORMAL
2025-01-13 03:00:00,SITE_COM_001,Commercial,0.514,0.257,NORMAL
2025-01-13 04:00:00,SITE_COM_001,Commercial,0.521,0.2605,NORMAL
2025-01-13 05:00:00,SITE_COM_001,Commercial,0.49,0.245,NORMAL
2025-01-13 06:00:00,SITE_COM_001,Commercial,0.524,0.262,NORMAL
2025-01-13 07:00:00,SITE_COM_001,Commercial,0.503,0.2515,NORMAL
2025-01-13 08:00:00,SITE_COM_001,Commercial,1.223,0.6115,SOUTENU
2025-01-13 09:00:00,SITE_COM_001,Commercial,1.351,0.6755,SOUTENU
2025-01-13 10:00:00,SITE_COM_001,Commercial,1.221,0.6105,SOUTENU
2025-01-13 11:00:00,SITE_COM_001,Commercial,1.359,0.6795,SOUTENU
2025-01-13 12:00:00,SITE_COM_001,Commercial,1.244,0.622,SOUTENU
2025-01-13 13:00:00,SITE_COM_001,Commercial,1.367,0.6835,SOUTENU
2025-01-13 14:00:00,SITE_COM_001,Commercial,1.324,0.662,SOUTENU
2025-01-13 15:00:00,SITE_COM_001,Commercial,1.427,0.7135,SOUTENU
2025-01-13 16:00:00,SITE_COM_001,Commercial,1.333,0.6665,SOUTENU
2025-01-13 17:00:00,SITE_COM_001,Commercial,1.202,0.601,SOUTENU
2025-01-13 18:00:00,SITE_COM_001,Commercial,,,
2025-01-13 19:00:00,SITE_COM_001,Commercial,1.403,0.7015,SOUTENU
2025-01-13 20:00:00,SITE_COM_001,Commercial,,,
2025-01-13 21:00:00,SITE_COM_001,Commercial,0.517,0.2585,NORMAL
2025-01-13 22:00:00,SITE_COM_001,Commercial,0.483,0.2415,NORMAL
2025-01-13 23:00:00,SITE_COM_001,Commercial,0.46,0.23,NORMAL
2025-01-14 00:00:00,SITE_COM_001,Commercial,0.456,0.228,NORMAL
2025-01-14 01:00:00,SITE_COM_001,Commercial,0.487,0.2435,NORMAL
2025-01-14 02:00:00,SITE_COM_001,Commercial,0.489,0.2445,NORMAL
2025-01-14 03:00:00,SITE_COM_001,Commercial,0.494,0.247,NORMAL
2025-01-14 04:00:00,SITE_COM_001,Commercial,0.532,0.266,NORMAL
2025-01-14 05:00:00,SITE_COM_001,Commercial,0.463,0.2315,NORMAL
2025-01-14 06:00:00,SITE_COM_001,Commercial,0.471,0.2355,NORMAL
2025-01-14 07:00:00,SITE_COM_001,Commercial,0.487,0.2435,NORMAL
2025-01-14 08:00:00,SITE_COM_001,Commercial,1.201,0.6005,SOUTENU
2025-01-14 09:00:00,SITE_COM_001,Commercial,1.267,0.6335,SOUTENU
2025-01-14 10:00:00,SITE_COM_001,Commercial,1.376,0.688,SOUTENU
2025-01-14 11:00:00,SITE_COM_001,Commercial,1.403,0.7015,SOUTENU
2025-01-14 12:00:00,SITE_COM_001,Commercial,1.297,0.6485,SOUTENU
2025-01-14 13:00:00,SITE_COM_001,Commercial,1.279,0.6395,SOUTENU
2025-01-14 14:00:00,SITE_COM_001,Commercial,1.373,0.6865,SOUTENU
2025-01-14 15:00:00,SITE_COM_001,Commercial,1.368,0.684,SOUTENU
2025-01-14 16:00:00,SITE_COM_001,Commercial,1.287,0.6435,SOUTENU
2025-01-14 17:00:00,SITE_COM_001,Commercial,1.343,0.6715,SOUTENU
2025-01-14 18:00:00,SITE_COM_001,Commercial,1.311,0.6555,SOUTENU
2025-01-14 19:00:00,SITE_COM_001,Commercial,1.338,0.669,SOUTENU
2025-01-14 20:00:00,SITE_COM_001,Commercial,0.53,0.265,NORMAL
2025-01-14 21:00:00,SITE_COM_001,Commercial,,,
2025-01-14 22:00:00,SITE_COM_001,Commercial,0.455,0.2275,NORMAL
2025-01-14 23:00:00,SITE_COM_001,Commercial,3.591,1.7955,DÉPASSEMENT
2025-01-15 00:00:00,SITE_COM_001,Commercial,0.452,0.226,NORMAL
2025-01-15 01:00:00,SITE_COM_001,Commercial,0.539,0.2695,NORMAL
2025-01-15 02:00:00,SITE_COM_001,Commercial,0.49,0.245,NORMAL
2025-01-15 03:00:00,SITE_COM_001,Commercial,0.494,0.247,NORMAL
2025-01-15 04:00:00,SITE_COM_001,Commercial,0.476,0.238,NORMAL
2025-01-15 05:00:00,SITE_COM_001,Commercial,0.464,0.232,NORMAL
2025-01-15 06:00:00,SITE_COM_001,Commercial,,,
2025-01-15 07:00:00,SITE_COM_001,Commercial,0.453,0.2265,NORMAL
2025-01-15 08:00:00,SITE_COM_001,Commercial,1.277,0.6385,SOUTENU
2025-01-15 09:00:00,SITE_COM_001,Commercial,1.201,0.6005,SOUTENU
2025-01-15 10:00:00,SITE_COM_001,Commercial,1.298,0.649,SOUTENU
2025-01-15 11:00:00,SITE_COM_001,Commercial,,,
2025-01-15 12:00:00,SITE_COM_001,Commercial,1.276,0.638,SOUTENU
2025-01-15 13:00:00,SITE_COM_001,Commercial,1.421,0.7105,SOUTENU
2025-01-15 14:00:00,SITE_COM_001,Commercial,1.374,0.687,SOUTENU
2025-01-15 15:00:00,SITE_COM_001,Commercial,1.335,0.6675,SOUTENU
2025-01-15 16:00:00,SITE_COM_001,Commercial,1.426,0.713,SOUTENU
2025-01-15 17:00:00,SITE_COM_001,Commercial,1.407,0.7035,SOUTENU
2025-01-15 18:00:00,SITE_COM_001,Commercial,1.386,0.693,SOUTENU
2025-01-15 19:00:00,SITE_COM_001,Commercial,1.413,0.7065,SOUTENU
2025-01-15 20:00:00,SITE_COM_001,Commercial,0.488,0.244,NORMAL
2025-01-15 21:00:00,SITE_COM_001,Commercial,0.501,0.2505,NORMAL
2025-01-15 22:00:00,SITE_COM_001,Commercial,0.48,0.24,NORMAL
2025-01-15 23:00:00,SITE_COM_001,Commercial,0.506,0.253,NORMAL
2025-01-16 00:00:00,SITE_COM_001,Commercial,0.546,0.273,NORMAL
2025-01-16 01:00:00,SITE_COM_001,Commercial,0.476,0.238,NORMAL
2025-01-16 02:00:00,SITE_COM_001,Commercial,,,
2025-01-16 03:00:00,SITE_COM_001,Commercial,0.452,0.226,NORMAL
2025-01-16 04:00:00,SITE_COM_001,Commercial,0.498,0.249,NORMAL
2025-01-16 05:00:00,SITE_COM_001,Commercial,0.54,0.27,NORMAL
2025-01-16 06:00:00,SITE_COM_001,Commercial,0.529,0.2645,NORMAL
2025-01-16 07:00:00,SITE_COM_001,Commercial,,,
2025-01-16 08:00:00,SITE_COM_001,Commercial,1.381,0.6905,SOUTENU
2025-01-16 09:00:00,SITE_COM_001,Commercial,1.37,0.685,SOUTENU
2025-01-16 10:00:00,SITE_COM_001,Commercial,1.413,0.7065,SOUTENU
2025-01-16 11:00:00,SITE_COM_001,Commercial,1.243,0.6215,SOUTENU
2025-01-16 12:00:00,SITE_COM_001,Commercial,1.329,0.6645,SOUTENU
2025-01-16 13:00:00,SITE_COM_001,Commercial,1.298,0.649,SOUTENU
2025-01-16 14:00:00,SITE_COM_001,Commercial,1.354,0.677,SOUTENU
2025-01-16 15:00:00,SITE_COM_001,Commercial,1.273,0.6365,SOUTENU
2025-01-16 16:00:00,SITE_COM_001,Commercial,1.313,0.6565,SOUTENU
2025-01-16 17:00:00,SITE_COM_001,Commercial,1.317,0.6585,SOUTENU
2025-01-16 18:00:00,SITE_COM_001,Commercial,1.238,0.619,SOUTENU
2025-01-16 19:00:00,SITE_COM_001,Commercial,,,
2025-01-16 20:00:00,SITE_COM_001,Commercial,,,
2025-01-16 21:00:00,SITE_COM_001,Commercial,0.495,0.2475,NORMAL
2025-01-16 22:00:00,SITE_COM_001,Commercial,0.455,0.2275,NORMAL
2025-01-16 23:00:00,SITE_COM_001,Commercial,,,
2025-01-17 00:00:00,SITE_COM_001,Commercial,0.526,0.263,NORMAL
2025-01-17 01:00:00,SITE_COM_001,Commercial,0.492,0.246,NORMAL
2025-01-17 02:00:00,SITE_COM_001,Commercial,0.458,0.229,NORMAL
2025-01-17 03:00:00,SITE_COM_001,Commercial,0.548,0.274,NORMAL
2025-01-17 04:00:00,SITE_COM_001,Commercial,0.466,0.233,NORMAL
2025-01-17 05:00:00,SITE_COM_001,Commercial,0.498,0.249,NORMAL
2025-01-17 06:00:00,SITE_COM_001,Commercial,0.483,0.2415,NORMAL
2025-01-17 07:00:00,SITE_COM_001,Commercial,0.484,0.242,NORMAL
2025-01-17 08:00:00,SITE_COM_001,Commercial,1.415,0.7075,SOUTENU
2025-01-17 09:00:00,SITE_COM_001,Commercial,1.333,0.6665,SOUTENU
2025-01-17 10:00:00,SITE_COM_001,Commercial,1.179,0.5895,SOUTENU
2025-01-17 11:00:00,SITE_COM_001,Commercial,1.203,0.6015,SOUTENU
2025-01-17 12:00:00,SITE_COM_001,Commercial,1.333,0.6665,SOUTENU
2025-01-17 13:00:00,SITE_COM_001,Commercial,,,
2025-01-17 14:00:00,SITE_COM_001,Commercial,1.231,0.6155,SOUTENU
2025-01-17 15:00:00,SITE_COM_001,Commercial,1.27,0.635,SOUTENU
2025-01-17 16:00:00,SITE_COM_001,Commercial,,,
2025-01-17 17:00:00,SITE_COM_001,Commercial,1.255,0.6275,SOUTENU
2025-01-17 18:00:00,SITE_COM_001,Commercial,,,
2025-01-17 19:00:00,SITE_COM_001,Commercial,1.336,0.668,SOUTENU
2025-01-17 20:00:00,SITE_COM_001,Commercial,0.494,0.247,NORMAL
2025-01-17 21:00:00,SITE_COM_001,Commercial,0.481,0.2405,NORMAL
2025-01-17 22:00:00,SITE_COM_001,Commercial,0.481,0.2405,NORMAL
2025-01-17 23:00:00,SITE_COM_001,Commercial,,,
2025-01-18 00:00:00,SITE_COM_001,Commercial,0.356,0.178,NORMAL
2025-01-18 01:00:00,SITE_COM_001,Commercial,0.373,0.1865,NORMAL
2025-01-18 02:00:00,SITE_COM_001,Commercial,0.329,0.1645,NORMAL
2025-01-18 03:00:00,SITE_COM_001,Commercial,,,
2025-01-18 04:00:00,SITE_COM_001,Commercial,0.338,0.169,NORMAL
2025-01-18 05:00:00,SITE_COM_001,Commercial,0.344,0.172,NORMAL
2025-01-18 06:00:00,SITE_COM_001,Commercial,0.318,0.159,NORMAL
2025-01-18 07:00:00,SITE_COM_001,Commercial,0.331,0.1655,NORMAL
2025-01-18 08:00:00,SITE_COM_001,Commercial,,,
2025-01-18 09:00:00,SITE_COM_001,Commercial,,,
2025-01-18 10:00:00,SITE_COM_001,Commercial,,,
2025-01-18 11:00:00,SITE_COM_001,Commercial,0.926,0.463,NORMAL
2025-01-18 12:00:00,SITE_COM_001,Commercial,0.855,0.4275,NORMAL
2025-01-18 13:00:00,SITE_COM_001,Commercial,0.881,0.4405,NORMAL
2025-01-18 14:00:00,SITE_COM_001,Commercial,0.972,0.486,NORMAL
2025-01-18 15:00:00,SITE_COM_001,Commercial,0.888,0.444,NORMAL
2025-01-18 16:00:00,SITE_COM_001,Commercial,0.875,0.4375,NORMAL
2025-01-18 17:00:00,SITE_COM_001,Commercial,0.99,0.495,NORMAL
2025-01-18 18:00:00,SITE_COM_001,Commercial,0.979,0.4895,NORMAL
2025-01-18 19:00:00,SITE_COM_001,Commercial,0.964,0.482,NORMAL
2025-01-18 20:00:00,SITE_COM_001,Commercial,0.357,0.1785,NORMAL
2025-01-18 21:00:00,SITE_COM_001,Commercial,0.358,0.179,NORMAL
2025-01-18 22:00:00,SITE_COM_001,Commercial,0.338,0.169,NORMAL
2025-01-18 23:00:00,SITE_COM_001,Commercial,0.375,0.1875,NORMAL
2025-01-19 00:00:00,SITE_COM_001,Commercial,0.321,0.1605,NORMAL
2025-01-19 01:00:00,SITE_COM_001,Commercial,0.351,0.1755,NORMAL
2025-01-19 02:00:00,SITE_COM_001,Commercial,0.35,0.175,NORMAL
2025-01-19 03:00:00,SITE_COM_001,Commercial,0.364,0.182,NORMAL
2025-01-19 04:00:00,SITE_COM_001,Commercial,0.343,0.1715,NORMAL
2025-01-19 05:00:00,SITE_COM_001,Commercial,0.33,0.165,NORMAL
2025-01-19 06:00:00,SITE_COM_001,Commercial,0.336,0.168,NORMAL
2025-01-19 07:00:00,SITE_COM_001,Commercial,0.341,0.1705,NORMAL
2025-01-19 08:00:00,SITE_COM_001,Commercial,0.9,0.45,NORMAL
2025-01-19 09:00:00,SITE_COM_001,Commercial,0.932,0.466,NORMAL
2025-01-19 10:00:00,SITE_COM_001,Commercial,0.965,0.4825,NORMAL
2025-01-19 11:00:00,SITE_COM_001,Commercial,0.862,0.431,NORMAL
2025-01-19 12:00:00,SITE_COM_001,Commercial,0.972,0.486,NORMAL
2025-01-19 13:00:00,SITE_COM_001,Commercial,0.988,0.494,NORMAL
2025-01-19 14:00:00,SITE_COM_001,Commercial,0.855,0.4275,NORMAL
2025-01-19 15:00:00,SITE_COM_001,Commercial,0.967,0.4835,NORMAL
2025-01-19 16:00:00,SITE_COM_001,Commercial,1.001,0.5005,SOUTENU
2025-01-19 17:00:00,SITE_COM_001,Commercial,0.985,0.4925,NORMAL
2025-01-19 18:00:00,SITE_COM_001,Commercial,0.962,0.481,NORMAL
2025-01-19 19:00:00,SITE_COM_001,Commercial,0.938,0.469,NORMAL
2025-01-19 20:00:00,SITE_COM_001,Commercial,0.325,0.1625,NORMAL
2025-01-19 21:00:00,SITE_COM_001,Commercial,0.348,0.174,NORMAL
2025-01-19 22:00:00,SITE_COM_001,Commercial,0.366,0.183,NORMAL
2025-01-19 23:00:00,SITE_COM_001,Commercial,0.328,0.164,NORMAL
2025-01-20 00:00:00,SITE_COM_001,Commercial,0.495,0.2475,NORMAL
2025-01-20 01:00:00,SITE_COM_001,Commercial,0.463,0.2315,NORMAL
2025-01-20 02:00:00,SITE_COM_001,Commercial,0.533,0.2665,NORMAL
2025-01-20 03:00:00,SITE_COM_001,Commercial,0.49,0.245,NORMAL
2025-01-20 04:00:00,SITE_COM_001,Commercial,0.452,0.226,NORMAL
2025-01-20 05:00:00,SITE_COM_001,Commercial,0.545,0.2725,NORMAL
2025-01-20 06:00:00,SITE_COM_001,Commercial,0.511,0.2555,NORMAL
2025-01-20 07:00:00,SITE_COM_001,Commercial,0.489,0.2445,NORMAL
2025-01-20 08:00:00,SITE_COM_001,Commercial,1.318,0.659,SOUTENU
2025-01-20 09:00:00,SITE_COM_001,Commercial,1.197,0.5985,SOUTENU
2025-01-20 10:00:00,SITE_COM_001,Commercial,1.297,0.6485,SOUTENU
2025-01-20 11:00:00,SITE_COM_001,Commercial,1.244,0.622,SOUTENU
2025-01-20 12:00:00,SITE_COM_001,Commercial,1.185,0.5925,SOUTENU
2025-01-20 13:00:00,SITE_COM_001,Commercial,1.277,0.6385,SOUTENU
2025-01-20 14:00:00,SITE_COM_001,Commercial,1.294,0.647,SOUTENU
2025-01-20 15:00:00,SITE_COM_001,Commercial,1.204,0.602,SOUTENU
2025-01-20 16:00:00,SITE_COM_001,Commercial,1.293,0.6465,SOUTENU
2025-01-20 17:00:00,SITE_COM_001,Commercial,1.301,0.6505,SOUTENU
2025-01-20 18:00:00,SITE_COM_001,Commercial,1.207,0.6035,SOUTENU
2025-01-20 19:00:00,SITE_COM_001,Commercial,,,
2025-01-20 20:00:00,SITE_COM_001,Commercial,0.508,0.254,NORMAL
2025-01-20 21:00:00,SITE_COM_001,Commercial,0.496,0.248,NORMAL
2025-01-20 22:00:00,SITE_COM_001,Commercial,0.511,0.2555,NORMAL
2025-01-20 23:00:00,SITE_COM_001,Commercial,0.54,0.27,NORMAL
2025-01-21 00:00:00,SITE_COM_001,Commercial,0.468,0.234,NORMAL
2025-01-21 01:00:00,SITE_COM_001,Commercial,0.474,0.237,NORMAL
2025-01-21 02:00:00,SITE_COM_001,Commercial,,,
2025-01-21 03:00:00,SITE_COM_001,Commercial,0.472,0.236,NORMAL
2025-01-21 04:00:00,SITE_COM_001,Commercial,0.55,0.275,NORMAL
2025-01-21 05:00:00,SITE_COM_001,Commercial,0.483,0.2415,NORMAL
2025-01-21 06:00:00,SITE_COM_001,Commercial,0.496,0.248,NORMAL
2025-01-21 07:00:00,SITE_COM_001,Commercial,0.488,0.244,NORMAL
2025-01-21 08:00:00,SITE_COM_001,Commercial,1.173,0.5865,SOUTENU
2025-01-21 09:00:00,SITE_COM_001,Commercial,1.365,0.6825,SOUTENU
2025-01-21 10:00:00,SITE_COM_001,Commercial,1.233,0.6165,SOUTENU
2025-01-21 11:00:00,SITE_COM_001,Commercial,1.389,0.6945,SOUTENU
2025-01-21 12:00:00,SITE_COM_001,Commercial,,,
2025-01-21 13:00:00,SITE_COM_001,Commercial,1.369,0.6845,SOUTENU
2025-01-21 14:00:00,SITE_COM_001,Commercial,1.226,0.613,SOUTENU
2025-01-21 15:00:00,SITE_COM_001,Commercial,1.351,0.6755,SOUTENU
2025-01-21 16:00:00,SITE_COM_001,Commercial,1.356,0.678,SOUTENU
2025-01-21 17:00:00,SITE_COM_001,Commercial,1.184,0.592,SOUTENU
2025-01-21 18:00:00,SITE_COM_001,Commercial,1.411,0.7055,SOUTENU
2025-01-21 19:00:00,SITE_COM_001,Commercial,1.28,0.64,SOUTENU
2025-01-21 20:00:00,SITE_COM_001,Commercial,0.517,0.2585,NORMAL
2025-01-21 21:00:00,SITE_COM_001,Commercial,0.533,0.2665,NORMAL
2025-01-21 22:00:00,SITE_COM_001,Commercial,0.461,0.2305,NORMAL
2025-01-21 23:00:00,SITE_COM_001,Commercial,0.471,0.2355,NORMAL
2025-01-22 00:00:00,SITE_COM_001,Commercial,0.471,0.2355,NORMAL
2025-01-22 01:00:00,SITE_COM_001,Commercial,0.482,0.241,NORMAL
2025-01-22 02:00:00,SITE_COM_001,Commercial,0.532,0.266,NORMAL
2025-01-22 03:00:00,SITE_COM_001,Commercial,0.472,0.236,NORMAL
2025-01-22 04:00:00,SITE_COM_001,Commercial,0.46,0.23,NORMAL
2025-01-22 05:00:00,SITE_COM_001,Commercial,0.467,0.2335,NORMAL
2025-01-22 06:00:00,SITE_COM_001,Commercial,0.52,0.26,NORMAL
2025-01-22 07:00:00,SITE_COM_001,Commercial,0.483,0.2415,NORMAL
2025-01-22 08:00:00,SITE_COM_001,Commercial,1.391,0.6955,SOUTENU
2025-01-22 09:00:00,SITE_COM_001,Commercial,1.322,0.661,SOUTENU
2025-01-22 10:00:00,SITE_COM_001,Commercial,1.323,0.6615,SOUTENU
2025-01-22 11:00:00,SITE_COM_001,Commercial,1.403,0.7015,SOUTENU
2025-01-22 12:00:00,SITE_COM_001,Commercial,1.331,0.6655,SOUTENU
2025-01-22 13:00:00,SITE_COM_001,Commercial,1.209,0.6045,SOUTENU
2025-01-22 14:00:00,SITE_COM_001,Commercial,1.325,0.6625,SOUTENU
2025-01-22 15:00:00,SITE_COM_001,Commercial,1.242,0.621,SOUTENU
2025-01-22 16:00:00,SITE_COM_001,Commercial,1.424,0.712,SOUTENU
2025-01-22 17:00:00,SITE_COM_001,Commercial,,,
2025-01-22 18:00:00,SITE_COM_001,Commercial,,,
2025-01-22 19:00:00,SITE_COM_001,Commercial,1.357,0.6785,SOUTENU
2025-01-22 20:00:00,SITE_COM_001,Commercial,0.494,0.247,NORMAL
2025-01-22 21:00:00,SITE_COM_001,Commercial,,,
2025-01-22 22:00:00,SITE_COM_001,Commercial,,,
2025-01-22 23:00:00,SITE_COM_001,Commercial,0.474,0.237,NORMAL
2025-01-23 00:00:00,SITE_COM_001,Commercial,0.522,0.261,NORMAL
2025-01-23 01:00:00,SITE_COM_001,Commercial,0.479,0.2395,NORMAL
2025-01-23 02:00:00,SITE_COM_001,Commercial,0.528,0.264,NORMAL
2025-01-23 03:00:00,SITE_COM_001,Commercial,0.467,0.2335,NORMAL
2025-01-23 04:00:00,SITE_COM_001,Commercial,0.526,0.263,NORMAL
2025-01-23 05:00:00,SITE_COM_001,Commercial,,,
2025-01-23 06:00:00,SITE_COM_001,Commercial,0.51,0.255,NORMAL
2025-01-23 07:00:00,SITE_COM_001,Commercial,0.496,0.248,NORMAL
2025-01-23 08:00:00,SITE_COM_001,Commercial,1.189,0.5945,SOUTENU
2025-01-23 09:00:00,SITE_COM_001,Commercial,1.219,0.6095,SOUTENU
2025-01-23 10:00:00,SITE_COM_001,Commercial,1.298,0.649,SOUTENU
2025-01-23 11:00:00,SITE_COM_001,Commercial,1.267,0.6335,SOUTENU
2025-01-23 12:00:00,SITE_COM_001,Commercial,1.276,0.638,SOUTENU
2025-01-23 13:00:00,SITE_COM_001,Commercial,1.317,0.6585,SOUTENU
2025-01-23 14:00:00,SITE_COM_001,Commercial,1.407,0.7035,SOUTENU
2025-01-23 15:00:00,SITE_COM_001,Commercial,1.349,0.6745,SOUTENU
2025-01-23 16:00:00,SITE_COM_001,Commercial,1.361,0.6805,SOUTENU
2025-01-23 17:00:00,SITE_COM_001,Commercial,1.334,0.667,SOUTENU
2025-01-23 18:00:00,SITE_COM_001,Commercial,1.238,0.619,SOUTENU
2025-01-23 19:00:00,SITE_COM_001,Commercial,1.327,0.6635,SOUTENU
2025-01-23 20:00:00,SITE_COM_001,Commercial,0.527,0.2635,NORMAL
2025-01-23 21:00:00,SITE_COM_001,Commercial,0.509,0.2545,NORMAL
2025-01-23 22:00:00,SITE_COM_001,Commercial,0.492,0.246,NORMAL
2025-01-23 23:00:00,SITE_COM_001,Commercial,0.547,0.2735,NORMAL
2025-01-24 00:00:00,SITE_COM_001,Commercial,0.491,0.2455,NORMAL
2025-01-24 01:00:00,SITE_COM_001,Commercial,0.514,0.257,NORMAL
2025-01-24 02:00:00,SITE_COM_001,Commercial,0.525,0.2625,NORMAL
2025-01-24 03:00:00,SITE_COM_001,Commercial,0.549,0.2745,NORMAL
2025-01-24 04:00:00,SITE_COM_001,Commercial,0.52,0.26,NORMAL
2025-01-24 05:00:00,SITE_COM_001,Commercial,0.467,0.2335,NORMAL
2025-01-24 06:00:00,SITE_COM_001,Commercial,0.468,0.234,NORMAL
2025-01-24 07:00:00,SITE_COM_001,Commercial,0.469,0.2345,NORMAL
2025-01-24 08:00:00,SITE_COM_001,Commercial,1.237,0.6185,SOUTENU
2025-01-24 09:00:00,SITE_COM_001,Commercial,1.332,0.666,SOUTENU
2025-01-24 10:00:00,SITE_COM_001,Commercial,1.268,0.634,SOUTENU
2025-01-24 11:00:00,SITE_COM_001,Commercial,1.294,0.647,SOUTENU
2025-01-24 12:00:00,SITE_COM_001,Commercial,1.365,0.6825,SOUTENU
2025-01-24 13:00:00,SITE_COM_001,Commercial,1.195,0.5975,SOUTENU
2025-01-24 14:00:00,SITE_COM_001,Commercial,1.427,0.7135,SOUTENU
2025-01-24 15:00:00,SITE_COM_001,Commercial,1.258,0.629,SOUTENU
2025-01-24 16:00:00,SITE_COM_001,Commercial,1.43,0.715,SOUTENU
2025-01-24 17:00:00,SITE_COM_001,Commercial,1.268,0.634,SOUTENU
2025-01-24 18:00:00,SITE_COM_001,Commercial,1.196,0.598,SOUTENU
2025-01-24 19:00:00,SITE_COM_001,Commercial,,,
2025-01-24 20:00:00,SITE_COM_001,Commercial,0.478,0.239,NORMAL
2025-01-24 21:00:00,SITE_COM_001,Commercial,0.512,0.256,NORMAL
2025-01-24 22:00:00,SITE_COM_001,Commercial,0.469,0.2345,NORMAL
2025-01-24 23:00:00,SITE_COM_001,Commercial,0.452,0.226,NORMAL
2025-01-25 00:00:00,SITE_COM_001,Commercial,,,
2025-01-25 01:00:00,SITE_COM_001,Commercial,0.358,0.179,NORMAL
2025-01-25 02:00:00,SITE_COM_001,Commercial,0.38,0.19,NORMAL
2025-01-25 03:00:00,SITE_COM_001,Commercial,0.366,0.183,NORMAL
2025-01-25 04:00:00,SITE_COM_001,Commercial,0.351,0.1755,NORMAL
2025-01-25 05:00:00,SITE_COM_001,Commercial,0.324,0.162,NORMAL
2025-01-25 06:00:00,SITE_COM_001,Commercial,0.353,0.1765,NORMAL
2025-01-25 07:00:00,SITE_COM_001,Commercial,0.323,0.1615,NORMAL
2025-01-25 08:00:00,SITE_COM_001,Commercial,0.956,0.478,NORMAL
2025-01-25 09:00:00,SITE_COM_001,Commercial,0.949,0.4745,NORMAL
2025-01-25 10:00:00,SITE_COM_001,Commercial,0.958,0.479,NORMAL
2025-01-25 11:00:00,SITE_COM_001,Commercial,0.982,0.491,NORMAL
2025-01-25 12:00:00,SITE_COM_001,Commercial,0.951,0.4755,NORMAL
2025-01-25 13:00:00,SITE_COM_001,Commercial,0.989,0.4945,NORMAL
2025-01-25 14:00:00,SITE_COM_001,Commercial,,,
2025-01-25 15:00:00,SITE_COM_001,Commercial,,,
2025-01-25 16:00:00,SITE_COM_001,Commercial,0.86,0.43,NORMAL
2025-01-25 17:00:00,SITE_COM_001,Commercial,0.954,0.477,NORMAL
2025-01-25 18:00:00,SITE_COM_001,Commercial,0.886,0.443,NORMAL
2025-01-25 19:00:00,SITE_COM_001,Commercial,0.819,0.4095,NORMAL
2025-01-25 20:00:00,SITE_COM_001,Commercial,0.384,0.192,NORMAL
2025-01-25 21:00:00,SITE_COM_001,Commercial,0.371,0.1855,NORMAL
2025-01-25 22:00:00,SITE_COM_001,Commercial,0.343,0.1715,NORMAL
2025-01-25 23:00:00,SITE_COM_001,Commercial,0.381,0.1905,NORMAL
2025-01-26 00:00:00,SITE_COM_001,Commercial,0.357,0.1785,NORMAL
2025-01-26 01:00:00,SITE_COM_001,Commercial,0.364,0.182,NORMAL
2025-01-26 02:00:00,SITE_COM_001,Commercial,0.324,0.162,NORMAL
2025-01-26 03:00:00,SITE_COM_001,Commercial,0.373,0.1865,NORMAL
2025-01-26 04:00:00,SITE_COM_001,Commercial,0.384,0.192,NORMAL
2025-01-26 05:00:00,SITE_COM_001,Commercial,0.366,0.183,NORMAL
2025-01-26 06:00:00,SITE_COM_001,Commercial,0.376,0.188,NORMAL
2025-01-26 07:00:00,SITE_COM_001,Commercial,0.384,0.192,NORMAL
2025-01-26 08:00:00,SITE_COM_001,Commercial,0.919,0.4595,NORMAL
2025-01-26 09:00:00,SITE_COM_001,Commercial,0.957,0.4785,NORMAL
2025-01-26 10:00:00,SITE_COM_001,Commercial,0.946,0.473,NORMAL
2025-01-26 11:00:00,SITE_COM_001,Commercial,0.843,0.4215,NORMAL
2025-01-26 12:00:00,SITE_COM_001,Commercial,0.974,0.487,NORMAL
2025-01-26 13:00:00,SITE_COM_001,Commercial,0.844,0.422,NORMAL
2025-01-26 14:00:00,SITE_COM_001,Commercial,0.859,0.4295,NORMAL
2025-01-26 15:00:00,SITE_COM_001,Commercial,0.951,0.4755,NORMAL
2025-01-26 16:00:00,SITE_COM_001,Commercial,0.846,0.423,NORMAL
2025-01-26 17:00:00,SITE_COM_001,Commercial,0.988,0.494,NORMAL
2025-01-26 18:00:00,SITE_COM_001,Commercial,0.829,0.4145,NORMAL
2025-01-26 19:00:00,SITE_COM_001,Commercial,0.995,0.4975,NORMAL
2025-01-26 20:00:00,SITE_COM_001,Commercial,0.332,0.166,NORMAL
2025-01-26 21:00:00,SITE_COM_001,Commercial,0.361,0.1805,NORMAL
2025-01-26 22:00:00,SITE_COM_001,Commercial,0.361,0.1805,NORMAL
2025-01-26 23:00:00,SITE_COM_001,Commercial,0.334,0.167,NORMAL
2025-01-27 00:00:00,SITE_COM_001,Commercial,0.458,0.229,NORMAL
2025-01-27 01:00:00,SITE_COM_001,Commercial,0.452,0.226,NORMAL
2025-01-27 02:00:00,SITE_COM_001,Commercial,0.525,0.2625,NORMAL
2025-01-27 03:00:00,SITE_COM_001,Commercial,0.514,0.257,NORMAL
2025-01-27 04:00:00,SITE_COM_001,Commercial,0.456,0.228,NORMAL
2025-01-27 05:00:00,SITE_COM_001,Commercial,0.531,0.2655,NORMAL
2025-01-27 06:00:00,SITE_COM_001,Commercial,0.531,0.2655,NORMAL
2025-01-27 07:00:00,SITE_COM_001,Commercial,0.521,0.2605,NORMAL
2025-01-27 08:00:00,SITE_COM_001,Commercial,1.421,0.7105,SOUTENU
2025-01-27 09:00:00,SITE_COM_001,Commercial,1.217,0.6085,SOUTENU
2025-01-27 10:00:00,SITE_COM_001,Commercial,1.203,0.6015,SOUTENU
2025-01-27 11:00:00,SITE_COM_001,Commercial,1.391,0.6955,SOUTENU
2025-01-27 12:00:00,SITE_COM_001,Commercial,1.265,0.6325,SOUTENU
2025-01-27 13:00:00,SITE_COM_001,Commercial,1.17,0.585,SOUTENU
2025-01-27 14:00:00,SITE_COM_001,Commercial,1.374,0.687,SOUTENU
2025-01-27 15:00:00,SITE_COM_001,Commercial,1.351,0.6755,SOUTENU
2025-01-27 16:00:00,SITE_COM_001,Commercial,1.31,0.655,SOUTENU
2025-01-27 17:00:00,SITE_COM_001,Commercial,1.232,0.616,SOUTENU
2025-01-27 18:00:00,SITE_COM_001,Commercial,1.419,0.7095,SOUTENU
2025-01-27 19:00:00,SITE_COM_001,Commercial,1.203,0.6015,SOUTENU
2025-01-27 20:00:00,SITE_COM_001,Commercial,0.488,0.244,NORMAL
2025-01-27 21:00:00,SITE_COM_001,Commercial,0.475,0.2375,NORMAL
2025-01-27 22:00:00,SITE_COM_001,Commercial,,,
2025-01-27 23:00:00,SITE_COM_001,Commercial,0.469,0.2345,NORMAL
2025-01-28 00:00:00,SITE_COM_001,Commercial,0.51,0.255,NORMAL
2025-01-28 01:00:00,SITE_COM_001,Commercial,0.493,0.2465,NORMAL
2025-01-28 02:00:00,SITE_COM_001,Commercial,0.462,0.231,NORMAL
2025-01-28 03:00:00,SITE_COM_001,Commercial,0.514,0.257,NORMAL
2025-01-28 04:00:00,SITE_COM_001,Commercial,0.537,0.2685,NORMAL
2025-01-28 05:00:00,SITE_COM_001,Commercial,0.547,0.2735,NORMAL
2025-01-28 06:00:00,SITE_COM_001,Commercial,,,
2025-01-28 07:00:00,SITE_COM_001,Commercial,0.499,0.2495,NORMAL
2025-01-28 08:00:00,SITE_COM_001,Commercial,1.313,0.6565,SOUTENU
2025-01-28 09:00:00,SITE_COM_001,Commercial,1.416,0.708,SOUTENU
2025-01-28 10:00:00,SITE_COM_001,Commercial,1.422,0.711,SOUTENU
2025-01-28 11:00:00,SITE_COM_001,Commercial,1.294,0.647,SOUTENU
2025-01-28 12:00:00,SITE_COM_001,Commercial,1.21,0.605,SOUTENU
2025-01-28 13:00:00,SITE_COM_001,Commercial,1.184,0.592,SOUTENU
2025-01-28 14:00:00,SITE_COM_001,Commercial,1.235,0.6175,SOUTENU
2025-01-28 15:00:00,SITE_COM_001,Commercial,1.426,0.713,SOUTENU
2025-01-28 16:00:00,SITE_COM_001,Commercial,1.281,0.6405,SOUTENU
2025-01-28 17:00:00,SITE_COM_001,Commercial,1.249,0.6245,SOUTENU
2025-01-28 18:00:00,SITE_COM_001,Commercial,1.251,0.6255,SOUTENU
2025-01-28 19:00:00,SITE_COM_001,Commercial,1.416,0.708,SOUTENU
2025-01-28 20:00:00,SITE_COM_001,Commercial,0.505,0.2525,NORMAL
2025-01-28 21:00:00,SITE_COM_001,Commercial,0.492,0.246,NORMAL
2025-01-28 22:00:00,SITE_COM_001,Commercial,0.502,0.251,NORMAL
2025-01-28 23:00:00,SITE_COM_001,Commercial,0.491,0.2455,NORMAL
2025-01-29 00:00:00,SITE_COM_001,Commercial,0.521,0.2605,NORMAL
2025-01-29 01:00:00,SITE_COM_001,Commercial,0.524,0.262,NORMAL
2025-01-29 02:00:00,SITE_COM_001,Commercial,0.503,0.2515,NORMAL
2025-01-29 03:00:00,SITE_COM_001,Commercial,2.617,1.3085,DÉPASSEMENT
2025-01-29 04:00:00,SITE_COM_001,Commercial,0.458,0.229,NORMAL
2025-01-29 05:00:00,SITE_COM_001,Commercial,0.492,0.246,NORMAL
2025-01-29 06:00:00,SITE_COM_001,Commercial,0.541,0.2705,NORMAL
2025-01-29 07:00:00,SITE_COM_001,Commercial,0.462,0.231,NORMAL
2025-01-29 08:00:00,SITE_COM_001,Commercial,1.362,0.681,SOUTENU
2025-01-29 09:00:00,SITE_COM_001,Commercial,1.413,0.7065,SOUTENU
2025-01-29 10:00:00,SITE_COM_001,Commercial,1.29,0.645,SOUTENU
2025-01-29 11:00:00,SITE_COM_001,Commercial,1.33,0.665,SOUTENU
2025-01-29 12:00:00,SITE_COM_001,Commercial,1.401,0.7005,SOUTENU
2025-01-29 13:00:00,SITE_COM_001,Commercial,1.298,0.649,SOUTENU
2025-01-29 14:00:00,SITE_COM_001,Commercial,1.202,0.601,SOUTENU
2025-01-29 15:00:00,SITE_COM_001,Commercial,,,
2025-01-29 16:00:00,SITE_COM_001,Commercial,1.217,0.6085,SOUTENU
2025-01-29 17:00:00,SITE_COM_001,Commercial,1.388,0.694,SOUTENU
2025-01-29 18:00:00,SITE_COM_001,Commercial,1.263,0.6315,SOUTENU
2025-01-29 19:00:00,SITE_COM_001,Commercial,1.18,0.59,SOUTENU
2025-01-29 20:00:00,SITE_COM_001,Commercial,0.466,0.233,NORMAL
2025-01-29 21:00:00,SITE_COM_001,Commercial,0.477,0.2385,NORMAL
2025-01-29 22:00:00,SITE_COM_001,Commercial,0.521,0.2605,NORMAL
2025-01-29 23:00:00,SITE_COM_001,Commercial,,,
2025-01-30 00:00:00,SITE_COM_001,Commercial,0.461,0.2305,NORMAL
2025-01-30 01:00:00,SITE_COM_001,Commercial,0.5,0.25,NORMAL
2025-01-30 02:00:00,SITE_COM_001,Commercial,0.484,0.242,NORMAL
2025-01-30 03:00:00,SITE_COM_001,Commercial,0.479,0.2395,NORMAL
2025-01-30 04:00:00,SITE_COM_001,Commercial,0.465,0.2325,NORMAL
2025-01-30 05:00:00,SITE_COM_001,Commercial,0.536,0.268,NORMAL
2025-01-30 06:00:00,SITE_COM_001,Commercial,0.47,0.235,NORMAL
2025-01-30 07:00:00,SITE_COM_001,Commercial,0.5,0.25,NORMAL
2025-01-30 08:00:00,SITE_COM_001,Commercial,1.335,0.6675,SOUTENU
2025-01-30 09:00:00,SITE_COM_001,Commercial,1.428,0.714,SOUTENU
2025-01-30 10:00:00,SITE_COM_001,Commercial,1.194,0.597,SOUTENU
2025-01-30 11:00:00,SITE_COM_001,Commercial,,,
2025-01-30 12:00:00,SITE_COM_001,Commercial,1.303,0.6515,SOUTENU
2025-01-30 13:00:00,SITE_COM_001,Commercial,1.243,0.6215,SOUTENU
2025-01-30 14:00:00,SITE_COM_001,Commercial,1.182,0.591,SOUTENU
2025-01-30 15:00:00,SITE_COM_001,Commercial,3.27,1.635,DÉPASSEMENT
2025-01-30 16:00:00,SITE_COM_001,Commercial,1.218,0.609,SOUTENU
2025-01-30 17:00:00,SITE_COM_001,Commercial,1.195,0.5975,SOUTENU
2025-01-30 18:00:00,SITE_COM_001,Commercial,1.256,0.628,SOUTENU
2025-01-30 19:00:00,SITE_COM_001,Commercial,1.308,0.654,SOUTENU
2025-01-30 20:00:00,SITE_COM_001,Commercial,0.488,0.244,NORMAL
2025-01-30 21:00:00,SITE_COM_001,Commercial,0.462,0.231,NORMAL
2025-01-30 22:00:00,SITE_COM_001,Commercial,0.469,0.2345,NORMAL
2025-01-30 23:00:00,SITE_COM_001,Commercial,,,
2025-01-01 00:00:00,SITE_COM_002,Commercial,0.353,0.2353333333333333,NORMAL
2025-01-01 01:00:00,SITE_COM_002,Commercial,0.379,0.25266666666666665,NORMAL
2025-01-01 02:00:00,SITE_COM_002,Commercial,0.406,0.27066666666666667,NORMAL
2025-01-01 03:00:00,SITE_COM_002,Commercial,0.391,0.26066666666666666,NORMAL
2025-01-01 04:00:00,SITE_COM_002,Commercial,0.407,0.2713333333333333,NORMAL
2025-01-01 05:00:00,SITE_COM_002,Commercial,0.39,0.26,NORMAL
2025-01-01 06:00:00,SITE_COM_002,Commercial,0.397,0.26466666666666666,NORMAL
2025-01-01 07:00:00,SITE_COM_002,Commercial,0.389,0.25933333333333336,NORMAL
2025-01-01 08:00:00,SITE_COM_002,Commercial,1.024,0.6826666666666666,SOUTENU
2025-01-01 09:00:00,SITE_COM_002,Commercial,,,
2025-01-01 10:00:00,SITE_COM_002,Commercial,1.013,0.6753333333333332,SOUTENU
2025-01-01 11:00:00,SITE_COM_002,Commercial,1.016,0.6773333333333333,SOUTENU
2025-01-01 12:00:00,SITE_COM_002,Commercial,1.016,0.6773333333333333,SOUTENU
2025-01-01 13:00:00,SITE_COM_002,Commercial,0.924,0.616,SOUTENU
2025-01-01 14:00:00,SITE_COM_002,Commercial,1.058,0.7053333333333334,SOUTENU
2025-01-01 15:00:00,SITE_COM_002,Commercial,0.926,0.6173333333333334,SOUTENU
2025-01-01 16:00:00,SITE_COM_002,Commercial,,,
2025-01-01 17:00:00,SITE_COM_002,Commercial,1.015,0.6766666666666666,SOUTENU
2025-01-01 18:00:00,SITE_COM_002,Commercial,0.997,0.6646666666666666,SOUTENU
2025-01-01 19:00:00,SITE_COM_002,Commercial,1.038,0.6920000000000001,SOUTENU
2025-01-01 20:00:00,SITE_COM_002,Commercial,0.41,0.2733333333333333,NORMAL
2025-01-01 21:00:00,SITE_COM_002,Commercial,0.396,0.264,NORMAL
2025-01-01 22:00:00,SITE_COM_002,Commercial,0.387,0.258,NORMAL
2025-01-01 23:00:00,SITE_COM_002,Commercial,,,
2025-01-02 00:00:00,SITE_COM_002,Commercial,0.398,0.26533333333333337,NORMAL
2025-01-02 01:00:00,SITE_COM_002,Commercial,0.392,0.26133333333333336,NORMAL
2025-01-02 02:00:00,SITE_COM_002,Commercial,0.351,0.23399999999999999,NORMAL
2025-01-02 03:00:00,SITE_COM_002,Commercial,,,
2025-01-02 04:00:00,SITE_COM_002,Commercial,0.35,0.2333333333333333,NORMAL
2025-01-02 05:00:00,SITE_COM_002,Commercial,0.343,0.22866666666666668,NORMAL
2025-01-02 06:00:00,SITE_COM_002,Commercial,0.41,0.2733333333333333,NORMAL
2025-01-02 07:00:00,SITE_COM_002,Commercial,0.398,0.26533333333333337,NORMAL
2025-01-02 08:00:00,SITE_COM_002,Commercial,1.039,0.6926666666666667,SOUTENU
2025-01-02 09:00:00,SITE_COM_002,Commercial,0.926,0.6173333333333334,SOUTENU
2025-01-02 10:00:00,SITE_COM_002,Commercial,0.88,0.5866666666666667,SOUTENU
2025-01-02 11:00:00,SITE_COM_002,Commercial,1.021,0.6806666666666666,SOUTENU
2025-01-02 12:00:00,SITE_COM_002,Commercial,0.971,0.6473333333333333,SOUTENU
2025-01-02 13:00:00,SITE_COM_002,Commercial,,,
2025-01-02 14:00:00,SITE_COM_002,Commercial,1.0,0.6666666666666666,SOUTENU
2025-01-02 15:00:00,SITE_COM_002,Commercial,0.935,0.6233333333333334,SOUTENU
2025-01-02 16:00:00,SITE_COM_002,Commercial,,,
2025-01-02 17:00:00,SITE_COM_002,Commercial,1.005,0.6699999999999999,SOUTENU
2025-01-02 18:00:00,SITE_COM_002,Commercial,1.05,0.7000000000000001,SOUTENU
2025-01-02 19:00:00,SITE_COM_002,Commercial,0.899,0.5993333333333334,SOUTENU
2025-01-02 20:00:00,SITE_COM_002,Commercial,0.384,0.256,NORMAL
2025-01-02 21:00:00,SITE_COM_002,Commercial,0.405,0.27,NORMAL
2025-01-02 22:00:00,SITE_COM_002,Commercial,0.382,0.25466666666666665,NORMAL
2025-01-02 23:00:00,SITE_COM_002,Commercial,0.36,0.24,NORMAL
2025-01-03 00:00:00,SITE_COM_002,Commercial,0.406,0.27066666666666667,NORMAL
2025-01-03 01:00:00,SITE_COM_002,Commercial,0.391,0.26066666666666666,NORMAL
2025-01-03 02:00:00,SITE_COM_002,Commercial,0.349,0.23266666666666666,NORMAL
2025-01-03 03:00:00,SITE_COM_002,Commercial,0.392,0.26133333333333336,NORMAL
2025-01-03 04:00:00,SITE_COM_002,Commercial,0.381,0.254,NORMAL
2025-01-03 05:00:00,SITE_COM_002,Commercial,0.412,0.27466666666666667,NORMAL
2025-01-03 06:00:00,SITE_COM_002,Commercial,0.369,0.246,NORMAL
2025-01-03 07:00:00,SITE_COM_002,Commercial,0.363,0.242,NORMAL
2025-01-03 08:00:00,SITE_COM_002,Commercial,0.959,0.6393333333333333,SOUTENU
2025-01-03 09:00:00,SITE_COM_002,Commercial,1.038,0.6920000000000001,SOUTENU
2025-01-03 10:00:00,SITE_COM_002,Commercial,,,
2025-01-03 11:00:00,SITE_COM_002,Commercial,0.923,0.6153333333333334,SOUTENU
2025-01-03 12:00:00,SITE_COM_002,Commercial,0.986,0.6573333333333333,SOUTENU
2025-01-03 13:00:00,SITE_COM_002,Commercial,0.946,0.6306666666666666,SOUTENU
2025-01-03 14:00:00,SITE_COM_002,Commercial,0.935,0.6233333333333334,SOUTENU
2025-01-03 15:00:00,SITE_COM_002,Commercial,1.056,0.7040000000000001,SOUTENU
2025-01-03 16:00:00,SITE_COM_002,Commercial,0.904,0.6026666666666667,SOUTENU
2025-01-03 17:00:00,SITE_COM_002,Commercial,0.883,0.5886666666666667,SOUTENU
2025-01-03 18:00:00,SITE_COM_002,Commercial,1.007,0.6713333333333332,SOUTENU
2025-01-03 19:00:00,SITE_COM_002,Commercial,0.883,0.5886666666666667,SOUTENU
2025-01-03 20:00:00,SITE_COM_002,Commercial,0.38,0.25333333333333335,NORMAL
2025-01-03 21:00:00,SITE_COM_002,Commercial,0.393,0.262,NORMAL
2025-01-03 22:00:00,SITE_COM_002,Commercial,0.368,0.24533333333333332,NORMAL
2025-01-03 23:00:00,SITE_COM_002,Commercial,0.359,0.23933333333333331,NORMAL
2025-01-04 00:00:00,SITE_COM_002,Commercial,0.276,0.18400000000000002,NORMAL
2025-01-04 01:00:00,SITE_COM_002,Commercial,0.272,0.18133333333333335,NORMAL
2025-01-04 02:00:00,SITE_COM_002,Commercial,0.285,0.18999999999999997,NORMAL
2025-01-04 03:00:00,SITE_COM_002,Commercial,0.244,0.16266666666666665,NORMAL
2025-01-04 04:00:00,SITE_COM_002,Commercial,0.243,0.162,NORMAL
2025-01-04 05:00:00,SITE_COM_002,Commercial,0.246,0.164,NORMAL
2025-01-04 06:00:00,SITE_COM_002,Commercial,0.279,0.18600000000000003,NORMAL
2025-01-04 07:00:00,SITE_COM_002,Commercial,0.28,0.18666666666666668,NORMAL
2025-01-04 08:00:00,SITE_COM_002,Commercial,0.641,0.42733333333333334,NORMAL
2025-01-04 09:00:00,SITE_COM_002,Commercial,0.73,0.48666666666666664,NORMAL
2025-01-04 10:00:00,SITE_COM_002,Commercial,0.623,0.41533333333333333,NORMAL
2025-01-04 11:00:00,SITE_COM_002,Commercial,0.69,0.45999999999999996,NORMAL
2025-01-04 12:00:00,SITE_COM_002,Commercial,0.748,0.49866666666666665,NORMAL
2025-01-04 13:00:00,SITE_COM_002,Commercial,0.62,0.41333333333333333,NORMAL
2025-01-04 14:00:00,SITE_COM_002,Commercial,0.663,0.442,NORMAL
2025-01-04 15:00:00,SITE_COM_002,Commercial,0.717,0.478,NORMAL
2025-01-04 16:00:00,SITE_COM_002,Commercial,0.628,0.4186666666666667,NORMAL
2025-01-04 17:00:00,SITE_COM_002,Commercial,0.724,0.48266666666666663,NORMAL
2025-01-04 18:00:00,SITE_COM_002,Commercial,0.694,0.4626666666666666,NORMAL
2025-01-04 19:00:00,SITE_COM_002,Commercial,0.677,0.45133333333333336,NORMAL
2025-01-04 20:00:00,SITE_COM_002,Commercial,0.283,0.18866666666666665,NORMAL
2025-01-04 21:00:00,SITE_COM_002,Commercial,0.245,0.16333333333333333,NORMAL
2025-01-04 22:00:00,SITE_COM_002,Commercial,0.27,0.18000000000000002,NORMAL
2025-01-04 23:00:00,SITE_COM_002,Commercial,0.254,0.16933333333333334,NORMAL
2025-01-05 00:00:00,SITE_COM_002,Commercial,0.283,0.18866666666666665,NORMAL
2025-01-05 01:00:00,SITE_COM_002,Commercial,0.268,0.17866666666666667,NORMAL
2025-01-05 02:00:00,SITE_COM_002,Commercial,0.262,0.17466666666666666,NORMAL
2025-01-05 03:00:00,SITE_COM_002,Commercial,0.265,0.17666666666666667,NORMAL
2025-01-05 04:00:00,SITE_COM_002,Commercial,,,
2025-01-05 05:00:00,SITE_COM_002,Commercial,0.251,0.16733333333333333,NORMAL
2025-01-05 06:00:00,SITE_COM_002,Commercial,,,
2025-01-05 07:00:00,SITE_COM_002,Commercial,0.282,0.18799999999999997,NORMAL
2025-01-05 08:00:00,SITE_COM_002,Commercial,0.692,0.4613333333333333,NORMAL
2025-01-05 09:00:00,SITE_COM_002,Commercial,0.731,0.48733333333333334,NORMAL
2025-01-05 10:00:00,SITE_COM_002,Commercial,0.73,0.48666666666666664,NORMAL
2025-01-05 11:00:00,SITE_COM_002,Commercial,0.683,0.45533333333333337,NORMAL
2025-01-05 12:00:00,SITE_COM_002,Commercial,0.699,0.46599999999999997,NORMAL
2025-01-05 13:00:00,SITE_COM_002,Commercial,0.726,0.484,NORMAL
2025-01-05 14:00:00,SITE_COM_002,Commercial,0.636,0.424,NORMAL
2025-01-05 15:00:00,SITE_COM_002,Commercial,0.677,0.45133333333333336,NORMAL
2025-01-05 16:00:00,SITE_COM_002,Commercial,0.737,0.49133333333333334,NORMAL
2025-01-05 17:00:00,SITE_COM_002,Commercial,0.739,0.49266666666666664,NORMAL
2025-01-05 18:00:00,SITE_COM_002,Commercial,0.659,0.43933333333333335,NORMAL
2025-01-05 19:00:00,SITE_COM_002,Commercial,0.71,0.47333333333333333,NORMAL
2025-01-05 20:00:00,SITE_COM_002,Commercial,0.244,0.16266666666666665,NORMAL
2025-01-05 21:00:00,SITE_COM_002,Commercial,0.238,0.15866666666666665,NORMAL
2025-01-05 22:00:00,SITE_COM_002,Commercial,0.255,0.17,NORMAL
2025-01-05 23:00:00,SITE_COM_002,Commercial,0.282,0.18799999999999997,NORMAL
2025-01-06 00:00:00,SITE_COM_002,Commercial,0.385,0.25666666666666665,NORMAL
2025-01-06 01:00:00,SITE_COM_002,Commercial,0.36,0.24,NORMAL
2025-01-06 02:00:00,SITE_COM_002,Commercial,,,
2025-01-06 03:00:00,SITE_COM_002,Commercial,0.405,0.27,NORMAL
2025-01-06 04:00:00,SITE_COM_002,Commercial,0.364,0.24266666666666667,NORMAL
2025-01-06 05:00:00,SITE_COM_002,Commercial,0.35,0.2333333333333333,NORMAL
2025-01-06 06:00:00,SITE_COM_002,Commercial,0.367,0.24466666666666667,NORMAL
2025-01-06 07:00:00,SITE_COM_002,Commercial,0.343,0.22866666666666668,NORMAL
2025-01-06 08:00:00,SITE_COM_002,Commercial,,,
2025-01-06 09:00:00,SITE_COM_002,Commercial,0.939,0.626,SOUTENU
2025-01-06 10:00:00,SITE_COM_002,Commercial,1.046,0.6973333333333334,SOUTENU
2025-01-06 11:00:00,SITE_COM_002,Commercial,0.979,0.6526666666666666,SOUTENU
2025-01-06 12:00:00,SITE_COM_002,Commercial,0.902,0.6013333333333334,SOUTENU
2025-01-06 13:00:00,SITE_COM_002,Commercial,0.92,0.6133333333333334,SOUTENU
2025-01-06 14:00:00,SITE_COM_002,Commercial,0.91,0.6066666666666667,SOUTENU
2025-01-06 15:00:00,SITE_COM_002,Commercial,1.067,0.7113333333333333,SOUTENU
2025-01-06 16:00:00,SITE_COM_002,Commercial,,,
2025-01-06 17:00:00,SITE_COM_002,Commercial,1.014,0.676,SOUTENU
2025-01-06 18:00:00,SITE_COM_002,Commercial,0.946,0.6306666666666666,SOUTENU
2025-01-06 19:00:00,SITE_COM_002,Commercial,0.9,0.6,SOUTENU
2025-01-06 20:00:00,SITE_COM_002,Commercial,,,
2025-01-06 21:00:00,SITE_COM_002,Commercial,0.389,0.25933333333333336,NORMAL
2025-01-06 22:00:00,SITE_COM_002,Commercial,0.407,0.2713333333333333,NORMAL
2025-01-06 23:00:00,SITE_COM_002,Commercial,0.345,0.22999999999999998,NORMAL
2025-01-07 00:00:00,SITE_COM_002,Commercial,0.375,0.25,NORMAL
2025-01-07 01:00:00,SITE_COM_002,Commercial,0.371,0.24733333333333332,NORMAL
2025-01-07 02:00:00,SITE_COM_002,Commercial,0.369,0.246,NORMAL
2025-01-07 03:00:00,SITE_COM_002,Commercial,,,
2025-01-07 04:00:00,SITE_COM_002,Commercial,0.406,0.27066666666666667,NORMAL
2025-01-07 05:00:00,SITE_COM_002,Commercial,0.393,0.262,NORMAL
2025-01-07 06:00:00,SITE_COM_002,Commercial,0.359,0.23933333333333331,NORMAL
2025-01-07 07:00:00,SITE_COM_002,Commercial,0.397,0.26466666666666666,NORMAL
2025-01-07 08:00:00,SITE_COM_002,Commercial,0.958,0.6386666666666666,SOUTENU
2025-01-07 09:00:00,SITE_COM_002,Commercial,1.037,0.6913333333333332,SOUTENU
2025-01-07 10:00:00,SITE_COM_002,Commercial,1.065,0.71,SOUTENU
2025-01-07 11:00:00,SITE_COM_002,Commercial,0.915,0.61,SOUTENU
2025-01-07 12:00:00,SITE_COM_002,Commercial,0.99,0.66,SOUTENU
2025-01-07 13:00:00,SITE_COM_002,Commercial,0.911,0.6073333333333334,SOUTENU
2025-01-07 14:00:00,SITE_COM_002,Commercial,0.897,0.598,SOUTENU
2025-01-07 15:00:00,SITE_COM_002,Commercial,1.03,0.6866666666666666,SOUTENU
2025-01-07 16:00:00,SITE_COM_002,Commercial,0.985,0.6566666666666666,SOUTENU
2025-01-07 17:00:00,SITE_COM_002,Commercial,0.963,0.642,SOUTENU
2025-01-07 18:00:00,SITE_COM_002,Commercial,1.015,0.6766666666666666,SOUTENU
2025-01-07 19:00:00,SITE_COM_002,Commercial,1.022,0.6813333333333333,SOUTENU
2025-01-07 20:00:00,SITE_COM_002,Commercial,0.364,0.24266666666666667,NORMAL
2025-01-07 21:00:00,SITE_COM_002,Commercial,0.378,0.252,NORMAL
2025-01-07 22:00:00,SITE_COM_002,Commercial,0.395,0.26333333333333336,NORMAL
2025-01-07 23:00:00,SITE_COM_002,Commercial,0.385,0.25666666666666665,NORMAL
2025-01-08 00:00:00,SITE_COM_002,Commercial,0.372,0.248,NORMAL
2025-01-08 01:00:00,SITE_COM_002,Commercial,0.405,0.27,NORMAL
2025-01-08 02:00:00,SITE_COM_002,Commercial,0.4,0.26666666666666666,NORMAL
2025-01-08 03:00:00,SITE_COM_002,Commercial,0.343,0.22866666666666668,NORMAL
2025-01-08 04:00:00,SITE_COM_002,Commercial,0.366,0.244,NORMAL
2025-01-08 05:00:00,SITE_COM_002,Commercial,0.351,0.23399999999999999,NORMAL
2025-01-08 06:00:00,SITE_COM_002,Commercial,0.383,0.25533333333333336,NORMAL
2025-01-08 07:00:00,SITE_COM_002,Commercial,0.374,0.24933333333333332,NORMAL
2025-01-08 08:00:00,SITE_COM_002,Commercial,1.022,0.6813333333333333,SOUTENU
2025-01-08 09:00:00,SITE_COM_002,Commercial,0.882,0.588,SOUTENU
2025-01-08 10:00:00,SITE_COM_002,Commercial,0.9,0.6,SOUTENU
2025-01-08 11:00:00,SITE_COM_002,Commercial,,,
2025-01-08 12:00:00,SITE_COM_002,Commercial,1.063,0.7086666666666667,SOUTENU
2025-01-08 13:00:00,SITE_COM_002,Commercial,1.023,0.6819999999999999,SOUTENU
2025-01-08 14:00:00,SITE_COM_002,Commercial,,,
2025-01-08 15:00:00,SITE_COM_002,Commercial,0.932,0.6213333333333334,SOUTENU
2025-01-08 16:00:00,SITE_COM_002,Commercial,0.938,0.6253333333333333,SOUTENU
2025-01-08 17:00:00,SITE_COM_002,Commercial,1.05,0.7000000000000001,SOUTENU
2025-01-08 18:00:00,SITE_COM_002,Commercial,0.999,0.666,SOUTENU
2025-01-08 19:00:00,SITE_COM_002,Commercial,0.95,0.6333333333333333,SOUTENU
2025-01-08 20:00:00,SITE_COM_002,Commercial,0.34,0.22666666666666668,NORMAL
2025-01-08 21:00:00,SITE_COM_002,Commercial,0.4,0.26666666666666666,NORMAL
2025-01-08 22:00:00,SITE_COM_002,Commercial,,,
2025-01-08 23:00:00,SITE_COM_002,Commercial,0.364,0.24266666666666667,NORMAL
2025-01-09 00:00:00,SITE_COM_002,Commercial,0.396,0.264,NORMAL
2025-01-09 01:00:00,SITE_COM_002,Commercial,,,
2025-01-09 02:00:00,SITE_COM_002,Commercial,0.38,0.25333333333333335,NORMAL
2025-01-09 03:00:00,SITE_COM_002,Commercial,0.345,0.22999999999999998,NORMAL
2025-01-09 04:00:00,SITE_COM_002,Commercial,0.402,0.268,NORMAL
2025-01-09 05:00:00,SITE_COM_002,Commercial,0.394,0.26266666666666666,NORMAL
2025-01-09 06:00:00,SITE_COM_002,Commercial,0.398,0.26533333333333337,NORMAL
2025-01-09 07:00:00,SITE_COM_002,Commercial,0.347,0.2313333333333333,NORMAL
2025-01-09 08:00:00,SITE_COM_002,Commercial,0.99,0.66,SOUTENU
2025-01-09 09:00:00,SITE_COM_002,Commercial,1.07,0.7133333333333334,SOUTENU
2025-01-09 10:00:00,SITE_COM_002,Commercial,0.956,0.6373333333333333,SOUTENU
2025-01-09 11:00:00,SITE_COM_002,Commercial,1.003,0.6686666666666666,SOUTENU
2025-01-09 12:00:00,SITE_COM_002,Commercial,1.019,0.6793333333333332,SOUTENU
2025-01-09 13:00:00,SITE_COM_002,Commercial,0.986,0.6573333333333333,SOUTENU
2025-01-09 14:00:00,SITE_COM_002,Commercial,1.013,0.6753333333333332,SOUTENU
2025-01-09 15:00:00,SITE_COM_002,Commercial,0.901,0.6006666666666667,SOUTENU
2025-01-09 16:00:00,SITE_COM_002,Commercial,0.887,0.5913333333333334,SOUTENU
2025-01-09 17:00:00,SITE_COM_002,Commercial,1.012,0.6746666666666666,SOUTENU
2025-01-09 18:00:00,SITE_COM_002,Commercial,1.053,0.702,SOUTENU
2025-01-09 19:00:00,SITE_COM_002,Commercial,1.06,0.7066666666666667,SOUTENU
2025-01-09 20:00:00,SITE_COM_002,Commercial,0.346,0.23066666666666666,NORMAL
2025-01-09 21:00:00,SITE_COM_002,Commercial,0.383,0.25533333333333336,NORMAL
2025-01-09 22:00:00,SITE_COM_002,Commercial,0.348,0.23199999999999998,NORMAL
2025-01-09 23:00:00,SITE_COM_002,Commercial,0.394,0.26266666666666666,NORMAL
2025-01-10 00:00:00,SITE_COM_002,Commercial,0.371,0.24733333333333332,NORMAL
2025-01-10 01:00:00,SITE_COM_002,Commercial,0.387,0.258,NORMAL
2025-01-10 02:00:00,SITE_COM_002,Commercial,0.354,0.236,NORMAL
2025-01-10 03:00:00,SITE_COM_002,Commercial,0.379,0.25266666666666665,NORMAL
2025-01-10 04:00:00,SITE_COM_002,Commercial,0.353,0.2353333333333333,NORMAL
2025-01-10 05:00:00,SITE_COM_002,Commercial,0.338,0.22533333333333336,NORMAL
2025-01-10 06:00:00,SITE_COM_002,Commercial,0.345,0.22999999999999998,NORMAL
2025-01-10 07:00:00,SITE_COM_002,Commercial,0.402,0.268,NORMAL
2025-01-10 08:00:00,SITE_COM_002,Commercial,0.908,0.6053333333333334,SOUTENU
2025-01-10 09:00:00,SITE_COM_002,Commercial,0.948,0.632,SOUTENU
2025-01-10 10:00:00,SITE_COM_002,Commercial,1.03,0.6866666666666666,SOUTENU
2025-01-10 11:00:00,SITE_COM_002,Commercial,0.937,0.6246666666666667,SOUTENU
2025-01-10 12:00:00,SITE_COM_002,Commercial,1.048,0.6986666666666667,SOUTENU
2025-01-10 13:00:00,SITE_COM_002,Commercial,0.914,0.6093333333333334,SOUTENU
2025-01-10 14:00:00,SITE_COM_002,Commercial,0.929,0.6193333333333334,SOUTENU
2025-01-10 15:00:00,SITE_COM_002,Commercial,0.907,0.6046666666666667,SOUTENU
2025-01-10 16:00:00,SITE_COM_002,Commercial,0.931,0.6206666666666667,SOUTENU
2025-01-10 17:00:00,SITE_COM_002,Commercial,0.96,0.64,SOUTENU
2025-01-10 18:00:00,SITE_COM_002,Commercial,0.981,0.654,SOUTENU
2025-01-10 19:00:00,SITE_COM_002,Commercial,1.004,0.6693333333333333,SOUTENU
2025-01-10 20:00:00,SITE_COM_002,Commercial,0.34,0.22666666666666668,NORMAL
2025-01-10 21:00:00,SITE_COM_002,Commercial,0.354,0.236,NORMAL
2025-01-10 22:00:00,SITE_COM_002,Commercial,0.345,0.22999999999999998,NORMAL
2025-01-10 23:00:00,SITE_COM_002,Commercial,0.353,0.2353333333333333,NORMAL
2025-01-11 00:00:00,SITE_COM_002,Commercial,0.268,0.17866666666666667,NORMAL
2025-01-11 01:00:00,SITE_COM_002,Commercial,0.273,0.18200000000000002,NORMAL
2025-01-11 02:00:00,SITE_COM_002,Commercial,0.249,0.166,NORMAL
2025-01-11 03:00:00,SITE_COM_002,Commercial,0.283,0.18866666666666665,NORMAL
2025-01-11 04:00:00,SITE_COM_002,Commercial,0.254,0.16933333333333334,NORMAL
2025-01-11 05:00:00,SITE_COM_002,Commercial,0.272,0.18133333333333335,NORMAL
2025-01-11 06:00:00,SITE_COM_002,Commercial,0.267,0.17800000000000002,NORMAL
2025-01-11 07:00:00,SITE_COM_002,Commercial,0.279,0.18600000000000003,NORMAL
2025-01-11 08:00:00,SITE_COM_002,Commercial,0.686,0.45733333333333337,NORMAL
2025-01-11 09:00:00,SITE_COM_002,Commercial,0.656,0.43733333333333335,NORMAL
2025-01-11 10:00:00,SITE_COM_002,Commercial,0.749,0.49933333333333335,NORMAL
2025-01-11 11:00:00,SITE_COM_002,Commercial,0.616,0.4106666666666667,NORMAL
2025-01-11 12:00:00,SITE_COM_002,Commercial,0.72,0.48,NORMAL
2025-01-11 13:00:00,SITE_COM_002,Commercial,0.63,0.42,NORMAL
2025-01-11 14:00:00,SITE_COM_002,Commercial,0.748,0.49866666666666665,NORMAL
2025-01-11 15:00:00,SITE_COM_002,Commercial,0.682,0.4546666666666667,NORMAL
2025-01-11 16:00:00,SITE_COM_002,Commercial,0.663,0.442,NORMAL
2025-01-11 17:00:00,SITE_COM_002,Commercial,0.701,0.4673333333333333,NORMAL
2025-01-11 18:00:00,SITE_COM_002,Commercial,0.737,0.49133333333333334,NORMAL
2025-01-11 19:00:00,SITE_COM_002,Commercial,0.65,0.43333333333333335,NORMAL
2025-01-11 20:00:00,SITE_COM_002,Commercial,,,
2025-01-11 21:00:00,SITE_COM_002,Commercial,0.264,0.17600000000000002,NORMAL
2025-01-11 22:00:00,SITE_COM_002,Commercial,0.26,0.17333333333333334,NORMAL
2025-01-11 23:00:00,SITE_COM_002,Commercial,0.287,0.19133333333333333,NORMAL
2025-01-12 00:00:00,SITE_COM_002,Commercial,0.244,0.16266666666666665,NORMAL
2025-01-12 01:00:00,SITE_COM_002,Commercial,0.252,0.168,NORMAL
2025-01-12 02:00:00,SITE_COM_002,Commercial,0.238,0.15866666666666665,NORMAL
2025-01-12 03:00:00,SITE_COM_002,Commercial,0.252,0.168,NORMAL
2025-01-12 04:00:00,SITE_COM_002,Commercial,0.249,0.166,NORMAL
2025-01-12 05:00:00,SITE_COM_002,Commercial,0.271,0.18066666666666667,NORMAL
2025-01-12 06:00:00,SITE_COM_002,Commercial,0.25,0.16666666666666666,NORMAL
2025-01-12 07:00:00,SITE_COM_002,Commercial,0.24,0.16,NORMAL
2025-01-12 08:00:00,SITE_COM_002,Commercial,0.725,0.48333333333333334,NORMAL
2025-01-12 09:00:00,SITE_COM_002,Commercial,0.628,0.4186666666666667,NORMAL
2025-01-12 10:00:00,SITE_COM_002,Commercial,0.691,0.4606666666666666,NORMAL
2025-01-12 11:00:00,SITE_COM_002,Commercial,0.708,0.472,NORMAL
2025-01-12 12:00:00,SITE_COM_002,Commercial,0.655,0.4366666666666667,NORMAL
2025-01-12 13:00:00,SITE_COM_002,Commercial,0.689,0.4593333333333333,NORMAL
2025-01-12 14:00:00,SITE_COM_002,Commercial,0.633,0.422,NORMAL
2025-01-12 15:00:00,SITE_COM_002,Commercial,0.712,0.4746666666666666,NORMAL
2025-01-12 16:00:00,SITE_COM_002,Commercial,0.67,0.4466666666666667,NORMAL
2025-01-12 17:00:00,SITE_COM_002,Commercial,0.672,0.448,NORMAL
2025-01-12 18:00:00,SITE_COM_002,Commercial,0.647,0.43133333333333335,NORMAL
2025-01-12 19:00:00,SITE_COM_002,Commercial,0.691,0.4606666666666666,NORMAL
2025-01-12 20:00:00,SITE_COM_002,Commercial,0.257,0.17133333333333334,NORMAL
2025-01-12 21:00:00,SITE_COM_002,Commercial,,,
2025-01-12 22:00:00,SITE_COM_002,Commercial,0.27,0.18000000000000002,NORMAL
2025-01-12 23:00:00,SITE_COM_002,Commercial,0.262,0.17466666666666666,NORMAL
2025-01-13 00:00:00,SITE_COM_002,Commercial,0.388,0.25866666666666666,NORMAL
2025-01-13 01:00:00,SITE_COM_002,Commercial,0.348,0.23199999999999998,NORMAL
2025-01-13 02:00:00,SITE_COM_002,Commercial,0.388,0.25866666666666666,NORMAL
2025-01-13 03:00:00,SITE_COM_002,Commercial,0.412,0.27466666666666667,NORMAL
2025-01-13 04:00:00,SITE_COM_002,Commercial,0.346,0.23066666666666666,NORMAL
2025-01-13 05:00:00,SITE_COM_002,Commercial,0.345,0.22999999999999998,NORMAL
2025-01-13 06:00:00,SITE_COM_002,Commercial,0.371,0.24733333333333332,NORMAL
2025-01-13 07:00:00,SITE_COM_002,Commercial,0.411,0.27399999999999997,NORMAL
2025-01-13 08:00:00,SITE_COM_002,Commercial,1.038,0.6920000000000001,SOUTENU
2025-01-13 09:00:00,SITE_COM_002,Commercial,0.962,0.6413333333333333,SOUTENU
2025-01-13 10:00:00,SITE_COM_002,Commercial,1.006,0.6706666666666666,SOUTENU
2025-01-13 11:00:00,SITE_COM_002,Commercial,0.97,0.6466666666666666,SOUTENU
2025-01-13 12:00:00,SITE_COM_002,Commercial,0.974,0.6493333333333333,SOUTENU
2025-01-13 13:00:00,SITE_COM_002,Commercial,,,
2025-01-13 14:00:00,SITE_COM_002,Commercial,0.967,0.6446666666666666,SOUTENU
2025-01-13 15:00:00,SITE_COM_002,Commercial,1.003,0.6686666666666666,SOUTENU
2025-01-13 16:00:00,SITE_COM_002,Commercial,1.054,0.7026666666666667,SOUTENU
2025-01-13 17:00:00,SITE_COM_002,Commercial,,,
2025-01-13 18:00:00,SITE_COM_002,Commercial,,,
2025-01-13 19:00:00,SITE_COM_002,Commercial,0.89,0.5933333333333334,SOUTENU
2025-01-13 20:00:00,SITE_COM_002,Commercial,0.363,0.242,NORMAL
2025-01-13 21:00:00,SITE_COM_002,Commercial,0.395,0.26333333333333336,NORMAL
2025-01-13 22:00:00,SITE_COM_002,Commercial,0.386,0.25733333333333336,NORMAL
2025-01-13 23:00:00,SITE_COM_002,Commercial,0.381,0.254,NORMAL
2025-01-14 00:00:00,SITE_COM_002,Commercial,0.347,0.2313333333333333,NORMAL
2025-01-14 01:00:00,SITE_COM_002,Commercial,0.384,0.256,NORMAL
2025-01-14 02:00:00,SITE_COM_002,Commercial,,,
2025-01-14 03:00:00,SITE_COM_002,Commercial,0.373,0.24866666666666667,NORMAL
2025-01-14 04:00:00,SITE_COM_002,Commercial,,,
2025-01-14 05:00:00,SITE_COM_002,Commercial,0.404,0.26933333333333337,NORMAL
2025-01-14 06:00:00,SITE_COM_002,Commercial,0.383,0.25533333333333336,NORMAL
2025-01-14 07:00:00,SITE_COM_002,Commercial,0.395,0.26333333333333336,NORMAL
2025-01-14 08:00:00,SITE_COM_002,Commercial,0.94,0.6266666666666666,SOUTENU
2025-01-14 09:00:00,SITE_COM_002,Commercial,0.989,0.6593333333333333,SOUTENU
2025-01-14 10:00:00,SITE_COM_002,Commercial,0.933,0.622,SOUTENU
2025-01-14 11:00:00,SITE_COM_002,Commercial,,,
2025-01-14 12:00:00,SITE_COM_002,Commercial,1.008,0.672,SOUTENU
2025-01-14 13:00:00,SITE_COM_002,Commercial,0.948,0.632,SOUTENU
2025-01-14 14:00:00,SITE_COM_002,Commercial,0.914,0.6093333333333334,SOUTENU
2025-01-14 15:00:00,SITE_COM_002,Commercial,0.974,0.6493333333333333,SOUTENU
2025-01-14 16:00:00,SITE_COM_002,Commercial,0.946,0.6306666666666666,SOUTENU
2025-01-14 17:00:00,SITE_COM_002,Commercial,0.891,0.594,SOUTENU
2025-01-14 18:00:00,SITE_COM_002,Commercial,0.893,0.5953333333333334,SOUTENU
2025-01-14 19:00:00,SITE_COM_002,Commercial,0.922,0.6146666666666667,SOUTENU
2025-01-14 20:00:00,SITE_COM_002,Commercial,0.408,0.27199999999999996,NORMAL
2025-01-14 21:00:00,SITE_COM_002,Commercial,0.343,0.22866666666666668,NORMAL
2025-01-14 22:00:00,SITE_COM_002,Commercial,0.381,0.254,NORMAL
2025-01-14 23:00:00,SITE_COM_002,Commercial,0.367,0.24466666666666667,NORMAL
2025-01-15 00:00:00,SITE_COM_002,Commercial,0.373,0.24866666666666667,NORMAL
2025-01-15 01:00:00,SITE_COM_002,Commercial,0.363,0.242,NORMAL
2025-01-15 02:00:00,SITE_COM_002,Commercial,0.348,0.23199999999999998,NORMAL
2025-01-15 03:00:00,SITE_COM_002,Commercial,0.387,0.258,NORMAL
2025-01-15 04:00:00,SITE_COM_002,Commercial,0.409,0.27266666666666667,NORMAL
2025-01-15 05:00:00,SITE_COM_002,Commercial,0.34,0.22666666666666668,NORMAL
2025-01-15 06:00:00,SITE_COM_002,Commercial,0.383,0.25533333333333336,NORMAL
2025-01-15 07:00:00,SITE_COM_002,Commercial,0.358,0.23866666666666667,NORMAL
2025-01-15 08:00:00,SITE_COM_002,Commercial,1.004,0.6693333333333333,SOUTENU
2025-01-15 09:00:00,SITE_COM_002,Commercial,1.067,0.7113333333333333,SOUTENU
2025-01-15 10:00:00,SITE_COM_002,Commercial,1.036,0.6906666666666667,SOUTENU
2025-01-15 11:00:00,SITE_COM_002,Commercial,1.021,0.6806666666666666,SOUTENU
2025-01-15 12:00:00,SITE_COM_002,Commercial,,,
2025-01-15 13:00:00,SITE_COM_002,Commercial,,,
2025-01-15 14:00:00,SITE_COM_002,Commercial,0.915,0.61,SOUTENU
2025-01-15 15:00:00,SITE_COM_002,Commercial,0.992,0.6613333333333333,SOUTENU
2025-01-15 16:00:00,SITE_COM_002,Commercial,1.032,0.6880000000000001,SOUTENU
2025-01-15 17:00:00,SITE_COM_002,Commercial,1.018,0.6786666666666666,SOUTENU
2025-01-15 18:00:00,SITE_COM_002,Commercial,0.913,0.6086666666666667,SOUTENU
2025-01-15 19:00:00,SITE_COM_002,Commercial,0.925,0.6166666666666667,SOUTENU
2025-01-15 20:00:00,SITE_COM_002,Commercial,0.347,0.2313333333333333,NORMAL
2025-01-15 21:00:00,SITE_COM_002,Commercial,0.375,0.25,NORMAL
2025-01-15 22:00:00,SITE_COM_002,Commercial,0.354,0.236,NORMAL
2025-01-15 23:00:00,SITE_COM_002,Commercial,0.359,0.23933333333333331,NORMAL
2025-01-16 00:00:00,SITE_COM_002,Commercial,0.39,0.26,NORMAL
2025-01-16 01:00:00,SITE_COM_002,Commercial,0.39,0.26,NORMAL
2025-01-16 02:00:00,SITE_COM_002,Commercial,0.348,0.23199999999999998,NORMAL
2025-01-16 03:00:00,SITE_COM_002,Commercial,0.353,0.2353333333333333,NORMAL
2025-01-16 04:00:00,SITE_COM_002,Commercial,0.411,0.27399999999999997,NORMAL
2025-01-16 05:00:00,SITE_COM_002,Commercial,0.346,0.23066666666666666,NORMAL
2025-01-16 06:00:00,SITE_COM_002,Commercial,0.366,0.244,NORMAL
2025-01-16 07:00:00,SITE_COM_002,Commercial,0.383,0.25533333333333336,NORMAL
2025-01-16 08:00:00,SITE_COM_002,Commercial,0.886,0.5906666666666667,SOUTENU
2025-01-16 09:00:00,SITE_COM_002,Commercial,0.888,0.592,SOUTENU
2025-01-16 10:00:00,SITE_COM_002,Commercial,,,
2025-01-16 11:00:00,SITE_COM_002,Commercial,1.054,0.7026666666666667,SOUTENU
2025-01-16 12:00:00,SITE_COM_002,Commercial,,,
2025-01-16 13:00:00,SITE_COM_002,Commercial,1.02,0.68,SOUTENU
2025-01-16 14:00:00,SITE_COM_002,Commercial,0.953,0.6353333333333333,SOUTENU
2025-01-16 15:00:00,SITE_COM_002,Commercial,1.06,0.7066666666666667,SOUTENU
2025-01-16 16:00:00,SITE_COM_002,Commercial,0.979,0.6526666666666666,SOUTENU
2025-01-16 17:00:00,SITE_COM_002,Commercial,1.058,0.7053333333333334,SOUTENU
2025-01-16 18:00:00,SITE_COM_002,Commercial,1.063,0.7086666666666667,SOUTENU
2025-01-16 19:00:00,SITE_COM_002,Commercial,0.943,0.6286666666666666,SOUTENU
2025-01-16 20:00:00,SITE_COM_002,Commercial,0.387,0.258,NORMAL
2025-01-16 21:00:00,SITE_COM_002,Commercial,0.347,0.2313333333333333,NORMAL
2025-01-16 22:00:00,SITE_COM_002,Commercial,0.351,0.23399999999999999,NORMAL
2025-01-16 23:00:00,SITE_COM_002,Commercial,0.41,0.2733333333333333,NORMAL
2025-01-17 00:00:00,SITE_COM_002,Commercial,0.342,0.228,NORMAL
2025-01-17 01:00:00,SITE_COM_002,Commercial,0.361,0.24066666666666667,NORMAL
2025-01-17 02:00:00,SITE_COM_002,Commercial,0.358,0.23866666666666667,NORMAL
2025-01-17 03:00:00,SITE_COM_002,Commercial,0.349,0.23266666666666666,NORMAL
2025-01-17 04:00:00,SITE_COM_002,Commercial,,,
2025-01-17 05:00:00,SITE_COM_002,Commercial,0.341,0.22733333333333336,NORMAL
2025-01-17 06:00:00,SITE_COM_002,Commercial,0.357,0.238,NORMAL
2025-01-17 07:00:00,SITE_COM_002,Commercial,0.364,0.24266666666666667,NORMAL
2025-01-17 08:00:00,SITE_COM_002,Commercial,0.893,0.5953333333333334,SOUTENU
2025-01-17 09:00:00,SITE_COM_002,Commercial,0.941,0.6273333333333333,SOUTENU
2025-01-17 10:00:00,SITE_COM_002,Commercial,1.003,0.6686666666666666,SOUTENU
2025-01-17 11:00:00,SITE_COM_002,Commercial,1.031,0.6873333333333332,SOUTENU
2025-01-17 12:00:00,SITE_COM_002,Commercial,0.969,0.646,SOUTENU
2025-01-17 13:00:00,SITE_COM_002,Commercial,0.886,0.5906666666666667,SOUTENU
2025-01-17 14:00:00,SITE_COM_002,Commercial,0.996,0.664,SOUTENU
2025-01-17 15:00:00,SITE_COM_002,Commercial,0.977,0.6513333333333333,SOUTENU
2025-01-17 16:00:00,SITE_COM_002,Commercial,1.039,0.6926666666666667,SOUTENU
2025-01-17 17:00:00,SITE_COM_002,Commercial,1.072,0.7146666666666667,SOUTENU
2025-01-17 18:00:00,SITE_COM_002,Commercial,0.921,0.614,SOUTENU
2025-01-17 19:00:00,SITE_COM_002,Commercial,0.959,0.6393333333333333,SOUTENU
2025-01-17 20:00:00,SITE_COM_002,Commercial,0.341,0.22733333333333336,NORMAL
2025-01-17 21:00:00,SITE_COM_002,Commercial,0.358,0.23866666666666667,NORMAL
2025-01-17 22:00:00,SITE_COM_002,Commercial,0.356,0.2373333333333333,NORMAL
2025-01-17 23:00:00,SITE_COM_002,Commercial,0.394,0.26266666666666666,NORMAL
2025-01-18 00:00:00,SITE_COM_002,Commercial,0.282,0.18799999999999997,NORMAL
2025-01-18 01:00:00,SITE_COM_002,Commercial,0.284,0.18933333333333333,NORMAL
2025-01-18 02:00:00,SITE_COM_002,Commercial,0.258,0.17200000000000001,NORMAL
2025-01-18 03:00:00,SITE_COM_002,Commercial,0.264,0.17600000000000002,NORMAL
2025-01-18 04:00:00,SITE_COM_002,Commercial,0.244,0.16266666666666665,NORMAL
2025-01-18 05:00:00,SITE_COM_002,Commercial,0.241,0.16066666666666665,NORMAL
2025-01-18 06:00:00,SITE_COM_002,Commercial,0.269,0.17933333333333334,NORMAL
2025-01-18 07:00:00,SITE_COM_002,Commercial,0.237,0.158,NORMAL
2025-01-18 08:00:00,SITE_COM_002,Commercial,0.741,0.494,NORMAL
2025-01-18 09:00:00,SITE_COM_002,Commercial,0.673,0.4486666666666667,NORMAL
2025-01-18 10:00:00,SITE_COM_002,Commercial,0.733,0.48866666666666664,NORMAL
2025-01-18 11:00:00,SITE_COM_002,Commercial,0.669,0.446,NORMAL
2025-01-18 12:00:00,SITE_COM_002,Commercial,0.737,0.49133333333333334,NORMAL
2025-01-18 13:00:00,SITE_COM_002,Commercial,0.75,0.5,NORMAL
2025-01-18 14:00:00,SITE_COM_002,Commercial,0.676,0.4506666666666667,NORMAL
2025-01-18 15:00:00,SITE_COM_002,Commercial,0.654,0.436,NORMAL
2025-01-18 16:00:00,SITE_COM_002,Commercial,0.719,0.47933333333333333,NORMAL
2025-01-18 17:00:00,SITE_COM_002,Commercial,0.736,0.49066666666666664,NORMAL
2025-01-18 18:00:00,SITE_COM_002,Commercial,0.666,0.444,NORMAL
2025-01-18 19:00:00,SITE_COM_002,Commercial,0.743,0.49533333333333335,NORMAL
2025-01-18 20:00:00,SITE_COM_002,Commercial,0.266,0.17733333333333334,NORMAL
2025-01-18 21:00:00,SITE_COM_002,Commercial,0.259,0.17266666666666666,NORMAL
2025-01-18 22:00:00,SITE_COM_002,Commercial,0.244,0.16266666666666665,NORMAL
2025-01-18 23:00:00,SITE_COM_002,Commercial,0.247,0.16466666666666666,NORMAL
2025-01-19 00:00:00,SITE_COM_002,Commercial,0.241,0.16066666666666665,NORMAL
2025-01-19 01:00:00,SITE_COM_002,Commercial,0.259,0.17266666666666666,NORMAL
2025-01-19 02:00:00,SITE_COM_002,Commercial,,,
2025-01-19 03:00:00,SITE_COM_002,Commercial,0.244,0.16266666666666665,NORMAL
2025-01-19 04:00:00,SITE_COM_002,Commercial,0.238,0.15866666666666665,NORMAL
2025-01-19 05:00:00,SITE_COM_002,Commercial,0.278,0.18533333333333335,NORMAL
2025-01-19 06:00:00,SITE_COM_002,Commercial,0.247,0.16466666666666666,NORMAL
2025-01-19 07:00:00,SITE_COM_002,Commercial,0.264,0.17600000000000002,NORMAL
2025-01-19 08:00:00,SITE_COM_002,Commercial,0.711,0.474,NORMAL
2025-01-19 09:00:00,SITE_COM_002,Commercial,0.65,0.43333333333333335,NORMAL
2025-01-19 10:00:00,SITE_COM_002,Commercial,0.63,0.42,NORMAL
2025-01-19 11:00:00,SITE_COM_002,Commercial,0.714,0.476,NORMAL
2025-01-19 12:00:00,SITE_COM_002,Commercial,0.7,0.4666666666666666,NORMAL
2025-01-19 13:00:00,SITE_COM_002,Commercial,0.657,0.438,NORMAL
2025-01-19 14:00:00,SITE_COM_002,Commercial,0.723,0.482,NORMAL
2025-01-19 15:00:00,SITE_COM_002,Commercial,,,
2025-01-19 16:00:00,SITE_COM_002,Commercial,0.633,0.422,NORMAL
2025-01-19 17:00:00,SITE_COM_002,Commercial,0.65,0.43333333333333335,NORMAL
2025-01-19 18:00:00,SITE_COM_002,Commercial,0.653,0.43533333333333335,NORMAL
2025-01-19 19:00:00,SITE_COM_002,Commercial,0.731,0.48733333333333334,NORMAL
2025-01-19 20:00:00,SITE_COM_002,Commercial,0.266,0.17733333333333334,NORMAL
2025-01-19 21:00:00,SITE_COM_002,Commercial,0.25,0.16666666666666666,NORMAL
2025-01-19 22:00:00,SITE_COM_002,Commercial,0.262,0.17466666666666666,NORMAL
2025-01-19 23:00:00,SITE_COM_002,Commercial,0.248,0.16533333333333333,NORMAL
2025-01-20 00:00:00,SITE_COM_002,Commercial,0.367,0.24466666666666667,NORMAL
2025-01-20 01:00:00,SITE_COM_002,Commercial,0.346,0.23066666666666666,NORMAL
2025-01-20 02:00:00,SITE_COM_002,Commercial,0.41,0.2733333333333333,NORMAL
2025-01-20 03:00:00,SITE_COM_002,Commercial,,,
2025-01-20 04:00:00,SITE_COM_002,Commercial,0.39,0.26,NORMAL
2025-01-20 05:00:00,SITE_COM_002,Commercial,0.374,0.24933333333333332,NORMAL
2025-01-20 06:00:00,SITE_COM_002,Commercial,0.376,0.25066666666666665,NORMAL
2025-01-20 07:00:00,SITE_COM_002,Commercial,0.395,0.26333333333333336,NORMAL
2025-01-20 08:00:00,SITE_COM_002,Commercial,0.964,0.6426666666666666,SOUTENU
2025-01-20 09:00:00,SITE_COM_002,Commercial,1.019,0.6793333333333332,SOUTENU
2025-01-20 10:00:00,SITE_COM_002,Commercial,,,
2025-01-20 11:00:00,SITE_COM_002,Commercial,0.999,0.666,SOUTENU
2025-01-20 12:00:00,SITE_COM_002,Commercial,0.995,0.6633333333333333,SOUTENU
2025-01-20 13:00:00,SITE_COM_002,Commercial,0.895,0.5966666666666667,SOUTENU
2025-01-20 14:00:00,SITE_COM_002,Commercial,0.985,0.6566666666666666,SOUTENU
2025-01-20 15:00:00,SITE_COM_002,Commercial,0.916,0.6106666666666667,SOUTENU
2025-01-20 16:00:00,SITE_COM_002,Commercial,0.922,0.6146666666666667,SOUTENU
2025-01-20 17:00:00,SITE_COM_002,Commercial,0.92,0.6133333333333334,SOUTENU
2025-01-20 18:00:00,SITE_COM_002,Commercial,0.881,0.5873333333333334,SOUTENU
2025-01-20 19:00:00,SITE_COM_002,Commercial,0.972,0.648,SOUTENU
2025-01-20 20:00:00,SITE_COM_002,Commercial,0.395,0.26333333333333336,NORMAL
2025-01-20 21:00:00,SITE_COM_002,Commercial,0.396,0.264,NORMAL
2025-01-20 22:00:00,SITE_COM_002,Commercial,0.358,0.23866666666666667,NORMAL
2025-01-20 23:00:00,SITE_COM_002,Commercial,0.395,0.26333333333333336,NORMAL
2025-01-21 00:00:00,SITE_COM_002,Commercial,0.383,0.25533333333333336,NORMAL
2025-01-21 01:00:00,SITE_COM_002,Commercial,0.352,0.23466666666666666,NORMAL
2025-01-21 02:00:00,SITE_COM_002,Commercial,0.376,0.25066666666666665,NORMAL
2025-01-21 03:00:00,SITE_COM_002,Commercial,0.357,0.238,NORMAL
2025-01-21 04:00:00,SITE_COM_002,Commercial,0.344,0.2293333333333333,NORMAL
2025-01-21 05:00:00,SITE_COM_002,Commercial,0.406,0.27066666666666667,NORMAL
2025-01-21 06:00:00,SITE_COM_002,Commercial,,,
2025-01-21 07:00:00,SITE_COM_002,Commercial,0.346,0.23066666666666666,NORMAL
2025-01-21 08:00:00,SITE_COM_002,Commercial,0.923,0.6153333333333334,SOUTENU
2025-01-21 09:00:00,SITE_COM_002,Commercial,0.942,0.628,SOUTENU
2025-01-21 10:00:00,SITE_COM_002,Commercial,0.911,0.6073333333333334,SOUTENU
2025-01-21 11:00:00,SITE_COM_002,Commercial,0.905,0.6033333333333334,SOUTENU
2025-01-21 12:00:00,SITE_COM_002,Commercial,0.988,0.6586666666666666,SOUTENU
2025-01-21 13:00:00,SITE_COM_002,Commercial,,,
2025-01-21 14:00:00,SITE_COM_002,Commercial,0.988,0.6586666666666666,SOUTENU
2025-01-21 15:00:00,SITE_COM_002,Commercial,1.025,0.6833333333333332,SOUTENU
2025-01-21 16:00:00,SITE_COM_002,Commercial,2.065,1.3766666666666667,DÉPASSEMENT
2025-01-21 17:00:00,SITE_COM_002,Commercial,1.045,0.6966666666666667,SOUTENU
2025-01-21 18:00:00,SITE_COM_002,Commercial,1.014,0.676,SOUTENU
2025-01-21 19:00:00,SITE_COM_002,Commercial,1.023,0.6819999999999999,SOUTENU
2025-01-21 20:00:00,SITE_COM_002,Commercial,0.34,0.22666666666666668,NORMAL
2025-01-21 21:00:00,SITE_COM_002,Commercial,0.374,0.24933333333333332,NORMAL
2025-01-21 22:00:00,SITE_COM_002,Commercial,0.36,0.24,NORMAL
2025-01-21 23:00:00,SITE_COM_002,Commercial,0.388,0.25866666666666666,NORMAL
2025-01-22 00:00:00,SITE_COM_002,Commercial,0.386,0.25733333333333336,NORMAL
2025-01-22 01:00:00,SITE_COM_002,Commercial,0.384,0.256,NORMAL
2025-01-22 02:00:00,SITE_COM_002,Commercial,,,
2025-01-22 03:00:00,SITE_COM_002,Commercial,0.401,0.26733333333333337,NORMAL
2025-01-22 04:00:00,SITE_COM_002,Commercial,0.338,0.22533333333333336,NORMAL
2025-01-22 05:00:00,SITE_COM_002,Commercial,0.411,0.27399999999999997,NORMAL
2025-01-22 06:00:00,SITE_COM_002,Commercial,0.378,0.252,NORMAL
2025-01-22 07:00:00,SITE_COM_002,Commercial,0.349,0.23266666666666666,NORMAL
2025-01-22 08:00:00,SITE_COM_002,Commercial,1.0,0.6666666666666666,SOUTENU
2025-01-22 09:00:00,SITE_COM_002,Commercial,1.047,0.698,SOUTENU
2025-01-22 10:00:00,SITE_COM_002,Commercial,0.956,0.6373333333333333,SOUTENU
2025-01-22 11:00:00,SITE_COM_002,Commercial,0.893,0.5953333333333334,SOUTENU
2025-01-22 12:00:00,SITE_COM_002,Commercial,0.929,0.6193333333333334,SOUTENU
2025-01-22 13:00:00,SITE_COM_002,Commercial,1.027,0.6846666666666666,SOUTENU
2025-01-22 14:00:00,SITE_COM_002,Commercial,0.932,0.6213333333333334,SOUTENU
2025-01-22 15:00:00,SITE_COM_002,Commercial,0.97,0.6466666666666666,SOUTENU
2025-01-22 16:00:00,SITE_COM_002,Commercial,0.895,0.5966666666666667,SOUTENU
2025-01-22 17:00:00,SITE_COM_002,Commercial,1.048,0.6986666666666667,SOUTENU
2025-01-22 18:00:00,SITE_COM_002,Commercial,0.977,0.6513333333333333,SOUTENU
2025-01-22 19:00:00,SITE_COM_002,Commercial,0.975,0.65,SOUTENU
2025-01-22 20:00:00,SITE_COM_002,Commercial,0.366,0.244,NORMAL
2025-01-22 21:00:00,SITE_COM_002,Commercial,0.377,0.25133333333333335,NORMAL
2025-01-22 22:00:00,SITE_COM_002,Commercial,0.408,0.27199999999999996,NORMAL
2025-01-22 23:00:00,SITE_COM_002,Commercial,0.38,0.25333333333333335,NORMAL
2025-01-23 00:00:00,SITE_COM_002,Commercial,0.379,0.25266666666666665,NORMAL
2025-01-23 01:00:00,SITE_COM_002,Commercial,0.365,0.24333333333333332,NORMAL
2025-01-23 02:00:00,SITE_COM_002,Commercial,0.354,0.236,NORMAL
2025-01-23 03:00:00,SITE_COM_002,Commercial,0.366,0.244,NORMAL
2025-01-23 04:00:00,SITE_COM_002,Commercial,0.371,0.24733333333333332,NORMAL
2025-01-23 05:00:00,SITE_COM_002,Commercial,0.345,0.22999999999999998,NORMAL
2025-01-23 06:00:00,SITE_COM_002,Commercial,0.383,0.25533333333333336,NORMAL
2025-01-23 07:00:00,SITE_COM_002,Commercial,0.341,0.22733333333333336,NORMAL
2025-01-23 08:00:00,SITE_COM_002,Commercial,1.067,0.7113333333333333,SOUTENU
2025-01-23 09:00:00,SITE_COM_002,Commercial,1.072,0.7146666666666667,SOUTENU
2025-01-23 10:00:00,SITE_COM_002,Commercial,1.048,0.6986666666666667,SOUTENU
2025-01-23 11:00:00,SITE_COM_002,Commercial,0.883,0.5886666666666667,SOUTENU
2025-01-23 12:00:00,SITE_COM_002,Commercial,1.047,0.698,SOUTENU
2025-01-23 13:00:00,SITE_COM_002,Commercial,0.888,0.592,SOUTENU
2025-01-23 14:00:00,SITE_COM_002,Commercial,0.984,0.656,SOUTENU
2025-01-23 15:00:00,SITE_COM_002,Commercial,0.881,0.5873333333333334,SOUTENU
2025-01-23 16:00:00,SITE_COM_002,Commercial,1.016,0.6773333333333333,SOUTENU
2025-01-23 17:00:00,SITE_COM_002,Commercial,0.978,0.652,SOUTENU
2025-01-23 18:00:00,SITE_COM_002,Commercial,1.008,0.672,SOUTENU
2025-01-23 19:00:00,SITE_COM_002,Commercial,1.02,0.68,SOUTENU
2025-01-23 20:00:00,SITE_COM_002,Commercial,0.352,0.23466666666666666,NORMAL
2025-01-23 21:00:00,SITE_COM_002,Commercial,0.4,0.26666666666666666,NORMAL
2025-01-23 22:00:00,SITE_COM_002,Commercial,,,
2025-01-23 23:00:00,SITE_COM_002,Commercial,0.372,0.248,NORMAL
2025-01-24 00:00:00,SITE_COM_002,Commercial,0.351,0.23399999999999999,NORMAL
2025-01-24 01:00:00,SITE_COM_002,Commercial,0.397,0.26466666666666666,NORMAL
2025-01-24 02:00:00,SITE_COM_002,Commercial,0.392,0.26133333333333336,NORMAL
2025-01-24 03:00:00,SITE_COM_002,Commercial,0.405,0.27,NORMAL
2025-01-24 04:00:00,SITE_COM_002,Commercial,0.342,0.228,NORMAL
2025-01-24 05:00:00,SITE_COM_002,Commercial,0.361,0.24066666666666667,NORMAL
2025-01-24 06:00:00,SITE_COM_002,Commercial,0.351,0.23399999999999999,NORMAL
2025-01-24 07:00:00,SITE_COM_002,Commercial,0.374,0.24933333333333332,NORMAL
2025-01-24 08:00:00,SITE_COM_002,Commercial,,,
2025-01-24 09:00:00,SITE_COM_002,Commercial,1.04,0.6933333333333334,SOUTENU
2025-01-24 10:00:00,SITE_COM_002,Commercial,1.014,0.676,SOUTENU
2025-01-24 11:00:00,SITE_COM_002,Commercial,0.918,0.612,SOUTENU
2025-01-24 12:00:00,SITE_COM_002,Commercial,1.032,0.6880000000000001,SOUTENU
2025-01-24 13:00:00,SITE_COM_002,Commercial,0.969,0.646,SOUTENU
2025-01-24 14:00:00,SITE_COM_002,Commercial,0.914,0.6093333333333334,SOUTENU
2025-01-24 15:00:00,SITE_COM_002,Commercial,0.951,0.634,SOUTENU
2025-01-24 16:00:00,SITE_COM_002,Commercial,1.0,0.6666666666666666,SOUTENU
2025-01-24 17:00:00,SITE_COM_002,Commercial,0.943,0.6286666666666666,SOUTENU
2025-01-24 18:00:00,SITE_COM_002,Commercial,0.937,0.6246666666666667,SOUTENU
2025-01-24 19:00:00,SITE_COM_002,Commercial,1.035,0.69,SOUTENU
2025-01-24 20:00:00,SITE_COM_002,Commercial,0.367,0.24466666666666667,NORMAL
2025-01-24 21:00:00,SITE_COM_002,Commercial,0.363,0.242,NORMAL
2025-01-24 22:00:00,SITE_COM_002,Commercial,0.403,0.26866666666666666,NORMAL
2025-01-24 23:00:00,SITE_COM_002,Commercial,0.369,0.246,NORMAL
2025-01-25 00:00:00,SITE_COM_002,Commercial,0.238,0.15866666666666665,NORMAL
2025-01-25 01:00:00,SITE_COM_002,Commercial,0.287,0.19133333333333333,NORMAL
2025-01-25 02:00:00,SITE_COM_002,Commercial,0.276,0.18400000000000002,NORMAL
2025-01-25 03:00:00,SITE_COM_002,Commercial,0.287,0.19133333333333333,NORMAL
2025-01-25 04:00:00,SITE_COM_002,Commercial,0.26,0.17333333333333334,NORMAL
2025-01-25 05:00:00,SITE_COM_002,Commercial,0.283,0.18866666666666665,NORMAL
2025-01-25 06:00:00,SITE_COM_002,Commercial,0.247,0.16466666666666666,NORMAL
2025-01-25 07:00:00,SITE_COM_002,Commercial,0.281,0.18733333333333335,NORMAL
2025-01-25 08:00:00,SITE_COM_002,Commercial,0.679,0.4526666666666667,NORMAL
2025-01-25 09:00:00,SITE_COM_002,Commercial,0.705,0.47,NORMAL
2025-01-25 10:00:00,SITE_COM_002,Commercial,0.627,0.418,NORMAL
2025-01-25 11:00:00,SITE_COM_002,Commercial,0.72,0.48,NORMAL
2025-01-25 12:00:00,SITE_COM_002,Commercial,,,
2025-01-25 13:00:00,SITE_COM_002,Commercial,0.715,0.4766666666666666,NORMAL
2025-01-25 14:00:00,SITE_COM_002,Commercial,0.719,0.47933333333333333,NORMAL
2025-01-25 15:00:00,SITE_COM_002,Commercial,0.698,0.4653333333333333,NORMAL
2025-01-25 16:00:00,SITE_COM_002,Commercial,0.633,0.422,NORMAL
2025-01-25 17:00:00,SITE_COM_002,Commercial,0.661,0.4406666666666667,NORMAL
2025-01-25 18:00:00,SITE_COM_002,Commercial,0.667,0.4446666666666667,NORMAL
2025-01-25 19:00:00,SITE_COM_002,Commercial,0.672,0.448,NORMAL
2025-01-25 20:00:00,SITE_COM_002,Commercial,0.261,0.17400000000000002,NORMAL
2025-01-25 21:00:00,SITE_COM_002,Commercial,0.282,0.18799999999999997,NORMAL
2025-01-25 22:00:00,SITE_COM_002,Commercial,0.266,0.17733333333333334,NORMAL
2025-01-25 23:00:00,SITE_COM_002,Commercial,0.287,0.19133333333333333,NORMAL
2025-01-26 00:00:00,SITE_COM_002,Commercial,0.25,0.16666666666666666,NORMAL
2025-01-26 01:00:00,SITE_COM_002,Commercial,0.26,0.17333333333333334,NORMAL
2025-01-26 02:00:00,SITE_COM_002,Commercial,0.264,0.17600000000000002,NORMAL
2025-01-26 03:00:00,SITE_COM_002,Commercial,0.264,0.17600000000000002,NORMAL
2025-01-26 04:00:00,SITE_COM_002,Commercial,0.254,0.16933333333333334,NORMAL
2025-01-26 05:00:00,SITE_COM_002,Commercial,0.279,0.18600000000000003,NORMAL
2025-01-26 06:00:00,SITE_COM_002,Commercial,0.251,0.16733333333333333,NORMAL
2025-01-26 07:00:00,SITE_COM_002,Commercial,0.283,0.18866666666666665,NORMAL
2025-01-26 08:00:00,SITE_COM_002,Commercial,0.655,0.4366666666666667,NORMAL
2025-01-26 09:00:00,SITE_COM_002,Commercial,0.663,0.442,NORMAL
2025-01-26 10:00:00,SITE_COM_002,Commercial,0.696,0.46399999999999997,NORMAL
2025-01-26 11:00:00,SITE_COM_002,Commercial,0.648,0.432,NORMAL
2025-01-26 12:00:00,SITE_COM_002,Commercial,0.701,0.4673333333333333,NORMAL
2025-01-26 13:00:00,SITE_COM_002,Commercial,0.708,0.472,NORMAL
2025-01-26 14:00:00,SITE_COM_002,Commercial,0.714,0.476,NORMAL
2025-01-26 15:00:00,SITE_COM_002,Commercial,,,
2025-01-26 16:00:00,SITE_COM_002,Commercial,0.735,0.49,NORMAL
2025-01-26 17:00:00,SITE_COM_002,Commercial,0.741,0.494,NORMAL
2025-01-26 18:00:00,SITE_COM_002,Commercial,0.744,0.496,NORMAL
2025-01-26 19:00:00,SITE_COM_002,Commercial,0.728,0.48533333333333334,NORMAL
2025-01-26 20:00:00,SITE_COM_002,Commercial,0.25,0.16666666666666666,NORMAL
2025-01-26 21:00:00,SITE_COM_002,Commercial,0.249,0.166,NORMAL
2025-01-26 22:00:00,SITE_COM_002,Commercial,0.276,0.18400000000000002,NORMAL
2025-01-26 23:00:00,SITE_COM_002,Commercial,0.251,0.16733333333333333,NORMAL
2025-01-27 00:00:00,SITE_COM_002,Commercial,0.388,0.25866666666666666,NORMAL
2025-01-27 01:00:00,SITE_COM_002,Commercial,0.369,0.246,NORMAL
2025-01-27 02:00:00,SITE_COM_002,Commercial,0.411,0.27399999999999997,NORMAL
2025-01-27 03:00:00,SITE_COM_002,Commercial,0.362,0.24133333333333332,NORMAL
2025-01-27 04:00:00,SITE_COM_002,Commercial,0.4,0.26666666666666666,NORMAL
2025-01-27 05:00:00,SITE_COM_002,Commercial,0.367,0.24466666666666667,NORMAL
2025-01-27 06:00:00,SITE_COM_002,Commercial,0.363,0.242,NORMAL
2025-01-27 07:00:00,SITE_COM_002,Commercial,0.353,0.2353333333333333,NORMAL
2025-01-27 08:00:00,SITE_COM_002,Commercial,0.884,0.5893333333333334,SOUTENU
2025-01-27 09:00:00,SITE_COM_002,Commercial,0.987,0.658,SOUTENU
2025-01-27 10:00:00,SITE_COM_002,Commercial,0.949,0.6326666666666666,SOUTENU
2025-01-27 11:00:00,SITE_COM_002,Commercial,0.883,0.5886666666666667,SOUTENU
2025-01-27 12:00:00,SITE_COM_002,Commercial,0.962,0.6413333333333333,SOUTENU
2025-01-27 13:00:00,SITE_COM_002,Commercial,,,
2025-01-27 14:00:00,SITE_COM_002,Commercial,0.903,0.602,SOUTENU
2025-01-27 15:00:00,SITE_COM_002,Commercial,,,
2025-01-27 16:00:00,SITE_COM_002,Commercial,0.909,0.606,SOUTENU
2025-01-27 17:00:00,SITE_COM_002,Commercial,0.957,0.638,SOUTENU
2025-01-27 18:00:00,SITE_COM_002,Commercial,0.94,0.6266666666666666,SOUTENU
2025-01-27 19:00:00,SITE_COM_002,Commercial,1.065,0.71,SOUTENU
2025-01-27 20:00:00,SITE_COM_002,Commercial,0.367,0.24466666666666667,NORMAL
2025-01-27 21:00:00,SITE_COM_002,Commercial,0.399,0.266,NORMAL
2025-01-27 22:00:00,SITE_COM_002,Commercial,0.359,0.23933333333333331,NORMAL
2025-01-27 23:00:00,SITE_COM_002,Commercial,0.35,0.2333333333333333,NORMAL
2025-01-28 00:00:00,SITE_COM_002,Commercial,0.411,0.27399999999999997,NORMAL
2025-01-28 01:00:00,SITE_COM_002,Commercial,0.348,0.23199999999999998,NORMAL
2025-01-28 02:00:00,SITE_COM_002,Commercial,0.392,0.26133333333333336,NORMAL
2025-01-28 03:00:00,SITE_COM_002,Commercial,,,
2025-01-28 04:00:00,SITE_COM_002,Commercial,0.393,0.262,NORMAL
2025-01-28 05:00:00,SITE_COM_002,Commercial,0.402,0.268,NORMAL
2025-01-28 06:00:00,SITE_COM_002,Commercial,,,
2025-01-28 07:00:00,SITE_COM_002,Commercial,0.362,0.24133333333333332,NORMAL
2025-01-28 08:00:00,SITE_COM_002,Commercial,,,
2025-01-28 09:00:00,SITE_COM_002,Commercial,,,
2025-01-28 10:00:00,SITE_COM_002,Commercial,0.995,0.6633333333333333,SOUTENU
2025-01-28 11:00:00,SITE_COM_002,Commercial,0.968,0.6453333333333333,SOUTENU
2025-01-28 12:00:00,SITE_COM_002,Commercial,1.009,0.6726666666666666,SOUTENU
2025-01-28 13:00:00,SITE_COM_002,Commercial,0.891,0.594,SOUTENU
2025-01-28 14:00:00,SITE_COM_002,Commercial,0.901,0.6006666666666667,SOUTENU
2025-01-28 15:00:00,SITE_COM_002,Commercial,0.882,0.588,SOUTENU
2025-01-28 16:00:00,SITE_COM_002,Commercial,0.955,0.6366666666666666,SOUTENU
2025-01-28 17:00:00,SITE_COM_002,Commercial,1.017,0.6779999999999999,SOUTENU
2025-01-28 18:00:00,SITE_COM_002,Commercial,0.902,0.6013333333333334,SOUTENU
2025-01-28 19:00:00,SITE_COM_002,Commercial,1.024,0.6826666666666666,SOUTENU
2025-01-28 20:00:00,SITE_COM_002,Commercial,0.363,0.242,NORMAL
2025-01-28 21:00:00,SITE_COM_002,Commercial,0.345,0.22999999999999998,NORMAL
2025-01-28 22:00:00,SITE_COM_002,Commercial,0.374,0.24933333333333332,NORMAL
2025-01-28 23:00:00,SITE_COM_002,Commercial,0.371,0.24733333333333332,NORMAL
2025-01-29 00:00:00,SITE_COM_002,Commercial,0.382,0.25466666666666665,NORMAL
2025-01-29 01:00:00,SITE_COM_002,Commercial,,,
2025-01-29 02:00:00,SITE_COM_002,Commercial,0.408,0.27199999999999996,NORMAL
2025-01-29 03:00:00,SITE_COM_002,Commercial,0.37,0.24666666666666667,NORMAL
2025-01-29 04:00:00,SITE_COM_002,Commercial,0.348,0.23199999999999998,NORMAL
2025-01-29 05:00:00,SITE_COM_002,Commercial,0.34,0.22666666666666668,NORMAL
2025-01-29 06:00:00,SITE_COM_002,Commercial,0.357,0.238,NORMAL
2025-01-29 07:00:00,SITE_COM_002,Commercial,0.368,0.24533333333333332,NORMAL
2025-01-29 08:00:00,SITE_COM_002,Commercial,0.908,0.6053333333333334,SOUTENU
2025-01-29 09:00:00,SITE_COM_002,Commercial,1.046,0.6973333333333334,SOUTENU
2025-01-29 10:00:00,SITE_COM_002,Commercial,0.912,0.608,SOUTENU
2025-01-29 11:00:00,SITE_COM_002,Commercial,0.944,0.6293333333333333,SOUTENU
2025-01-29 12:00:00,SITE_COM_002,Commercial,1.029,0.6859999999999999,SOUTENU
2025-01-29 13:00:00,SITE_COM_002,Commercial,0.967,0.6446666666666666,SOUTENU
2025-01-29 14:00:00,SITE_COM_002,Commercial,1.042,0.6946666666666667,SOUTENU
2025-01-29 15:00:00,SITE_COM_002,Commercial,0.917,0.6113333333333334,SOUTENU
2025-01-29 16:00:00,SITE_COM_002,Commercial,0.942,0.628,SOUTENU
2025-01-29 17:00:00,SITE_COM_002,Commercial,1.022,0.6813333333333333,SOUTENU
2025-01-29 18:00:00,SITE_COM_002,Commercial,0.988,0.6586666666666666,SOUTENU
2025-01-29 19:00:00,SITE_COM_002,Commercial,1.012,0.6746666666666666,SOUTENU
2025-01-29 20:00:00,SITE_COM_002,Commercial,0.372,0.248,NORMAL
2025-01-29 21:00:00,SITE_COM_002,Commercial,0.344,0.2293333333333333,NORMAL
2025-01-29 22:00:00,SITE_COM_002,Commercial,0.405,0.27,NORMAL
2025-01-29 23:00:00,SITE_COM_002,Commercial,0.381,0.254,NORMAL
2025-01-30 00:00:00,SITE_COM_002,Commercial,0.396,0.264,NORMAL
2025-01-30 01:00:00,SITE_COM_002,Commercial,0.346,0.23066666666666666,NORMAL
2025-01-30 02:00:00,SITE_COM_002,Commercial,0.354,0.236,NORMAL
2025-01-30 03:00:00,SITE_COM_002,Commercial,0.402,0.268,NORMAL
2025-01-30 04:00:00,SITE_COM_002,Commercial,0.352,0.23466666666666666,NORMAL
2025-01-30 05:00:00,SITE_COM_002,Commercial,0.338,0.22533333333333336,NORMAL
2025-01-30 06:00:00,SITE_COM_002,Commercial,0.351,0.23399999999999999,NORMAL
2025-01-30 07:00:00,SITE_COM_002,Commercial,0.36,0.24,NORMAL
2025-01-30 08:00:00,SITE_COM_002,Commercial,0.987,0.658,SOUTENU
2025-01-30 09:00:00,SITE_COM_002,Commercial,1.062,0.7080000000000001,SOUTENU
2025-01-30 10:00:00,SITE_COM_002,Commercial,0.969,0.646,SOUTENU
2025-01-30 11:00:00,SITE_COM_002,Commercial,,,
2025-01-30 12:00:00,SITE_COM_002,Commercial,0.983,0.6553333333333333,SOUTENU
2025-01-30 13:00:00,SITE_COM_002,Commercial,0.919,0.6126666666666667,SOUTENU
2025-01-30 14:00:00,SITE_COM_002,Commercial,0.898,0.5986666666666667,SOUTENU
2025-01-30 15:00:00,SITE_COM_002,Commercial,0.908,0.6053333333333334,SOUTENU
2025-01-30 16:00:00,SITE_COM_002,Commercial,1.044,0.6960000000000001,SOUTENU
2025-01-30 17:00:00,SITE_COM_002,Commercial,1.069,0.7126666666666667,SOUTENU
2025-01-30 18:00:00,SITE_COM_002,Commercial,0.93,0.62,SOUTENU
2025-01-30 19:00:00,SITE_COM_002,Commercial,,,
2025-01-30 20:00:00,SITE_COM_002,Commercial,0.393,0.262,NORMAL
2025-01-30 21:00:00,SITE_COM_002,Commercial,0.369,0.246,NORMAL
2025-01-30 22:00:00,SITE_COM_002,Commercial,0.364,0.24266666666666667,NORMAL
2025-01-30 23:00:00,SITE_COM_002,Commercial,0.339,0.226,NORMAL
2025-01-01 00:00:00,SITE_IND_001,Industrie,1.799,0.3598,NORMAL
2025-01-01 01:00:00,SITE_IND_001,Industrie,1.833,0.3666,NORMAL
2025-01-01 02:00:00,SITE_IND_001,Industrie,1.723,0.3446,NORMAL
2025-01-01 03:00:00,SITE_IND_001,Industrie,1.584,0.3168,NORMAL
2025-01-01 04:00:00,SITE_IND_001,Industrie,1.652,0.33039999999999997,NORMAL
2025-01-01 05:00:00,SITE_IND_001,Industrie,1.857,0.3714,NORMAL
2025-01-01 06:00:00,SITE_IND_001,Industrie,3.274,0.6548,SOUTENU
2025-01-01 07:00:00,SITE_IND_001,Industrie,3.208,0.6416000000000001,SOUTENU
2025-01-01 08:00:00,SITE_IND_001,Industrie,3.022,0.6043999999999999,SOUTENU
2025-01-01 09:00:00,SITE_IND_001,Industrie,3.198,0.6396,SOUTENU
2025-01-01 10:00:00,SITE_IND_001,Industrie,3.123,0.6246,SOUTENU
2025-01-01 11:00:00,SITE_IND_001,Industrie,,,
2025-01-01 12:00:00,SITE_IND_001,Industrie,3.081,0.6162,SOUTENU
2025-01-01 13:00:00,SITE_IND_001,Industrie,2.86,0.572,SOUTENU
2025-01-01 14:00:00,SITE_IND_001,Industrie,2.803,0.5606,SOUTENU
2025-01-01 15:00:00,SITE_IND_001,Industrie,3.294,0.6588,SOUTENU
2025-01-01 16:00:00,SITE_IND_001,Industrie,3.206,0.6412,SOUTENU
2025-01-01 17:00:00,SITE_IND_001,Industrie,2.889,0.5778,SOUTENU
2025-01-01 18:00:00,SITE_IND_001,Industrie,3.226,0.6452,SOUTENU
2025-01-01 19:00:00,SITE_IND_001,Industrie,3.249,0.6498,SOUTENU
2025-01-01 20:00:00,SITE_IND_001,Industrie,3.037,0.6073999999999999,SOUTENU
2025-01-01 21:00:00,SITE_IND_001,Industrie,1.715,0.343,NORMAL
2025-01-01 22:00:00,SITE_IND_001,Industrie,1.607,0.3214,NORMAL
2025-01-01 23:00:00,SITE_IND_001,Industrie,1.852,0.3704,NORMAL
2025-01-02 00:00:00,SITE_IND_001,Industrie,1.924,0.3848,NORMAL
2025-01-02 01:00:00,SITE_IND_001,Industrie,1.579,0.31579999999999997,NORMAL
2025-01-02 02:00:00,SITE_IND_001,Industrie,1.668,0.3336,NORMAL
2025-01-02 03:00:00,SITE_IND_001,Industrie,,,
2025-01-02 04:00:00,SITE_IND_001,Industrie,1.75,0.35,NORMAL
2025-01-02 05:00:00,SITE_IND_001,Industrie,1.679,0.3358,NORMAL
2025-01-02 06:00:00,SITE_IND_001,Industrie,3.158,0.6315999999999999,SOUTENU
2025-01-02 07:00:00,SITE_IND_001,Industrie,2.7,0.54,SOUTENU
2025-01-02 08:00:00,SITE_IND_001,Industrie,3.227,0.6454,SOUTENU
2025-01-02 09:00:00,SITE_IND_001,Industrie,3.227,0.6454,SOUTENU
2025-01-02 10:00:00,SITE_IND_001,Industrie,2.742,0.5484,SOUTENU
2025-01-02 11:00:00,SITE_IND_001,Industrie,2.985,0.597,SOUTENU
2025-01-02 12:00:00,SITE_IND_001,Industrie,2.954,0.5908,SOUTENU
2025-01-02 13:00:00,SITE_IND_001,Industrie,2.821,0.5642,SOUTENU
2025-01-02 14:00:00,SITE_IND_001,Industrie,2.963,0.5926,SOUTENU
2025-01-02 15:00:00,SITE_IND_001,Industrie,2.903,0.5806,SOUTENU
2025-01-02 16:00:00,SITE_IND_001,Industrie,2.743,0.5486,SOUTENU
2025-01-02 17:00:00,SITE_IND_001,Industrie,3.216,0.6432,SOUTENU
2025-01-02 18:00:00,SITE_IND_001,Industrie,2.829,0.5658000000000001,SOUTENU
2025-01-02 19:00:00,SITE_IND_001,Industrie,2.984,0.5968,SOUTENU
2025-01-02 20:00:00,SITE_IND_001,Industrie,2.758,0.5516,SOUTENU
2025-01-02 21:00:00,SITE_IND_001,Industrie,1.83,0.366,NORMAL
2025-01-02 22:00:00,SITE_IND_001,Industrie,1.716,0.3432,NORMAL
2025-01-02 23:00:00,SITE_IND_001,Industrie,1.642,0.32839999999999997,NORMAL
2025-01-03 00:00:00,SITE_IND_001,Industrie,1.662,0.3324,NORMAL
2025-01-03 01:00:00,SITE_IND_001,Industrie,1.768,0.3536,NORMAL
2025-01-03 02:00:00,SITE_IND_001,Industrie,1.914,0.3828,NORMAL
2025-01-03 03:00:00,SITE_IND_001,Industrie,1.745,0.34900000000000003,NORMAL
2025-01-03 04:00:00,SITE_IND_001,Industrie,1.708,0.3416,NORMAL
2025-01-03 05:00:00,SITE_IND_001,Industrie,1.734,0.3468,NORMAL
2025-01-03 06:00:00,SITE_IND_001,Industrie,3.033,0.6066,SOUTENU
2025-01-03 07:00:00,SITE_IND_001,Industrie,3.281,0.6562,SOUTENU
2025-01-03 08:00:00,SITE_IND_001,Industrie,2.734,0.5468,SOUTENU
2025-01-03 09:00:00,SITE_IND_001,Industrie,2.794,0.5588,SOUTENU
2025-01-03 10:00:00,SITE_IND_001,Industrie,3.057,0.6113999999999999,SOUTENU
2025-01-03 11:00:00,SITE_IND_001,Industrie,3.234,0.6468,SOUTENU
2025-01-03 12:00:00,SITE_IND_001,Industrie,2.952,0.5904,SOUTENU
2025-01-03 13:00:00,SITE_IND_001,Industrie,2.823,0.5646,SOUTENU
2025-01-03 14:00:00,SITE_IND_001,Industrie,3.103,0.6206,SOUTENU
2025-01-03 15:00:00,SITE_IND_001,Industrie,2.744,0.5488000000000001,SOUTENU
2025-01-03 16:00:00,SITE_IND_001,Industrie,,,
2025-01-03 17:00:00,SITE_IND_001,Industrie,3.229,0.6458,SOUTENU
2025-01-03 18:00:00,SITE_IND_001,Industrie,3.2,0.64,SOUTENU
2025-01-03 19:00:00,SITE_IND_001,Industrie,3.092,0.6184000000000001,SOUTENU
2025-01-03 20:00:00,SITE_IND_001,Industrie,3.098,0.6195999999999999,SOUTENU
2025-01-03 21:00:00,SITE_IND_001,Industrie,,,
2025-01-03 22:00:00,SITE_IND_001,Industrie,1.826,0.3652,NORMAL
2025-01-03 23:00:00,SITE_IND_001,Industrie,1.746,0.3492,NORMAL
2025-01-04 00:00:00,SITE_IND_001,Industrie,1.034,0.2068,NORMAL
2025-01-04 01:00:00,SITE_IND_001,Industrie,1.079,0.2158,NORMAL
2025-01-04 02:00:00,SITE_IND_001,Industrie,1.035,0.207,NORMAL
2025-01-04 03:00:00,SITE_IND_001,Industrie,1.135,0.227,NORMAL
2025-01-04 04:00:00,SITE_IND_001,Industrie,0.976,0.19519999999999998,NORMAL
2025-01-04 05:00:00,SITE_IND_001,Industrie,1.112,0.22240000000000001,NORMAL
2025-01-04 06:00:00,SITE_IND_001,Industrie,1.71,0.34199999999999997,NORMAL
2025-01-04 07:00:00,SITE_IND_001,Industrie,1.766,0.3532,NORMAL
2025-01-04 08:00:00,SITE_IND_001,Industrie,1.931,0.3862,NORMAL
2025-01-04 09:00:00,SITE_IND_001,Industrie,1.629,0.3258,NORMAL
2025-01-04 10:00:00,SITE_IND_001,Industrie,1.909,0.38180000000000003,NORMAL
2025-01-04 11:00:00,SITE_IND_001,Industrie,1.903,0.3806,NORMAL
2025-01-04 12:00:00,SITE_IND_001,Industrie,1.7,0.33999999999999997,NORMAL
2025-01-04 13:00:00,SITE_IND_001,Industrie,1.906,0.3812,NORMAL
2025-01-04 14:00:00,SITE_IND_001,Industrie,1.738,0.3476,NORMAL
2025-01-04 15:00:00,SITE_IND_001,Industrie,1.851,0.3702,NORMAL
2025-01-04 16:00:00,SITE_IND_001,Industrie,1.958,0.3916,NORMAL
2025-01-04 17:00:00,SITE_IND_001,Industrie,1.967,0.3934,NORMAL
2025-01-04 18:00:00,SITE_IND_001,Industrie,1.882,0.37639999999999996,NORMAL
2025-01-04 19:00:00,SITE_IND_001,Industrie,1.759,0.3518,NORMAL
2025-01-04 20:00:00,SITE_IND_001,Industrie,1.621,0.3242,NORMAL
2025-01-04 21:00:00,SITE_IND_001,Industrie,1.101,0.2202,NORMAL
2025-01-04 22:00:00,SITE_IND_001,Industrie,1.084,0.21680000000000002,NORMAL
2025-01-04 23:00:00,SITE_IND_001,Industrie,1.096,0.2192,NORMAL
2025-01-05 00:00:00,SITE_IND_001,Industrie,1.03,0.20600000000000002,NORMAL
2025-01-05 01:00:00,SITE_IND_001,Industrie,1.142,0.2284,NORMAL
2025-01-05 02:00:00,SITE_IND_001,Industrie,1.008,0.2016,NORMAL
2025-01-05 03:00:00,SITE_IND_001,Industrie,1.035,0.207,NORMAL
2025-01-05 04:00:00,SITE_IND_001,Industrie,1.038,0.2076,NORMAL
2025-01-05 05:00:00,SITE_IND_001,Industrie,1.112,0.22240000000000001,NORMAL
2025-01-05 06:00:00,SITE_IND_001,Industrie,1.848,0.36960000000000004,NORMAL
2025-01-05 07:00:00,SITE_IND_001,Industrie,1.862,0.3724,NORMAL
2025-01-05 08:00:00,SITE_IND_001,Industrie,1.708,0.3416,NORMAL
2025-01-05 09:00:00,SITE_IND_001,Industrie,1.769,0.3538,NORMAL
2025-01-05 10:00:00,SITE_IND_001,Industrie,1.798,0.35960000000000003,NORMAL
2025-01-05 11:00:00,SITE_IND_001,Industrie,1.89,0.378,NORMAL
2025-01-05 12:00:00,SITE_IND_001,Industrie,1.683,0.3366,NORMAL
2025-01-05 13:00:00,SITE_IND_001,Industrie,1.71,0.34199999999999997,NORMAL
2025-01-05 14:00:00,SITE_IND_001,Industrie,,,
2025-01-05 15:00:00,SITE_IND_001,Industrie,1.941,0.3882,NORMAL
2025-01-05 16:00:00,SITE_IND_001,Industrie,1.919,0.38380000000000003,NORMAL
2025-01-05 17:00:00,SITE_IND_001,Industrie,1.791,0.35819999999999996,NORMAL
2025-01-05 18:00:00,SITE_IND_001,Industrie,,,
2025-01-05 19:00:00,SITE_IND_001,Industrie,,,
2025-01-05 20:00:00,SITE_IND_001,Industrie,1.814,0.3628,NORMAL
2025-01-05 21:00:00,SITE_IND_001,Industrie,1.093,0.2186,NORMAL
2025-01-05 22:00:00,SITE_IND_001,Industrie,1.032,0.2064,NORMAL
2025-01-05 23:00:00,SITE_IND_001,Industrie,1.068,0.2136,NORMAL
2025-01-06 00:00:00,SITE_IND_001,Industrie,1.708,0.3416,NORMAL
2025-01-06 01:00:00,SITE_IND_001,Industrie,1.874,0.3748,NORMAL
2025-01-06 02:00:00,SITE_IND_001,Industrie,1.766,0.3532,NORMAL
2025-01-06 03:00:00,SITE_IND_001,Industrie,1.728,0.3456,NORMAL
2025-01-06 04:00:00,SITE_IND_001,Industrie,1.717,0.34340000000000004,NORMAL
2025-01-06 05:00:00,SITE_IND_001,Industrie,1.793,0.3586,NORMAL
2025-01-06 06:00:00,SITE_IND_001,Industrie,2.716,0.5432,SOUTENU
2025-01-06 07:00:00,SITE_IND_001,Industrie,2.73,0.546,SOUTENU
2025-01-06 08:00:00,SITE_IND_001,Industrie,3.157,0.6314,SOUTENU
2025-01-06 09:00:00,SITE_IND_001,Industrie,2.851,0.5702,SOUTENU
2025-01-06 10:00:00,SITE_IND_001,Industrie,3.3,0.6599999999999999,SOUTENU
2025-01-06 11:00:00,SITE_IND_001,Industrie,3.091,0.6182000000000001,SOUTENU
2025-01-06 12:00:00,SITE_IND_001,Industrie,2.712,0.5424,SOUTENU
2025-01-06 13:00:00,SITE_IND_001,Industrie,3.038,0.6075999999999999,SOUTENU
2025-01-06 14:00:00,SITE_IND_001,Industrie,2.801,0.5602,SOUTENU
2025-01-06 15:00:00,SITE_IND_001,Industrie,3.192,0.6384000000000001,SOUTENU
2025-01-06 16:00:00,SITE_IND_001,Industrie,2.887,0.5774,SOUTENU
2025-01-06 17:00:00,SITE_IND_001,Industrie,3.129,0.6258,SOUTENU
2025-01-06 18:00:00,SITE_IND_001,Industrie,2.761,0.5522,SOUTENU
2025-01-06 19:00:00,SITE_IND_001,Industrie,2.773,0.5546,SOUTENU
2025-01-06 20:00:00,SITE_IND_001,Industrie,2.957,0.5913999999999999,SOUTENU
2025-01-06 21:00:00,SITE_IND_001,Industrie,1.872,0.3744,NORMAL
2025-01-06 22:00:00,SITE_IND_001,Industrie,1.797,0.3594,NORMAL
2025-01-06 23:00:00,SITE_IND_001,Industrie,1.832,0.3664,NORMAL
2025-01-07 00:00:00,SITE_IND_001,Industrie,1.763,0.35259999999999997,NORMAL
2025-01-07 01:00:00,SITE_IND_001,Industrie,1.669,0.3338,NORMAL
2025-01-07 02:00:00,SITE_IND_001,Industrie,1.884,0.37679999999999997,NORMAL
2025-01-07 03:00:00,SITE_IND_001,Industrie,1.708,0.3416,NORMAL
2025-01-07 04:00:00,SITE_IND_001,Industrie,,,
2025-01-07 05:00:00,SITE_IND_001,Industrie,1.82,0.364,NORMAL
2025-01-07 06:00:00,SITE_IND_001,Industrie,2.751,0.5502,SOUTENU
2025-01-07 07:00:00,SITE_IND_001,Industrie,3.114,0.6228,SOUTENU
2025-01-07 08:00:00,SITE_IND_001,Industrie,2.756,0.5511999999999999,SOUTENU
2025-01-07 09:00:00,SITE_IND_001,Industrie,3.049,0.6098,SOUTENU
2025-01-07 10:00:00,SITE_IND_001,Industrie,3.148,0.6296,SOUTENU
2025-01-07 11:00:00,SITE_IND_001,Industrie,2.851,0.5702,SOUTENU
2025-01-07 12:00:00,SITE_IND_001,Industrie,3.022,0.6043999999999999,SOUTENU
2025-01-07 13:00:00,SITE_IND_001,Industrie,2.991,0.5982000000000001,SOUTENU
2025-01-07 14:00:00,SITE_IND_001,Industrie,2.87,0.5740000000000001,SOUTENU
2025-01-07 15:00:00,SITE_IND_001,Industrie,2.808,0.5616,SOUTENU
2025-01-07 16:00:00,SITE_IND_001,Industrie,3.285,0.657,SOUTENU
2025-01-07 17:00:00,SITE_IND_001,Industrie,3.221,0.6442,SOUTENU
2025-01-07 18:00:00,SITE_IND_001,Industrie,2.982,0.5964,SOUTENU
2025-01-07 19:00:00,SITE_IND_001,Industrie,3.265,0.653,SOUTENU
2025-01-07 20:00:00,SITE_IND_001,Industrie,2.744,0.5488000000000001,SOUTENU
2025-01-07 21:00:00,SITE_IND_001,Industrie,1.772,0.3544,NORMAL
2025-01-07 22:00:00,SITE_IND_001,Industrie,1.843,0.3686,NORMAL
2025-01-07 23:00:00,SITE_IND_001,Industrie,1.758,0.3516,NORMAL
2025-01-08 00:00:00,SITE_IND_001,Industrie,1.922,0.38439999999999996,NORMAL
2025-01-08 01:00:00,SITE_IND_001,Industrie,1.834,0.3668,NORMAL
2025-01-08 02:00:00,SITE_IND_001,Industrie,1.806,0.3612,NORMAL
2025-01-08 03:00:00,SITE_IND_001,Industrie,1.576,0.31520000000000004,NORMAL
2025-01-08 04:00:00,SITE_IND_001,Industrie,1.656,0.3312,NORMAL
2025-01-08 05:00:00,SITE_IND_001,Industrie,1.816,0.3632,NORMAL
2025-01-08 06:00:00,SITE_IND_001,Industrie,3.097,0.6194,SOUTENU
2025-01-08 07:00:00,SITE_IND_001,Industrie,3.089,0.6178,SOUTENU
2025-01-08 08:00:00,SITE_IND_001,Industrie,2.8,0.5599999999999999,SOUTENU
2025-01-08 09:00:00,SITE_IND_001,Industrie,2.873,0.5746,SOUTENU
2025-01-08 10:00:00,SITE_IND_001,Industrie,3.266,0.6532,SOUTENU
2025-01-08 11:00:00,SITE_IND_001,Industrie,2.724,0.5448000000000001,SOUTENU
2025-01-08 12:00:00,SITE_IND_001,Industrie,2.755,0.5509999999999999,SOUTENU
2025-01-08 13:00:00,SITE_IND_001,Industrie,,,
2025-01-08 14:00:00,SITE_IND_001,Industrie,2.724,0.5448000000000001,SOUTENU
2025-01-08 15:00:00,SITE_IND_001,Industrie,3.25,0.65,SOUTENU
2025-01-08 16:00:00,SITE_IND_001,Industrie,2.995,0.599,SOUTENU
2025-01-08 17:00:00,SITE_IND_001,Industrie,3.102,0.6204,SOUTENU
2025-01-08 18:00:00,SITE_IND_001,Industrie,2.873,0.5746,SOUTENU
2025-01-08 19:00:00,SITE_IND_001,Industrie,,,
2025-01-08 20:00:00,SITE_IND_001,Industrie,2.943,0.5886,SOUTENU
2025-01-08 21:00:00,SITE_IND_001,Industrie,1.765,0.353,NORMAL
2025-01-08 22:00:00,SITE_IND_001,Industrie,1.84,0.368,NORMAL
2025-01-08 23:00:00,SITE_IND_001,Industrie,1.767,0.3534,NORMAL
2025-01-09 00:00:00,SITE_IND_001,Industrie,1.617,0.3234,NORMAL
2025-01-09 01:00:00,SITE_IND_001,Industrie,1.63,0.32599999999999996,NORMAL
2025-01-09 02:00:00,SITE_IND_001,Industrie,1.922,0.38439999999999996,NORMAL
2025-01-09 03:00:00,SITE_IND_001,Industrie,1.866,0.37320000000000003,NORMAL
2025-01-09 04:00:00,SITE_IND_001,Industrie,1.671,0.3342,NORMAL
2025-01-09 05:00:00,SITE_IND_001,Industrie,1.768,0.3536,NORMAL
2025-01-09 06:00:00,SITE_IND_001,Industrie,3.228,0.6456000000000001,SOUTENU
2025-01-09 07:00:00,SITE_IND_001,Industrie,2.949,0.5898,SOUTENU
2025-01-09 08:00:00,SITE_IND_001,Industrie,2.87,0.5740000000000001,SOUTENU
2025-01-09 09:00:00,SITE_IND_001,Industrie,,,
2025-01-09 10:00:00,SITE_IND_001,Industrie,3.031,0.6062000000000001,SOUTENU
2025-01-09 11:00:00,SITE_IND_001,Industrie,2.813,0.5626,SOUTENU
2025-01-09 12:00:00,SITE_IND_001,Industrie,3.165,0.633,SOUTENU
2025-01-09 13:00:00,SITE_IND_001,Industrie,3.187,0.6374,SOUTENU
2025-01-09 14:00:00,SITE_IND_001,Industrie,3.288,0.6576,SOUTENU
2025-01-09 15:00:00,SITE_IND_001,Industrie,,,
2025-01-09 16:00:00,SITE_IND_001,Industrie,3.016,0.6032,SOUTENU
2025-01-09 17:00:00,SITE_IND_001,Industrie,3.093,0.6186,SOUTENU
2025-01-09 18:00:00,SITE_IND_001,Industrie,2.903,0.5806,SOUTENU
2025-01-09 19:00:00,SITE_IND_001,Industrie,3.211,0.6422,SOUTENU
2025-01-09 20:00:00,SITE_IND_001,Industrie,3.131,0.6262,SOUTENU
2025-01-09 21:00:00,SITE_IND_001,Industrie,1.599,0.3198,NORMAL
2025-01-09 22:00:00,SITE_IND_001,Industrie,1.836,0.3672,NORMAL
2025-01-09 23:00:00,SITE_IND_001,Industrie,1.88,0.376,NORMAL
2025-01-10 00:00:00,SITE_IND_001,Industrie,,,
2025-01-10 01:00:00,SITE_IND_001,Industrie,1.626,0.3252,NORMAL
2025-01-10 02:00:00,SITE_IND_001,Industrie,1.634,0.3268,NORMAL
2025-01-10 03:00:00,SITE_IND_001,Industrie,,,
2025-01-10 04:00:00,SITE_IND_001,Industrie,1.664,0.3328,NORMAL
2025-01-10 05:00:00,SITE_IND_001,Industrie,1.89,0.378,NORMAL
2025-01-10 06:00:00,SITE_IND_001,Industrie,2.907,0.5814,SOUTENU
2025-01-10 07:00:00,SITE_IND_001,Industrie,2.85,0.5700000000000001,SOUTENU
2025-01-10 08:00:00,SITE_IND_001,Industrie,2.99,0.5980000000000001,SOUTENU
2025-01-10 09:00:00,SITE_IND_001,Industrie,3.296,0.6592,SOUTENU
2025-01-10 10:00:00,SITE_IND_001,Industrie,2.865,0.5730000000000001,SOUTENU
2025-01-10 11:00:00,SITE_IND_001,Industrie,2.729,0.5458000000000001,SOUTENU
2025-01-10 12:00:00,SITE_IND_001,Industrie,2.872,0.5744,SOUTENU
2025-01-10 13:00:00,SITE_IND_001,Industrie,,,
2025-01-10 14:00:00,SITE_IND_001,Industrie,3.096,0.6192,SOUTENU
2025-01-10 15:00:00,SITE_IND_001,Industrie,3.088,0.6176,SOUTENU
2025-01-10 16:00:00,SITE_IND_001,Industrie,3.139,0.6277999999999999,SOUTENU
2025-01-10 17:00:00,SITE_IND_001,Industrie,2.805,0.561,SOUTENU
2025-01-10 18:00:00,SITE_IND_001,Industrie,3.019,0.6038,SOUTENU
2025-01-10 19:00:00,SITE_IND_001,Industrie,3.195,0.639,SOUTENU
2025-01-10 20:00:00,SITE_IND_001,Industrie,2.903,0.5806,SOUTENU
2025-01-10 21:00:00,SITE_IND_001,Industrie,1.913,0.3826,NORMAL
2025-01-10 22:00:00,SITE_IND_001,Industrie,,,
2025-01-10 23:00:00,SITE_IND_001,Industrie,1.58,0.316,NORMAL
2025-01-11 00:00:00,SITE_IND_001,Industrie,1.086,0.2172,NORMAL
2025-01-11 01:00:00,SITE_IND_001,Industrie,0.968,0.1936,NORMAL
2025-01-11 02:00:00,SITE_IND_001,Industrie,1.063,0.21259999999999998,NORMAL
2025-01-11 03:00:00,SITE_IND_001,Industrie,1.118,0.22360000000000002,NORMAL
2025-01-11 04:00:00,SITE_IND_001,Industrie,0.974,0.1948,NORMAL
2025-01-11 05:00:00,SITE_IND_001,Industrie,,,
2025-01-11 06:00:00,SITE_IND_001,Industrie,1.861,0.3722,NORMAL
2025-01-11 07:00:00,SITE_IND_001,Industrie,1.887,0.3774,NORMAL
2025-01-11 08:00:00,SITE_IND_001,Industrie,1.796,0.3592,NORMAL
2025-01-11 09:00:00,SITE_IND_001,Industrie,1.753,0.35059999999999997,NORMAL
2025-01-11 10:00:00,SITE_IND_001,Industrie,1.656,0.3312,NORMAL
2025-01-11 11:00:00,SITE_IND_001,Industrie,1.749,0.3498,NORMAL
2025-01-11 12:00:00,SITE_IND_001,Industrie,1.925,0.385,NORMAL
2025-01-11 13:00:00,SITE_IND_001,Industrie,1.835,0.367,NORMAL
2025-01-11 14:00:00,SITE_IND_001,Industrie,1.665,0.333,NORMAL
2025-01-11 15:00:00,SITE_IND_001,Industrie,1.695,0.339,NORMAL
2025-01-11 16:00:00,SITE_IND_001,Industrie,1.673,0.3346,NORMAL
2025-01-11 17:00:00,SITE_IND_001,Industrie,1.672,0.3344,NORMAL
2025-01-11 18:00:00,SITE_IND_001,Industrie,1.858,0.37160000000000004,NORMAL
2025-01-11 19:00:00,SITE_IND_001,Industrie,1.706,0.3412,NORMAL
2025-01-11 20:00:00,SITE_IND_001,Industrie,1.887,0.3774,NORMAL
2025-01-11 21:00:00,SITE_IND_001,Industrie,1.108,0.22160000000000002,NORMAL
2025-01-11 22:00:00,SITE_IND_001,Industrie,1.144,0.22879999999999998,NORMAL
2025-01-11 23:00:00,SITE_IND_001,Industrie,1.055,0.211,NORMAL
2025-01-12 00:00:00,SITE_IND_001,Industrie,1.046,0.2092,NORMAL
2025-01-12 01:00:00,SITE_IND_001,Industrie,1.136,0.22719999999999999,NORMAL
2025-01-12 02:00:00,SITE_IND_001,Industrie,0.959,0.1918,NORMAL
2025-01-12 03:00:00,SITE_IND_001,Industrie,1.013,0.20259999999999997,NORMAL
2025-01-12 04:00:00,SITE_IND_001,Industrie,1.072,0.2144,NORMAL
2025-01-12 05:00:00,SITE_IND_001,Industrie,1.082,0.2164,NORMAL
2025-01-12 06:00:00,SITE_IND_001,Industrie,1.783,0.3566,NORMAL
2025-01-12 07:00:00,SITE_IND_001,Industrie,1.77,0.354,NORMAL
2025-01-12 08:00:00,SITE_IND_001,Industrie,1.755,0.351,NORMAL
2025-01-12 09:00:00,SITE_IND_001,Industrie,1.919,0.38380000000000003,NORMAL
2025-01-12 10:00:00,SITE_IND_001,Industrie,1.912,0.38239999999999996,NORMAL
2025-01-12 11:00:00,SITE_IND_001,Industrie,1.739,0.3478,NORMAL
2025-01-12 12:00:00,SITE_IND_001,Industrie,1.89,0.378,NORMAL
2025-01-12 13:00:00,SITE_IND_001,Industrie,1.836,0.3672,NORMAL
2025-01-12 14:00:00,SITE_IND_001,Industrie,1.856,0.37120000000000003,NORMAL
2025-01-12 15:00:00,SITE_IND_001,Industrie,1.752,0.3504,NORMAL
2025-01-12 16:00:00,SITE_IND_001,Industrie,1.924,0.3848,NORMAL
2025-01-12 17:00:00,SITE_IND_001,Industrie,1.851,0.3702,NORMAL
2025-01-12 18:00:00,SITE_IND_001,Industrie,1.716,0.3432,NORMAL
2025-01-12 19:00:00,SITE_IND_001,Industrie,1.742,0.3484,NORMAL
2025-01-12 20:00:00,SITE_IND_001,Industrie,,,
2025-01-12 21:00:00,SITE_IND_001,Industrie,1.102,0.2204,NORMAL
2025-01-12 22:00:00,SITE_IND_001,Industrie,1.023,0.20459999999999998,NORMAL
2025-01-12 23:00:00,SITE_IND_001,Industrie,,,
2025-01-13 00:00:00,SITE_IND_001,Industrie,1.811,0.36219999999999997,NORMAL
2025-01-13 01:00:00,SITE_IND_001,Industrie,1.73,0.346,NORMAL
2025-01-13 02:00:00,SITE_IND_001,Industrie,1.725,0.34500000000000003,NORMAL
2025-01-13 03:00:00,SITE_IND_001,Industrie,1.808,0.36160000000000003,NORMAL
2025-01-13 04:00:00,SITE_IND_001,Industrie,1.578,0.3156,NORMAL
2025-01-13 05:00:00,SITE_IND_001,Industrie,1.664,0.3328,NORMAL
2025-01-13 06:00:00,SITE_IND_001,Industrie,2.805,0.561,SOUTENU
2025-01-13 07:00:00,SITE_IND_001,Industrie,3.2,0.64,SOUTENU
2025-01-13 08:00:00,SITE_IND_001,Industrie,,,
2025-01-13 09:00:00,SITE_IND_001,Industrie,,,
2025-01-13 10:00:00,SITE_IND_001,Industrie,2.769,0.5538000000000001,SOUTENU
2025-01-13 11:00:00,SITE_IND_001,Industrie,3.071,0.6142000000000001,SOUTENU
2025-01-13 12:00:00,SITE_IND_001,Industrie,3.207,0.6414,SOUTENU
2025-01-13 13:00:00,SITE_IND_001,Industrie,2.937,0.5873999999999999,SOUTENU
2025-01-13 14:00:00,SITE_IND_001,Industrie,2.801,0.5602,SOUTENU
2025-01-13 15:00:00,SITE_IND_001,Industrie,3.244,0.6488,SOUTENU
2025-01-13 16:00:00,SITE_IND_001,Industrie,3.189,0.6378,SOUTENU
2025-01-13 17:00:00,SITE_IND_001,Industrie,3.061,0.6122,SOUTENU
2025-01-13 18:00:00,SITE_IND_001,Industrie,3.164,0.6328,SOUTENU
2025-01-13 19:00:00,SITE_IND_001,Industrie,2.969,0.5938,SOUTENU
2025-01-13 20:00:00,SITE_IND_001,Industrie,3.075,0.615,SOUTENU
2025-01-13 21:00:00,SITE_IND_001,Industrie,1.599,0.3198,NORMAL
2025-01-13 22:00:00,SITE_IND_001,Industrie,1.595,0.319,NORMAL
2025-01-13 23:00:00,SITE_IND_001,Industrie,1.595,0.319,NORMAL
2025-01-14 00:00:00,SITE_IND_001,Industrie,1.874,0.3748,NORMAL
2025-01-14 01:00:00,SITE_IND_001,Industrie,1.769,0.3538,NORMAL
2025-01-14 02:00:00,SITE_IND_001,Industrie,1.858,0.37160000000000004,NORMAL
2025-01-14 03:00:00,SITE_IND_001,Industrie,1.628,0.3256,NORMAL
2025-01-14 04:00:00,SITE_IND_001,Industrie,,,
2025-01-14 05:00:00,SITE_IND_001,Industrie,1.662,0.3324,NORMAL
2025-01-14 06:00:00,SITE_IND_001,Industrie,2.795,0.5589999999999999,SOUTENU
2025-01-14 07:00:00,SITE_IND_001,Industrie,2.903,0.5806,SOUTENU
2025-01-14 08:00:00,SITE_IND_001,Industrie,2.74,0.548,SOUTENU
2025-01-14 09:00:00,SITE_IND_001,Industrie,,,
2025-01-14 10:00:00,SITE_IND_001,Industrie,2.9,0.58,SOUTENU
2025-01-14 11:00:00,SITE_IND_001,Industrie,3.281,0.6562,SOUTENU
2025-01-14 12:00:00,SITE_IND_001,Industrie,3.263,0.6526,SOUTENU
2025-01-14 13:00:00,SITE_IND_001,Industrie,3.188,0.6376000000000001,SOUTENU
2025-01-14 14:00:00,SITE_IND_001,Industrie,3.111,0.6222000000000001,SOUTENU
2025-01-14 15:00:00,SITE_IND_001,Industrie,2.917,0.5833999999999999,SOUTENU
2025-01-14 16:00:00,SITE_IND_001,Industrie,3.269,0.6538,SOUTENU
2025-01-14 17:00:00,SITE_IND_001,Industrie,2.746,0.5492,SOUTENU
2025-01-14 18:00:00,SITE_IND_001,Industrie,3.201,0.6402,SOUTENU
2025-01-14 19:00:00,SITE_IND_001,Industrie,3.16,0.632,SOUTENU
2025-01-14 20:00:00,SITE_IND_001,Industrie,,,
2025-01-14 21:00:00,SITE_IND_001,Industrie,1.728,0.3456,NORMAL
2025-01-14 22:00:00,SITE_IND_001,Industrie,,,
2025-01-14 23:00:00,SITE_IND_001,Industrie,1.762,0.3524,NORMAL
2025-01-15 00:00:00,SITE_IND_001,Industrie,1.867,0.3734,NORMAL
2025-01-15 01:00:00,SITE_IND_001,Industrie,1.737,0.34740000000000004,NORMAL
2025-01-15 02:00:00,SITE_IND_001,Industrie,1.913,0.3826,NORMAL
2025-01-15 03:00:00,SITE_IND_001,Industrie,1.663,0.3326,NORMAL
2025-01-15 04:00:00,SITE_IND_001,Industrie,1.611,0.3222,NORMAL
2025-01-15 05:00:00,SITE_IND_001,Industrie,1.842,0.3684,NORMAL
2025-01-15 06:00:00,SITE_IND_001,Industrie,2.962,0.5924,SOUTENU
2025-01-15 07:00:00,SITE_IND_001,Industrie,2.91,0.5820000000000001,SOUTENU
2025-01-15 08:00:00,SITE_IND_001,Industrie,2.841,0.5682,SOUTENU
2025-01-15 09:00:00,SITE_IND_001,Industrie,3.258,0.6516,SOUTENU
2025-01-15 10:00:00,SITE_IND_001,Industrie,2.783,0.5566,SOUTENU
2025-01-15 11:00:00,SITE_IND_001,Industrie,2.783,0.5566,SOUTENU
2025-01-15 12:00:00,SITE_IND_001,Industrie,2.748,0.5496000000000001,SOUTENU
2025-01-15 13:00:00,SITE_IND_001,Industrie,3.136,0.6272,SOUTENU
2025-01-15 14:00:00,SITE_IND_001,Industrie,2.881,0.5761999999999999,SOUTENU
2025-01-15 15:00:00,SITE_IND_001,Industrie,2.974,0.5948,SOUTENU
2025-01-15 16:00:00,SITE_IND_001,Industrie,2.71,0.542,SOUTENU
2025-01-15 17:00:00,SITE_IND_001,Industrie,2.958,0.5916,SOUTENU
2025-01-15 18:00:00,SITE_IND_001,Industrie,3.099,0.6198,SOUTENU
2025-01-15 19:00:00,SITE_IND_001,Industrie,3.016,0.6032,SOUTENU
2025-01-15 20:00:00,SITE_IND_001,Industrie,2.934,0.5868,SOUTENU
2025-01-15 21:00:00,SITE_IND_001,Industrie,1.664,0.3328,NORMAL
2025-01-15 22:00:00,SITE_IND_001,Industrie,1.832,0.3664,NORMAL
2025-01-15 23:00:00,SITE_IND_001,Industrie,1.691,0.3382,NORMAL
2025-01-16 00:00:00,SITE_IND_001,Industrie,1.636,0.3272,NORMAL
2025-01-16 01:00:00,SITE_IND_001,Industrie,1.796,0.3592,NORMAL
2025-01-16 02:00:00,SITE_IND_001,Industrie,1.735,0.34700000000000003,NORMAL
2025-01-16 03:00:00,SITE_IND_001,Industrie,1.59,0.318,NORMAL
2025-01-16 04:00:00,SITE_IND_001,Industrie,1.765,0.353,NORMAL
2025-01-16 05:00:00,SITE_IND_001,Industrie,1.7,0.33999999999999997,NORMAL
2025-01-16 06:00:00,SITE_IND_001,Industrie,2.775,0.5549999999999999,SOUTENU
2025-01-16 07:00:00,SITE_IND_001,Industrie,3.237,0.6474,SOUTENU
2025-01-16 08:00:00,SITE_IND_001,Industrie,2.999,0.5998,SOUTENU
2025-01-16 09:00:00,SITE_IND_001,Industrie,3.136,0.6272,SOUTENU
2025-01-16 10:00:00,SITE_IND_001,Industrie,3.027,0.6054,SOUTENU
2025-01-16 11:00:00,SITE_IND_001,Industrie,2.884,0.5768,SOUTENU
2025-01-16 12:00:00,SITE_IND_001,Industrie,2.911,0.5822,SOUTENU
2025-01-16 13:00:00,SITE_IND_001,Industrie,,,
2025-01-16 14:00:00,SITE_IND_001,Industrie,2.745,0.549,SOUTENU
2025-01-16 15:00:00,SITE_IND_001,Industrie,3.108,0.6216,SOUTENU
2025-01-16 16:00:00,SITE_IND_001,Industrie,3.169,0.6338,SOUTENU
2025-01-16 17:00:00,SITE_IND_001,Industrie,2.92,0.584,SOUTENU
2025-01-16 18:00:00,SITE_IND_001,Industrie,3.107,0.6214000000000001,SOUTENU
2025-01-16 19:00:00,SITE_IND_001,Industrie,3.044,0.6088,SOUTENU
2025-01-16 20:00:00,SITE_IND_001,Industrie,2.85,0.5700000000000001,SOUTENU
2025-01-16 21:00:00,SITE_IND_001,Industrie,1.71,0.34199999999999997,NORMAL
2025-01-16 22:00:00,SITE_IND_001,Industrie,,,
2025-01-16 23:00:00,SITE_IND_001,Industrie,1.747,0.34940000000000004,NORMAL
2025-01-17 00:00:00,SITE_IND_001,Industrie,1.89,0.378,NORMAL
2025-01-17 01:00:00,SITE_IND_001,Industrie,1.871,0.3742,NORMAL
2025-01-17 02:00:00,SITE_IND_001,Industrie,1.765,0.353,NORMAL
2025-01-17 03:00:00,SITE_IND_001,Industrie,1.9,0.38,NORMAL
2025-01-17 04:00:00,SITE_IND_001,Industrie,1.617,0.3234,NORMAL
2025-01-17 05:00:00,SITE_IND_001,Industrie,1.584,0.3168,NORMAL
2025-01-17 06:00:00,SITE_IND_001,Industrie,3.031,0.6062000000000001,SOUTENU
2025-01-17 07:00:00,SITE_IND_001,Industrie,3.3,0.6599999999999999,SOUTENU
2025-01-17 08:00:00,SITE_IND_001,Industrie,3.194,0.6388,SOUTENU
2025-01-17 09:00:00,SITE_IND_001,Industrie,2.97,0.5940000000000001,SOUTENU
2025-01-17 10:00:00,SITE_IND_001,Industrie,3.168,0.6336,SOUTENU
2025-01-17 11:00:00,SITE_IND_001,Industrie,2.96,0.592,SOUTENU
2025-01-17 12:00:00,SITE_IND_001,Industrie,2.792,0.5584,SOUTENU
2025-01-17 13:00:00,SITE_IND_001,Industrie,2.908,0.5816,SOUTENU
2025-01-17 14:00:00,SITE_IND_001,Industrie,,,
2025-01-17 15:00:00,SITE_IND_001,Industrie,2.882,0.5764,SOUTENU
2025-01-17 16:00:00,SITE_IND_001,Industrie,3.265,0.653,SOUTENU
2025-01-17 17:00:00,SITE_IND_001,Industrie,,,
2025-01-17 18:00:00,SITE_IND_001,Industrie,2.717,0.5434,SOUTENU
2025-01-17 19:00:00,SITE_IND_001,Industrie,3.091,0.6182000000000001,SOUTENU
2025-01-17 20:00:00,SITE_IND_001,Industrie,2.999,0.5998,SOUTENU
2025-01-17 21:00:00,SITE_IND_001,Industrie,1.744,0.3488,NORMAL
2025-01-17 22:00:00,SITE_IND_001,Industrie,1.601,0.3202,NORMAL
2025-01-17 23:00:00,SITE_IND_001,Industrie,1.646,0.3292,NORMAL
2025-01-18 00:00:00,SITE_IND_001,Industrie,1.099,0.2198,NORMAL
2025-01-18 01:00:00,SITE_IND_001,Industrie,1.023,0.20459999999999998,NORMAL
2025-01-18 02:00:00,SITE_IND_001,Industrie,1.001,0.2002,NORMAL
2025-01-18 03:00:00,SITE_IND_001,Industrie,1.026,0.2052,NORMAL
2025-01-18 04:00:00,SITE_IND_001,Industrie,0.979,0.1958,NORMAL
2025-01-18 05:00:00,SITE_IND_001,Industrie,1.105,0.221,NORMAL
2025-01-18 06:00:00,SITE_IND_001,Industrie,1.731,0.3462,NORMAL
2025-01-18 07:00:00,SITE_IND_001,Industrie,1.968,0.3936,NORMAL
2025-01-18 08:00:00,SITE_IND_001,Industrie,1.798,0.35960000000000003,NORMAL
2025-01-18 09:00:00,SITE_IND_001,Industrie,1.813,0.3626,NORMAL
2025-01-18 10:00:00,SITE_IND_001,Industrie,1.882,0.37639999999999996,NORMAL
2025-01-18 11:00:00,SITE_IND_001,Industrie,1.825,0.365,NORMAL
2025-01-18 12:00:00,SITE_IND_001,Industrie,1.802,0.3604,NORMAL
2025-01-18 13:00:00,SITE_IND_001,Industrie,1.865,0.373,NORMAL
2025-01-18 14:00:00,SITE_IND_001,Industrie,1.906,0.3812,NORMAL
2025-01-18 15:00:00,SITE_IND_001,Industrie,1.692,0.3384,NORMAL
2025-01-18 16:00:00,SITE_IND_001,Industrie,1.669,0.3338,NORMAL
2025-01-18 17:00:00,SITE_IND_001,Industrie,1.838,0.36760000000000004,NORMAL
2025-01-18 18:00:00,SITE_IND_001,Industrie,1.679,0.3358,NORMAL
2025-01-18 19:00:00,SITE_IND_001,Industrie,1.741,0.3482,NORMAL
2025-01-18 20:00:00,SITE_IND_001,Industrie,1.728,0.3456,NORMAL
2025-01-18 21:00:00,SITE_IND_001,Industrie,1.151,0.23020000000000002,NORMAL
2025-01-18 22:00:00,SITE_IND_001,Industrie,1.089,0.2178,NORMAL
2025-01-18 23:00:00,SITE_IND_001,Industrie,,,
2025-01-19 00:00:00,SITE_IND_001,Industrie,1.068,0.2136,NORMAL
2025-01-19 01:00:00,SITE_IND_001,Industrie,1.122,0.22440000000000002,NORMAL
2025-01-19 02:00:00,SITE_IND_001,Industrie,1.144,0.22879999999999998,NORMAL
2025-01-19 03:00:00,SITE_IND_001,Industrie,0.977,0.1954,NORMAL
2025-01-19 04:00:00,SITE_IND_001,Industrie,1.138,0.22759999999999997,NORMAL
2025-01-19 05:00:00,SITE_IND_001,Industrie,0.974,0.1948,NORMAL
2025-01-19 06:00:00,SITE_IND_001,Industrie,1.809,0.3618,NORMAL
2025-01-19 07:00:00,SITE_IND_001,Industrie,1.743,0.3486,NORMAL
2025-01-19 08:00:00,SITE_IND_001,Industrie,1.852,0.3704,NORMAL
2025-01-19 09:00:00,SITE_IND_001,Industrie,1.709,0.3418,NORMAL
2025-01-19 10:00:00,SITE_IND_001,Industrie,1.727,0.34540000000000004,NORMAL
2025-01-19 11:00:00,SITE_IND_001,Industrie,1.734,0.3468,NORMAL
2025-01-19 12:00:00,SITE_IND_001,Industrie,1.718,0.3436,NORMAL
2025-01-19 13:00:00,SITE_IND_001,Industrie,1.973,0.3946,NORMAL
2025-01-19 14:00:00,SITE_IND_001,Industrie,1.725,0.34500000000000003,NORMAL
2025-01-19 15:00:00,SITE_IND_001,Industrie,1.779,0.3558,NORMAL
2025-01-19 16:00:00,SITE_IND_001,Industrie,1.814,0.3628,NORMAL
2025-01-19 17:00:00,SITE_IND_001,Industrie,1.842,0.3684,NORMAL
2025-01-19 18:00:00,SITE_IND_001,Industrie,1.811,0.36219999999999997,NORMAL
2025-01-19 19:00:00,SITE_IND_001,Industrie,1.878,0.3756,NORMAL
2025-01-19 20:00:00,SITE_IND_001,Industrie,1.818,0.36360000000000003,NORMAL
2025-01-19 21:00:00,SITE_IND_001,Industrie,1.129,0.2258,NORMAL
2025-01-19 22:00:00,SITE_IND_001,Industrie,1.012,0.2024,NORMAL
2025-01-19 23:00:00,SITE_IND_001,Industrie,1.066,0.2132,NORMAL
2025-01-20 00:00:00,SITE_IND_001,Industrie,1.895,0.379,NORMAL
2025-01-20 01:00:00,SITE_IND_001,Industrie,,,
2025-01-20 02:00:00,SITE_IND_001,Industrie,1.903,0.3806,NORMAL
2025-01-20 03:00:00,SITE_IND_001,Industrie,1.578,0.3156,NORMAL
2025-01-20 04:00:00,SITE_IND_001,Industrie,1.675,0.335,NORMAL
2025-01-20 05:00:00,SITE_IND_001,Industrie,1.903,0.3806,NORMAL
2025-01-20 06:00:00,SITE_IND_001,Industrie,2.768,0.5536,SOUTENU
2025-01-20 07:00:00,SITE_IND_001,Industrie,2.812,0.5624,SOUTENU
2025-01-20 08:00:00,SITE_IND_001,Industrie,3.154,0.6308,SOUTENU
2025-01-20 09:00:00,SITE_IND_001,Industrie,3.196,0.6392,SOUTENU
2025-01-20 10:00:00,SITE_IND_001,Industrie,2.811,0.5622,SOUTENU
2025-01-20 11:00:00,SITE_IND_001,Industrie,2.856,0.5711999999999999,SOUTENU
2025-01-20 12:00:00,SITE_IND_001,Industrie,2.881,0.5761999999999999,SOUTENU
2025-01-20 13:00:00,SITE_IND_001,Industrie,3.116,0.6232,SOUTENU
2025-01-20 14:00:00,SITE_IND_001,Industrie,2.943,0.5886,SOUTENU
2025-01-20 15:00:00,SITE_IND_001,Industrie,,,
2025-01-20 16:00:00,SITE_IND_001,Industrie,3.069,0.6138,SOUTENU
2025-01-20 17:00:00,SITE_IND_001,Industrie,3.149,0.6298,SOUTENU
2025-01-20 18:00:00,SITE_IND_001,Industrie,2.982,0.5964,SOUTENU
2025-01-20 19:00:00,SITE_IND_001,Industrie,2.848,0.5696,SOUTENU
2025-01-20 20:00:00,SITE_IND_001,Industrie,2.968,0.5936,SOUTENU
2025-01-20 21:00:00,SITE_IND_001,Industrie,1.597,0.3194,NORMAL
2025-01-20 22:00:00,SITE_IND_001,Industrie,1.627,0.3254,NORMAL
2025-01-20 23:00:00,SITE_IND_001,Industrie,1.647,0.3294,NORMAL
2025-01-21 00:00:00,SITE_IND_001,Industrie,1.858,0.37160000000000004,NORMAL
2025-01-21 01:00:00,SITE_IND_001,Industrie,1.595,0.319,NORMAL
2025-01-21 02:00:00,SITE_IND_001,Industrie,1.714,0.3428,NORMAL
2025-01-21 03:00:00,SITE_IND_001,Industrie,1.591,0.3182,NORMAL
2025-01-21 04:00:00,SITE_IND_001,Industrie,1.902,0.38039999999999996,NORMAL
2025-01-21 05:00:00,SITE_IND_001,Industrie,1.718,0.3436,NORMAL
2025-01-21 06:00:00,SITE_IND_001,Industrie,3.088,0.6176,SOUTENU
2025-01-21 07:00:00,SITE_IND_001,Industrie,3.222,0.6444,SOUTENU
2025-01-21 08:00:00,SITE_IND_001,Industrie,3.097,0.6194,SOUTENU
2025-01-21 09:00:00,SITE_IND_001,Industrie,2.807,0.5614,SOUTENU
2025-01-21 10:00:00,SITE_IND_001,Industrie,2.834,0.5668,SOUTENU
2025-01-21 11:00:00,SITE_IND_001,Industrie,3.104,0.6208,SOUTENU
2025-01-21 12:00:00,SITE_IND_001,Industrie,2.849,0.5698000000000001,SOUTENU
2025-01-21 13:00:00,SITE_IND_001,Industrie,3.135,0.627,SOUTENU
2025-01-21 14:00:00,SITE_IND_001,Industrie,3.16,0.632,SOUTENU
2025-01-21 15:00:00,SITE_IND_001,Industrie,,,
2025-01-21 16:00:00,SITE_IND_001,Industrie,2.729,0.5458000000000001,SOUTENU
2025-01-21 17:00:00,SITE_IND_001,Industrie,2.83,0.5660000000000001,SOUTENU
2025-01-21 18:00:00,SITE_IND_001,Industrie,2.874,0.5748,SOUTENU
2025-01-21 19:00:00,SITE_IND_001,Industrie,3.059,0.6118,SOUTENU
2025-01-21 20:00:00,SITE_IND_001,Industrie,2.786,0.5572,SOUTENU
2025-01-21 21:00:00,SITE_IND_001,Industrie,1.596,0.31920000000000004,NORMAL
2025-01-21 22:00:00,SITE_IND_001,Industrie,1.794,0.3588,NORMAL
2025-01-21 23:00:00,SITE_IND_001,Industrie,1.905,0.381,NORMAL
2025-01-22 00:00:00,SITE_IND_001,Industrie,1.721,0.3442,NORMAL
2025-01-22 01:00:00,SITE_IND_001,Industrie,1.741,0.3482,NORMAL
2025-01-22 02:00:00,SITE_IND_001,Industrie,1.857,0.3714,NORMAL
2025-01-22 03:00:00,SITE_IND_001,Industrie,,,
2025-01-22 04:00:00,SITE_IND_001,Industrie,1.801,0.36019999999999996,NORMAL
2025-01-22 05:00:00,SITE_IND_001,Industrie,1.829,0.3658,NORMAL
2025-01-22 06:00:00,SITE_IND_001,Industrie,3.062,0.6123999999999999,SOUTENU
2025-01-22 07:00:00,SITE_IND_001,Industrie,3.135,0.627,SOUTENU
2025-01-22 08:00:00,SITE_IND_001,Industrie,2.9,0.58,SOUTENU
2025-01-22 09:00:00,SITE_IND_001,Industrie,3.277,0.6554,SOUTENU
2025-01-22 10:00:00,SITE_IND_001,Industrie,2.846,0.5692,SOUTENU
2025-01-22 11:00:00,SITE_IND_001,Industrie,,,
2025-01-22 12:00:00,SITE_IND_001,Industrie,2.916,0.5831999999999999,SOUTENU
2025-01-22 13:00:00,SITE_IND_001,Industrie,2.759,0.5518,SOUTENU
2025-01-22 14:00:00,SITE_IND_001,Industrie,3.249,0.6498,SOUTENU
2025-01-22 15:00:00,SITE_IND_001,Industrie,2.833,0.5666,SOUTENU
2025-01-22 16:00:00,SITE_IND_001,Industrie,,,
2025-01-22 17:00:00,SITE_IND_001,Industrie,2.928,0.5856,SOUTENU
2025-01-22 18:00:00,SITE_IND_001,Industrie,3.111,0.6222000000000001,SOUTENU
2025-01-22 19:00:00,SITE_IND_001,Industrie,3.085,0.617,SOUTENU
2025-01-22 20:00:00,SITE_IND_001,Industrie,2.802,0.5604,SOUTENU
2025-01-22 21:00:00,SITE_IND_001,Industrie,1.765,0.353,NORMAL
2025-01-22 22:00:00,SITE_IND_001,Industrie,1.871,0.3742,NORMAL
2025-01-22 23:00:00,SITE_IND_001,Industrie,1.719,0.3438,NORMAL
2025-01-23 00:00:00,SITE_IND_001,Industrie,1.578,0.3156,NORMAL
2025-01-23 01:00:00,SITE_IND_001,Industrie,1.808,0.36160000000000003,NORMAL
2025-01-23 02:00:00,SITE_IND_001,Industrie,1.577,0.3154,NORMAL
2025-01-23 03:00:00,SITE_IND_001,Industrie,1.671,0.3342,NORMAL
2025-01-23 04:00:00,SITE_IND_001,Industrie,1.811,0.36219999999999997,NORMAL
2025-01-23 05:00:00,SITE_IND_001,Industrie,1.609,0.3218,NORMAL
2025-01-23 06:00:00,SITE_IND_001,Industrie,3.189,0.6378,SOUTENU
2025-01-23 07:00:00,SITE_IND_001,Industrie,2.944,0.5888,SOUTENU
2025-01-23 08:00:00,SITE_IND_001,Industrie,3.11,0.622,SOUTENU
2025-01-23 09:00:00,SITE_IND_001,Industrie,3.156,0.6312,SOUTENU
2025-01-23 10:00:00,SITE_IND_001,Industrie,,,
2025-01-23 11:00:00,SITE_IND_001,Industrie,2.96,0.592,SOUTENU
2025-01-23 12:00:00,SITE_IND_001,Industrie,2.757,0.5514,SOUTENU
2025-01-23 13:00:00,SITE_IND_001,Industrie,3.221,0.6442,SOUTENU
2025-01-23 14:00:00,SITE_IND_001,Industrie,2.745,0.549,SOUTENU
2025-01-23 15:00:00,SITE_IND_001,Industrie,2.72,0.544,SOUTENU
2025-01-23 16:00:00,SITE_IND_001,Industrie,3.052,0.6104,SOUTENU
2025-01-23 17:00:00,SITE_IND_001,Industrie,2.746,0.5492,SOUTENU
2025-01-23 18:00:00,SITE_IND_001,Industrie,2.933,0.5866,SOUTENU
2025-01-23 19:00:00,SITE_IND_001,Industrie,,,
2025-01-23 20:00:00,SITE_IND_001,Industrie,3.285,0.657,SOUTENU
2025-01-23 21:00:00,SITE_IND_001,Industrie,1.694,0.3388,NORMAL
2025-01-23 22:00:00,SITE_IND_001,Industrie,1.846,0.36920000000000003,NORMAL
2025-01-23 23:00:00,SITE_IND_001,Industrie,1.747,0.34940000000000004,NORMAL
2025-01-24 00:00:00,SITE_IND_001,Industrie,1.813,0.3626,NORMAL
2025-01-24 01:00:00,SITE_IND_001,Industrie,1.854,0.3708,NORMAL
2025-01-24 02:00:00,SITE_IND_001,Industrie,1.824,0.3648,NORMAL
2025-01-24 03:00:00,SITE_IND_001,Industrie,1.612,0.3224,NORMAL
2025-01-24 04:00:00,SITE_IND_001,Industrie,1.669,0.3338,NORMAL
2025-01-24 05:00:00,SITE_IND_001,Industrie,1.769,0.3538,NORMAL
2025-01-24 06:00:00,SITE_IND_001,Industrie,2.756,0.5511999999999999,SOUTENU
2025-01-24 07:00:00,SITE_IND_001,Industrie,2.875,0.575,SOUTENU
2025-01-24 08:00:00,SITE_IND_001,Industrie,3.243,0.6486,SOUTENU
2025-01-24 09:00:00,SITE_IND_001,Industrie,2.928,0.5856,SOUTENU
2025-01-24 10:00:00,SITE_IND_001,Industrie,2.738,0.5476,SOUTENU
2025-01-24 11:00:00,SITE_IND_001,Industrie,2.746,0.5492,SOUTENU
2025-01-24 12:00:00,SITE_IND_001,Industrie,3.056,0.6112,SOUTENU
2025-01-24 13:00:00,SITE_IND_001,Industrie,3.269,0.6538,SOUTENU
2025-01-24 14:00:00,SITE_IND_001,Industrie,2.898,0.5796,SOUTENU
2025-01-24 15:00:00,SITE_IND_001,Industrie,3.285,0.657,SOUTENU
2025-01-24 16:00:00,SITE_IND_001,Industrie,2.821,0.5642,SOUTENU
2025-01-24 17:00:00,SITE_IND_001,Industrie,2.875,0.575,SOUTENU
2025-01-24 18:00:00,SITE_IND_001,Industrie,2.845,0.5690000000000001,SOUTENU
2025-01-24 19:00:00,SITE_IND_001,Industrie,2.768,0.5536,SOUTENU
2025-01-24 20:00:00,SITE_IND_001,Industrie,3.109,0.6218,SOUTENU
2025-01-24 21:00:00,SITE_IND_001,Industrie,1.823,0.3646,NORMAL
2025-01-24 22:00:00,SITE_IND_001,Industrie,1.862,0.3724,NORMAL
2025-01-24 23:00:00,SITE_IND_001,Industrie,1.797,0.3594,NORMAL
2025-01-25 00:00:00,SITE_IND_001,Industrie,1.111,0.2222,NORMAL
2025-01-25 01:00:00,SITE_IND_001,Industrie,1.029,0.20579999999999998,NORMAL
2025-01-25 02:00:00,SITE_IND_001,Industrie,1.059,0.2118,NORMAL
2025-01-25 03:00:00,SITE_IND_001,Industrie,1.058,0.2116,NORMAL
2025-01-25 04:00:00,SITE_IND_001,Industrie,1.083,0.2166,NORMAL
2025-01-25 05:00:00,SITE_IND_001,Industrie,,,
2025-01-25 06:00:00,SITE_IND_001,Industrie,1.968,0.3936,NORMAL
2025-01-25 07:00:00,SITE_IND_001,Industrie,1.804,0.3608,NORMAL
2025-01-25 08:00:00,SITE_IND_001,Industrie,1.78,0.356,NORMAL
2025-01-25 09:00:00,SITE_IND_001,Industrie,1.8,0.36,NORMAL
2025-01-25 10:00:00,SITE_IND_001,Industrie,1.77,0.354,NORMAL
2025-01-25 11:00:00,SITE_IND_001,Industrie,1.671,0.3342,NORMAL
2025-01-25 12:00:00,SITE_IND_001,Industrie,1.794,0.3588,NORMAL
2025-01-25 13:00:00,SITE_IND_001,Industrie,1.735,0.34700000000000003,NORMAL
2025-01-25 14:00:00,SITE_IND_001,Industrie,1.926,0.3852,NORMAL
2025-01-25 15:00:00,SITE_IND_001,Industrie,1.974,0.3948,NORMAL
2025-01-25 16:00:00,SITE_IND_001,Industrie,1.822,0.3644,NORMAL
2025-01-25 17:00:00,SITE_IND_001,Industrie,1.686,0.3372,NORMAL
2025-01-25 18:00:00,SITE_IND_001,Industrie,1.841,0.36819999999999997,NORMAL
2025-01-25 19:00:00,SITE_IND_001,Industrie,1.874,0.3748,NORMAL
2025-01-25 20:00:00,SITE_IND_001,Industrie,1.643,0.3286,NORMAL
2025-01-25 21:00:00,SITE_IND_001,Industrie,1.013,0.20259999999999997,NORMAL
2025-01-25 22:00:00,SITE_IND_001,Industrie,1.056,0.2112,NORMAL
2025-01-25 23:00:00,SITE_IND_001,Industrie,1.068,0.2136,NORMAL
2025-01-26 00:00:00,SITE_IND_001,Industrie,1.116,0.2232,NORMAL
2025-01-26 01:00:00,SITE_IND_001,Industrie,0.963,0.1926,NORMAL
2025-01-26 02:00:00,SITE_IND_001,Industrie,0.983,0.1966,NORMAL
2025-01-26 03:00:00,SITE_IND_001,Industrie,0.974,0.1948,NORMAL
2025-01-26 04:00:00,SITE_IND_001,Industrie,1.091,0.2182,NORMAL
2025-01-26 05:00:00,SITE_IND_001,Industrie,1.048,0.2096,NORMAL
2025-01-26 06:00:00,SITE_IND_001,Industrie,,,
2025-01-26 07:00:00,SITE_IND_001,Industrie,1.913,0.3826,NORMAL
2025-01-26 08:00:00,SITE_IND_001,Industrie,1.866,0.37320000000000003,NORMAL
2025-01-26 09:00:00,SITE_IND_001,Industrie,1.65,0.32999999999999996,NORMAL
2025-01-26 10:00:00,SITE_IND_001,Industrie,1.719,0.3438,NORMAL
2025-01-26 11:00:00,SITE_IND_001,Industrie,1.887,0.3774,NORMAL
2025-01-26 12:00:00,SITE_IND_001,Industrie,1.661,0.3322,NORMAL
2025-01-26 13:00:00,SITE_IND_001,Industrie,1.916,0.3832,NORMAL
2025-01-26 14:00:00,SITE_IND_001,Industrie,1.976,0.3952,NORMAL
2025-01-26 15:00:00,SITE_IND_001,Industrie,1.727,0.34540000000000004,NORMAL
2025-01-26 16:00:00,SITE_IND_001,Industrie,1.914,0.3828,NORMAL
2025-01-26 17:00:00,SITE_IND_001,Industrie,1.705,0.341,NORMAL
2025-01-26 18:00:00,SITE_IND_001,Industrie,1.876,0.3752,NORMAL
2025-01-26 19:00:00,SITE_IND_001,Industrie,1.694,0.3388,NORMAL
2025-01-26 20:00:00,SITE_IND_001,Industrie,1.721,0.3442,NORMAL
2025-01-26 21:00:00,SITE_IND_001,Industrie,1.006,0.2012,NORMAL
2025-01-26 22:00:00,SITE_IND_001,Industrie,1.088,0.21760000000000002,NORMAL
2025-01-26 23:00:00,SITE_IND_001,Industrie,1.138,0.22759999999999997,NORMAL
2025-01-27 00:00:00,SITE_IND_001,Industrie,1.878,0.3756,NORMAL
2025-01-27 01:00:00,SITE_IND_001,Industrie,1.842,0.3684,NORMAL
2025-01-27 02:00:00,SITE_IND_001,Industrie,1.669,0.3338,NORMAL
2025-01-27 03:00:00,SITE_IND_001,Industrie,1.883,0.3766,NORMAL
2025-01-27 04:00:00,SITE_IND_001,Industrie,1.903,0.3806,NORMAL
2025-01-27 05:00:00,SITE_IND_001,Industrie,1.576,0.31520000000000004,NORMAL
2025-01-27 06:00:00,SITE_IND_001,Industrie,2.975,0.595,SOUTENU
2025-01-27 07:00:00,SITE_IND_001,Industrie,3.021,0.6042,SOUTENU
2025-01-27 08:00:00,SITE_IND_001,Industrie,2.861,0.5722,SOUTENU
2025-01-27 09:00:00,SITE_IND_001,Industrie,3.04,0.608,SOUTENU
2025-01-27 10:00:00,SITE_IND_001,Industrie,2.729,0.5458000000000001,SOUTENU
2025-01-27 11:00:00,SITE_IND_001,Industrie,,,
2025-01-27 12:00:00,SITE_IND_001,Industrie,3.275,0.655,SOUTENU
2025-01-27 13:00:00,SITE_IND_001,Industrie,3.09,0.618,SOUTENU
2025-01-27 14:00:00,SITE_IND_001,Industrie,3.093,0.6186,SOUTENU
2025-01-27 15:00:00,SITE_IND_001,Industrie,2.799,0.5598,SOUTENU
2025-01-27 16:00:00,SITE_IND_001,Industrie,2.84,0.568,SOUTENU
2025-01-27 17:00:00,SITE_IND_001,Industrie,2.986,0.5972000000000001,SOUTENU
2025-01-27 18:00:00,SITE_IND_001,Industrie,2.706,0.5412,SOUTENU
2025-01-27 19:00:00,SITE_IND_001,Industrie,2.953,0.5906,SOUTENU
2025-01-27 20:00:00,SITE_IND_001,Industrie,,,
2025-01-27 21:00:00,SITE_IND_001,Industrie,1.623,0.3246,NORMAL
2025-01-27 22:00:00,SITE_IND_001,Industrie,1.923,0.3846,NORMAL
2025-01-27 23:00:00,SITE_IND_001,Industrie,,,
2025-01-28 00:00:00,SITE_IND_001,Industrie,1.628,0.3256,NORMAL
2025-01-28 01:00:00,SITE_IND_001,Industrie,1.605,0.321,NORMAL
2025-01-28 02:00:00,SITE_IND_001,Industrie,,,
2025-01-28 03:00:00,SITE_IND_001,Industrie,1.672,0.3344,NORMAL
2025-01-28 04:00:00,SITE_IND_001,Industrie,1.788,0.35760000000000003,NORMAL
2025-01-28 05:00:00,SITE_IND_001,Industrie,1.805,0.361,NORMAL
2025-01-28 06:00:00,SITE_IND_001,Industrie,3.149,0.6298,SOUTENU
2025-01-28 07:00:00,SITE_IND_001,Industrie,3.273,0.6546000000000001,SOUTENU
2025-01-28 08:00:00,SITE_IND_001,Industrie,3.056,0.6112,SOUTENU
2025-01-28 09:00:00,SITE_IND_001,Industrie,3.26,0.6519999999999999,SOUTENU
2025-01-28 10:00:00,SITE_IND_001,Industrie,2.919,0.5838,SOUTENU
2025-01-28 11:00:00,SITE_IND_001,Industrie,3.162,0.6324,SOUTENU
2025-01-28 12:00:00,SITE_IND_001,Industrie,2.724,0.5448000000000001,SOUTENU
2025-01-28 13:00:00,SITE_IND_001,Industrie,3.077,0.6154,SOUTENU
2025-01-28 14:00:00,SITE_IND_001,Industrie,2.749,0.5498000000000001,SOUTENU
2025-01-28 15:00:00,SITE_IND_001,Industrie,2.886,0.5772,SOUTENU
2025-01-28 16:00:00,SITE_IND_001,Industrie,,,
2025-01-28 17:00:00,SITE_IND_001,Industrie,3.109,0.6218,SOUTENU
2025-01-28 18:00:00,SITE_IND_001,Industrie,3.208,0.6416000000000001,SOUTENU
2025-01-28 19:00:00,SITE_IND_001,Industrie,2.972,0.5944,SOUTENU
2025-01-28 20:00:00,SITE_IND_001,Industrie,3.144,0.6288,SOUTENU
2025-01-28 21:00:00,SITE_IND_001,Industrie,1.632,0.32639999999999997,NORMAL
2025-01-28 22:00:00,SITE_IND_001,Industrie,1.827,0.3654,NORMAL
2025-01-28 23:00:00,SITE_IND_001,Industrie,1.669,0.3338,NORMAL
2025-01-29 00:00:00,SITE_IND_001,Industrie,1.857,0.3714,NORMAL
2025-01-29 01:00:00,SITE_IND_001,Industrie,1.777,0.3554,NORMAL
2025-01-29 02:00:00,SITE_IND_001,Industrie,1.75,0.35,NORMAL
2025-01-29 03:00:00,SITE_IND_001,Industrie,1.611,0.3222,NORMAL
2025-01-29 04:00:00,SITE_IND_001,Industrie,1.753,0.35059999999999997,NORMAL
2025-01-29 05:00:00,SITE_IND_001,Industrie,1.74,0.348,NORMAL
2025-01-29 06:00:00,SITE_IND_001,Industrie,3.214,0.6428,SOUTENU
2025-01-29 07:00:00,SITE_IND_001,Industrie,2.952,0.5904,SOUTENU
2025-01-29 08:00:00,SITE_IND_001,Industrie,2.863,0.5726,SOUTENU
2025-01-29 09:00:00,SITE_IND_001,Industrie,3.241,0.6482,SOUTENU
2025-01-29 10:00:00,SITE_IND_001,Industrie,3.272,0.6544,SOUTENU
2025-01-29 11:00:00,SITE_IND_001,Industrie,3.207,0.6414,SOUTENU
2025-01-29 12:00:00,SITE_IND_001,Industrie,2.82,0.564,SOUTENU
2025-01-29 13:00:00,SITE_IND_001,Industrie,2.978,0.5956,SOUTENU
2025-01-29 14:00:00,SITE_IND_001,Industrie,2.817,0.5634,SOUTENU
2025-01-29 15:00:00,SITE_IND_001,Industrie,2.704,0.5408000000000001,SOUTENU
2025-01-29 16:00:00,SITE_IND_001,Industrie,3.204,0.6408,SOUTENU
2025-01-29 17:00:00,SITE_IND_001,Industrie,,,
2025-01-29 18:00:00,SITE_IND_001,Industrie,3.018,0.6035999999999999,SOUTENU
2025-01-29 19:00:00,SITE_IND_001,Industrie,3.298,0.6596,SOUTENU
2025-01-29 20:00:00,SITE_IND_001,Industrie,3.238,0.6476,SOUTENU
2025-01-29 21:00:00,SITE_IND_001,Industrie,,,
2025-01-29 22:00:00,SITE_IND_001,Industrie,1.862,0.3724,NORMAL
2025-01-29 23:00:00,SITE_IND_001,Industrie,1.912,0.38239999999999996,NORMAL
2025-01-30 00:00:00,SITE_IND_001,Industrie,1.855,0.371,NORMAL
2025-01-30 01:00:00,SITE_IND_001,Industrie,1.67,0.33399999999999996,NORMAL
2025-01-30 02:00:00,SITE_IND_001,Industrie,1.78,0.356,NORMAL
2025-01-30 03:00:00,SITE_IND_001,Industrie,1.717,0.34340000000000004,NORMAL
2025-01-30 04:00:00,SITE_IND_001,Industrie,1.683,0.3366,NORMAL
2025-01-30 05:00:00,SITE_IND_001,Industrie,1.815,0.363,NORMAL
2025-01-30 06:00:00,SITE_IND_001,Industrie,3.202,0.6404,SOUTENU
2025-01-30 07:00:00,SITE_IND_001,Industrie,2.913,0.5826,SOUTENU
2025-01-30 08:00:00,SITE_IND_001,Industrie,3.294,0.6588,SOUTENU
2025-01-30 09:00:00,SITE_IND_001,Industrie,3.149,0.6298,SOUTENU
2025-01-30 10:00:00,SITE_IND_001,Industrie,2.784,0.5568,SOUTENU
2025-01-30 11:00:00,SITE_IND_001,Industrie,2.778,0.5556,SOUTENU
2025-01-30 12:00:00,SITE_IND_001,Industrie,3.087,0.6174000000000001,SOUTENU
2025-01-30 13:00:00,SITE_IND_001,Industrie,2.713,0.5426,SOUTENU
2025-01-30 14:00:00,SITE_IND_001,Industrie,2.777,0.5554,SOUTENU
2025-01-30 15:00:00,SITE_IND_001,Industrie,,,
2025-01-30 16:00:00,SITE_IND_001,Industrie,3.193,0.6386000000000001,SOUTENU
2025-01-30 17:00:00,SITE_IND_001,Industrie,,,
2025-01-30 18:00:00,SITE_IND_001,Industrie,3.23,0.646,SOUTENU
2025-01-30 19:00:00,SITE_IND_001,Industrie,2.877,0.5753999999999999,SOUTENU
2025-01-30 20:00:00,SITE_IND_001,Industrie,2.868,0.5736,SOUTENU
2025-01-30 21:00:00,SITE_IND_001,Industrie,,,
2025-01-30 22:00:00,SITE_IND_001,Industrie,1.921,0.3842,NORMAL
2025-01-30 23:00:00,SITE_IND_001,Industrie,1.745,0.34900000000000003,NORMAL
2025-01-01 00:00:00,SITE_IND_002,Industrie,1.147,0.32771428571428574,NORMAL
2025-01-01 01:00:00,SITE_IND_002,Industrie,1.293,0.3694285714285714,NORMAL
2025-01-01 02:00:00,SITE_IND_002,Industrie,1.29,0.3685714285714286,NORMAL
2025-01-01 03:00:00,SITE_IND_002,Industrie,1.263,0.3608571428571428,NORMAL
2025-01-01 04:00:00,SITE_IND_002,Industrie,,,
2025-01-01 05:00:00,SITE_IND_002,Industrie,1.298,0.3708571428571429,NORMAL
2025-01-01 06:00:00,SITE_IND_002,Industrie,1.964,0.5611428571428572,SOUTENU
2025-01-01 07:00:00,SITE_IND_002,Industrie,2.274,0.6497142857142857,SOUTENU
2025-01-01 08:00:00,SITE_IND_002,Industrie,2.127,0.6077142857142857,SOUTENU
2025-01-01 09:00:00,SITE_IND_002,Industrie,2.26,0.6457142857142857,SOUTENU
2025-01-01 10:00:00,SITE_IND_002,Industrie,1.928,0.5508571428571428,SOUTENU
2025-01-01 11:00:00,SITE_IND_002,Industrie,1.89,0.5399999999999999,SOUTENU
2025-01-01 12:00:00,SITE_IND_002,Industrie,2.191,0.626,SOUTENU
2025-01-01 13:00:00,SITE_IND_002,Industrie,1.899,0.5425714285714286,SOUTENU
2025-01-01 14:00:00,SITE_IND_002,Industrie,,,
2025-01-01 15:00:00,SITE_IND_002,Industrie,2.286,0.6531428571428571,SOUTENU
2025-01-01 16:00:00,SITE_IND_002,Industrie,1.947,0.5562857142857143,SOUTENU
2025-01-01 17:00:00,SITE_IND_002,Industrie,2.293,0.6551428571428571,SOUTENU
2025-01-01 18:00:00,SITE_IND_002,Industrie,2.181,0.6231428571428571,SOUTENU
2025-01-01 19:00:00,SITE_IND_002,Industrie,2.137,0.6105714285714285,SOUTENU
2025-01-01 20:00:00,SITE_IND_002,Industrie,1.943,0.5551428571428572,SOUTENU
2025-01-01 21:00:00,SITE_IND_002,Industrie,1.198,0.34228571428571425,NORMAL
2025-01-01 22:00:00,SITE_IND_002,Industrie,1.25,0.35714285714285715,NORMAL
2025-01-01 23:00:00,SITE_IND_002,Industrie,1.241,0.3545714285714286,NORMAL
2025-01-02 00:00:00,SITE_IND_002,Industrie,1.161,0.33171428571428574,NORMAL
2025-01-02 01:00:00,SITE_IND_002,Industrie,1.124,0.3211428571428572,NORMAL
2025-01-02 02:00:00,SITE_IND_002,Industrie,1.212,0.34628571428571425,NORMAL
2025-01-02 03:00:00,SITE_IND_002,Industrie,1.165,0.33285714285714285,NORMAL
2025-01-02 04:00:00,SITE_IND_002,Industrie,1.282,0.36628571428571427,NORMAL
2025-01-02 05:00:00,SITE_IND_002,Industrie,1.195,0.34142857142857147,NORMAL
2025-01-02 06:00:00,SITE_IND_002,Industrie,,,
2025-01-02 07:00:00,SITE_IND_002,Industrie,1.921,0.5488571428571428,SOUTENU
2025-01-02 08:00:00,SITE_IND_002,Industrie,2.29,0.6542857142857142,SOUTENU
2025-01-02 09:00:00,SITE_IND_002,Industrie,2.197,0.6277142857142858,SOUTENU
2025-01-02 10:00:00,SITE_IND_002,Industrie,2.139,0.6111428571428571,SOUTENU
2025-01-02 11:00:00,SITE_IND_002,Industrie,2.286,0.6531428571428571,SOUTENU
2025-01-02 12:00:00,SITE_IND_002,Industrie,,,
2025-01-02 13:00:00,SITE_IND_002,Industrie,2.193,0.6265714285714286,SOUTENU
2025-01-02 14:00:00,SITE_IND_002,Industrie,1.99,0.5685714285714286,SOUTENU
2025-01-02 15:00:00,SITE_IND_002,Industrie,1.955,0.5585714285714286,SOUTENU
2025-01-02 16:00:00,SITE_IND_002,Industrie,2.168,0.6194285714285714,SOUTENU
2025-01-02 17:00:00,SITE_IND_002,Industrie,1.962,0.5605714285714286,SOUTENU
2025-01-02 18:00:00,SITE_IND_002,Industrie,2.02,0.5771428571428572,SOUTENU
2025-01-02 19:00:00,SITE_IND_002,Industrie,1.928,0.5508571428571428,SOUTENU
2025-01-02 20:00:00,SITE_IND_002,Industrie,2.045,0.5842857142857143,SOUTENU
2025-01-02 21:00:00,SITE_IND_002,Industrie,1.158,0.33085714285714285,NORMAL
2025-01-02 22:00:00,SITE_IND_002,Industrie,1.266,0.3617142857142857,NORMAL
2025-01-02 23:00:00,SITE_IND_002,Industrie,1.34,0.3828571428571429,NORMAL
2025-01-03 00:00:00,SITE_IND_002,Industrie,1.303,0.3722857142857143,NORMAL
2025-01-03 01:00:00,SITE_IND_002,Industrie,1.219,0.3482857142857143,NORMAL
2025-01-03 02:00:00,SITE_IND_002,Industrie,1.324,0.3782857142857143,NORMAL
2025-01-03 03:00:00,SITE_IND_002,Industrie,1.299,0.3711428571428571,NORMAL
2025-01-03 04:00:00,SITE_IND_002,Industrie,1.288,0.368,NORMAL
2025-01-03 05:00:00,SITE_IND_002,Industrie,1.301,0.3717142857142857,NORMAL
2025-01-03 06:00:00,SITE_IND_002,Industrie,2.073,0.5922857142857143,SOUTENU
2025-01-03 07:00:00,SITE_IND_002,Industrie,1.998,0.5708571428571428,SOUTENU
2025-01-03 08:00:00,SITE_IND_002,Industrie,2.053,0.5865714285714285,SOUTENU
2025-01-03 09:00:00,SITE_IND_002,Industrie,2.082,0.5948571428571429,SOUTENU
2025-01-03 10:00:00,SITE_IND_002,Industrie,2.109,0.6025714285714285,SOUTENU
2025-01-03 11:00:00,SITE_IND_002,Industrie,2.137,0.6105714285714285,SOUTENU
2025-01-03 12:00:00,SITE_IND_002,Industrie,2.126,0.6074285714285714,SOUTENU
2025-01-03 13:00:00,SITE_IND_002,Industrie,2.034,0.5811428571428571,SOUTENU
2025-01-03 14:00:00,SITE_IND_002,Industrie,2.146,0.6131428571428571,SOUTENU
2025-01-03 15:00:00,SITE_IND_002,Industrie,2.146,0.6131428571428571,SOUTENU
2025-01-03 16:00:00,SITE_IND_002,Industrie,2.029,0.5797142857142857,SOUTENU
2025-01-03 17:00:00,SITE_IND_002,Industrie,2.267,0.6477142857142857,SOUTENU
2025-01-03 18:00:00,SITE_IND_002,Industrie,,,
2025-01-03 19:00:00,SITE_IND_002,Industrie,2.255,0.6442857142857142,SOUTENU
2025-01-03 20:00:00,SITE_IND_002,Industrie,2.237,0.6391428571428571,SOUTENU
2025-01-03 21:00:00,SITE_IND_002,Industrie,1.149,0.3282857142857143,NORMAL
2025-01-03 22:00:00,SITE_IND_002,Industrie,1.289,0.36828571428571427,NORMAL
2025-01-03 23:00:00,SITE_IND_002,Industrie,1.141,0.326,NORMAL
2025-01-04 00:00:00,SITE_IND_002,Industrie,0.787,0.22485714285714287,NORMAL
2025-01-04 01:00:00,SITE_IND_002,Industrie,0.784,0.224,NORMAL
2025-01-04 02:00:00,SITE_IND_002,Industrie,0.796,0.22742857142857145,NORMAL
2025-01-04 03:00:00,SITE_IND_002,Industrie,0.736,0.21028571428571427,NORMAL
2025-01-04 04:00:00,SITE_IND_002,Industrie,0.716,0.20457142857142857,NORMAL
2025-01-04 05:00:00,SITE_IND_002,Industrie,0.748,0.21371428571428572,NORMAL
2025-01-04 06:00:00,SITE_IND_002,Industrie,1.323,0.378,NORMAL
2025-01-04 07:00:00,SITE_IND_002,Industrie,1.175,0.33571428571428574,NORMAL
2025-01-04 08:00:00,SITE_IND_002,Industrie,1.297,0.37057142857142855,NORMAL
2025-01-04 09:00:00,SITE_IND_002,Industrie,1.139,0.32542857142857146,NORMAL
2025-01-04 10:00:00,SITE_IND_002,Industrie,1.364,0.38971428571428574,NORMAL
2025-01-04 11:00:00,SITE_IND_002,Industrie,,,
2025-01-04 12:00:00,SITE_IND_002,Industrie,1.296,0.3702857142857143,NORMAL
2025-01-04 13:00:00,SITE_IND_002,Industrie,1.198,0.34228571428571425,NORMAL
2025-01-04 14:00:00,SITE_IND_002,Industrie,1.234,0.3525714285714286,NORMAL
2025-01-04 15:00:00,SITE_IND_002,Industrie,1.347,0.38485714285714284,NORMAL
2025-01-04 16:00:00,SITE_IND_002,Industrie,,,
2025-01-04 17:00:00,SITE_IND_002,Industrie,1.295,0.37,NORMAL
2025-01-04 18:00:00,SITE_IND_002,Industrie,1.359,0.3882857142857143,NORMAL
2025-01-04 19:00:00,SITE_IND_002,Industrie,1.361,0.38885714285714285,NORMAL
2025-01-04 20:00:00,SITE_IND_002,Industrie,1.3,0.37142857142857144,NORMAL
2025-01-04 21:00:00,SITE_IND_002,Industrie,0.808,0.23085714285714287,NORMAL
2025-01-04 22:00:00,SITE_IND_002,Industrie,0.667,0.19057142857142859,NORMAL
2025-01-04 23:00:00,SITE_IND_002,Industrie,0.768,0.21942857142857145,NORMAL
2025-01-05 00:00:00,SITE_IND_002,Industrie,0.795,0.22714285714285715,NORMAL
2025-01-05 01:00:00,SITE_IND_002,Industrie,,,
2025-01-05 02:00:00,SITE_IND_002,Industrie,0.68,0.1942857142857143,NORMAL
2025-01-05 03:00:00,SITE_IND_002,Industrie,0.688,0.19657142857142856,NORMAL
2025-01-05 04:00:00,SITE_IND_002,Industrie,0.714,0.204,NORMAL
2025-01-05 05:00:00,SITE_IND_002,Industrie,0.71,0.20285714285714285,NORMAL
2025-01-05 06:00:00,SITE_IND_002,Industrie,1.253,0.358,NORMAL
2025-01-05 07:00:00,SITE_IND_002,Industrie,1.152,0.3291428571428571,NORMAL
2025-01-05 08:00:00,SITE_IND_002,Industrie,1.23,0.3514285714285714,NORMAL
2025-01-05 09:00:00,SITE_IND_002,Industrie,1.169,0.334,NORMAL
2025-01-05 10:00:00,SITE_IND_002,Industrie,1.362,0.3891428571428572,NORMAL
2025-01-05 11:00:00,SITE_IND_002,Industrie,1.33,0.38,NORMAL
2025-01-05 12:00:00,SITE_IND_002,Industrie,1.294,0.3697142857142857,NORMAL
2025-01-05 13:00:00,SITE_IND_002,Industrie,1.176,0.33599999999999997,NORMAL
2025-01-05 14:00:00,SITE_IND_002,Industrie,,,
2025-01-05 15:00:00,SITE_IND_002,Industrie,1.377,0.3934285714285714,NORMAL
2025-01-05 16:00:00,SITE_IND_002,Industrie,1.228,0.35085714285714287,NORMAL
2025-01-05 17:00:00,SITE_IND_002,Industrie,1.182,0.3377142857142857,NORMAL
2025-01-05 18:00:00,SITE_IND_002,Industrie,1.309,0.374,NORMAL
2025-01-05 19:00:00,SITE_IND_002,Industrie,1.282,0.36628571428571427,NORMAL
2025-01-05 20:00:00,SITE_IND_002,Industrie,1.207,0.34485714285714286,NORMAL
2025-01-05 21:00:00,SITE_IND_002,Industrie,0.792,0.22628571428571428,NORMAL
2025-01-05 22:00:00,SITE_IND_002,Industrie,0.714,0.204,NORMAL
2025-01-05 23:00:00,SITE_IND_002,Industrie,0.721,0.206,NORMAL
2025-01-06 00:00:00,SITE_IND_002,Industrie,1.282,0.36628571428571427,NORMAL
2025-01-06 01:00:00,SITE_IND_002,Industrie,1.262,0.3605714285714286,NORMAL
2025-01-06 02:00:00,SITE_IND_002,Industrie,1.234,0.3525714285714286,NORMAL
2025-01-06 03:00:00,SITE_IND_002,Industrie,1.263,0.3608571428571428,NORMAL
2025-01-06 04:00:00,SITE_IND_002,Industrie,1.196,0.3417142857142857,NORMAL
2025-01-06 05:00:00,SITE_IND_002,Industrie,1.273,0.3637142857142857,NORMAL
2025-01-06 06:00:00,SITE_IND_002,Industrie,2.168,0.6194285714285714,SOUTENU
2025-01-06 07:00:00,SITE_IND_002,Industrie,2.239,0.6397142857142857,SOUTENU
2025-01-06 08:00:00,SITE_IND_002,Industrie,1.938,0.5537142857142857,SOUTENU
2025-01-06 09:00:00,SITE_IND_002,Industrie,2.0,0.5714285714285714,SOUTENU
2025-01-06 10:00:00,SITE_IND_002,Industrie,2.014,0.5754285714285714,SOUTENU
2025-01-06 11:00:00,SITE_IND_002,Industrie,2.282,0.652,SOUTENU
2025-01-06 12:00:00,SITE_IND_002,Industrie,2.271,0.6488571428571428,SOUTENU
2025-01-06 13:00:00,SITE_IND_002,Industrie,1.928,0.5508571428571428,SOUTENU
2025-01-06 14:00:00,SITE_IND_002,Industrie,,,
2025-01-06 15:00:00,SITE_IND_002,Industrie,2.085,0.5957142857142858,SOUTENU
2025-01-06 16:00:00,SITE_IND_002,Industrie,2.012,0.5748571428571428,SOUTENU
2025-01-06 17:00:00,SITE_IND_002,Industrie,1.93,0.5514285714285714,SOUTENU
2025-01-06 18:00:00,SITE_IND_002,Industrie,2.169,0.6197142857142858,SOUTENU
2025-01-06 19:00:00,SITE_IND_002,Industrie,2.151,0.6145714285714285,SOUTENU
2025-01-06 20:00:00,SITE_IND_002,Industrie,1.967,0.562,SOUTENU
2025-01-06 21:00:00,SITE_IND_002,Industrie,1.197,0.342,NORMAL
2025-01-06 22:00:00,SITE_IND_002,Industrie,1.298,0.3708571428571429,NORMAL
2025-01-06 23:00:00,SITE_IND_002,Industrie,1.333,0.38085714285714284,NORMAL
2025-01-07 00:00:00,SITE_IND_002,Industrie,1.299,0.3711428571428571,NORMAL
2025-01-07 01:00:00,SITE_IND_002,Industrie,1.19,0.33999999999999997,NORMAL
2025-01-07 02:00:00,SITE_IND_002,Industrie,1.341,0.3831428571428571,NORMAL
2025-01-07 03:00:00,SITE_IND_002,Industrie,1.203,0.34371428571428575,NORMAL
2025-01-07 04:00:00,SITE_IND_002,Industrie,1.275,0.36428571428571427,NORMAL
2025-01-07 05:00:00,SITE_IND_002,Industrie,1.241,0.3545714285714286,NORMAL
2025-01-07 06:00:00,SITE_IND_002,Industrie,2.11,0.6028571428571429,SOUTENU
2025-01-07 07:00:00,SITE_IND_002,Industrie,1.994,0.5697142857142857,SOUTENU
2025-01-07 08:00:00,SITE_IND_002,Industrie,2.242,0.6405714285714286,SOUTENU
2025-01-07 09:00:00,SITE_IND_002,Industrie,2.16,0.6171428571428572,SOUTENU
2025-01-07 10:00:00,SITE_IND_002,Industrie,2.255,0.6442857142857142,SOUTENU
2025-01-07 11:00:00,SITE_IND_002,Industrie,2.297,0.6562857142857144,SOUTENU
2025-01-07 12:00:00,SITE_IND_002,Industrie,2.059,0.5882857142857143,SOUTENU
2025-01-07 13:00:00,SITE_IND_002,Industrie,2.078,0.5937142857142856,SOUTENU
2025-01-07 14:00:00,SITE_IND_002,Industrie,2.099,0.5997142857142858,SOUTENU
2025-01-07 15:00:00,SITE_IND_002,Industrie,2.124,0.6068571428571429,SOUTENU
2025-01-07 16:00:00,SITE_IND_002,Industrie,2.15,0.6142857142857142,SOUTENU
2025-01-07 17:00:00,SITE_IND_002,Industrie,2.172,0.6205714285714287,SOUTENU
2025-01-07 18:00:00,SITE_IND_002,Industrie,1.984,0.5668571428571428,SOUTENU
2025-01-07 19:00:00,SITE_IND_002,Industrie,2.089,0.5968571428571429,SOUTENU
2025-01-07 20:00:00,SITE_IND_002,Industrie,2.209,0.6311428571428571,SOUTENU
2025-01-07 21:00:00,SITE_IND_002,Industrie,1.339,0.38257142857142856,NORMAL
2025-01-07 22:00:00,SITE_IND_002,Industrie,1.114,0.31828571428571434,NORMAL
2025-01-07 23:00:00,SITE_IND_002,Industrie,1.279,0.3654285714285714,NORMAL
2025-01-08 00:00:00,SITE_IND_002,Industrie,1.33,0.38,NORMAL
2025-01-08 01:00:00,SITE_IND_002,Industrie,1.278,0.36514285714285716,NORMAL
2025-01-08 02:00:00,SITE_IND_002,Industrie,1.308,0.3737142857142857,NORMAL
2025-01-08 03:00:00,SITE_IND_002,Industrie,1.264,0.36114285714285715,NORMAL
2025-01-08 04:00:00,SITE_IND_002,Industrie,1.232,0.352,NORMAL
2025-01-08 05:00:00,SITE_IND_002,Industrie,1.221,0.34885714285714287,NORMAL
2025-01-08 06:00:00,SITE_IND_002,Industrie,2.133,0.6094285714285714,SOUTENU
2025-01-08 07:00:00,SITE_IND_002,Industrie,2.142,0.612,SOUTENU
2025-01-08 08:00:00,SITE_IND_002,Industrie,2.301,0.6574285714285715,SOUTENU
2025-01-08 09:00:00,SITE_IND_002,Industrie,2.295,0.6557142857142857,SOUTENU
2025-01-08 10:00:00,SITE_IND_002,Industrie,2.063,0.5894285714285715,SOUTENU
2025-01-08 11:00:00,SITE_IND_002,Industrie,2.185,0.6242857142857143,SOUTENU
2025-01-08 12:00:00,SITE_IND_002,Industrie,2.156,0.616,SOUTENU
2025-01-08 13:00:00,SITE_IND_002,Industrie,2.035,0.5814285714285715,SOUTENU
2025-01-08 14:00:00,SITE_IND_002,Industrie,2.292,0.6548571428571428,SOUTENU
2025-01-08 15:00:00,SITE_IND_002,Industrie,1.938,0.5537142857142857,SOUTENU
2025-01-08 16:00:00,SITE_IND_002,Industrie,2.17,0.62,SOUTENU
2025-01-08 17:00:00,SITE_IND_002,Industrie,2.01,0.5742857142857142,SOUTENU
2025-01-08 18:00:00,SITE_IND_002,Industrie,1.901,0.5431428571428571,SOUTENU
2025-01-08 19:00:00,SITE_IND_002,Industrie,2.205,0.63,SOUTENU
2025-01-08 20:00:00,SITE_IND_002,Industrie,2.243,0.6408571428571428,SOUTENU
2025-01-08 21:00:00,SITE_IND_002,Industrie,1.11,0.31714285714285717,NORMAL
2025-01-08 22:00:00,SITE_IND_002,Industrie,1.284,0.3668571428571429,NORMAL
2025-01-08 23:00:00,SITE_IND_002,Industrie,1.161,0.33171428571428574,NORMAL
2025-01-09 00:00:00,SITE_IND_002,Industrie,1.265,0.3614285714285714,NORMAL
2025-01-09 01:00:00,SITE_IND_002,Industrie,,,
2025-01-09 02:00:00,SITE_IND_002,Industrie,1.164,0.3325714285714286,NORMAL
2025-01-09 03:00:00,SITE_IND_002,Industrie,1.306,0.37314285714285716,NORMAL
2025-01-09 04:00:00,SITE_IND_002,Industrie,1.288,0.368,NORMAL
2025-01-09 05:00:00,SITE_IND_002,Industrie,1.339,0.38257142857142856,NORMAL
2025-01-09 06:00:00,SITE_IND_002,Industrie,1.969,0.5625714285714286,SOUTENU
2025-01-09 07:00:00,SITE_IND_002,Industrie,2.07,0.5914285714285714,SOUTENU
2025-01-09 08:00:00,SITE_IND_002,Industrie,1.997,0.5705714285714286,SOUTENU
2025-01-09 09:00:00,SITE_IND_002,Industrie,,,
2025-01-09 10:00:00,SITE_IND_002,Industrie,2.149,0.614,SOUTENU
2025-01-09 11:00:00,SITE_IND_002,Industrie,2.04,0.5828571428571429,SOUTENU
2025-01-09 12:00:00,SITE_IND_002,Industrie,,,
2025-01-09 13:00:00,SITE_IND_002,Industrie,2.116,0.6045714285714286,SOUTENU
2025-01-09 14:00:00,SITE_IND_002,Industrie,2.029,0.5797142857142857,SOUTENU
2025-01-09 15:00:00,SITE_IND_002,Industrie,2.113,0.6037142857142858,SOUTENU
2025-01-09 16:00:00,SITE_IND_002,Industrie,1.894,0.5411428571428571,SOUTENU
2025-01-09 17:00:00,SITE_IND_002,Industrie,2.148,0.6137142857142858,SOUTENU
2025-01-09 18:00:00,SITE_IND_002,Industrie,2.025,0.5785714285714285,SOUTENU
2025-01-09 19:00:00,SITE_IND_002,Industrie,2.117,0.6048571428571429,SOUTENU
2025-01-09 20:00:00,SITE_IND_002,Industrie,2.047,0.5848571428571429,SOUTENU
2025-01-09 21:00:00,SITE_IND_002,Industrie,1.323,0.378,NORMAL
2025-01-09 22:00:00,SITE_IND_002,Industrie,1.144,0.32685714285714285,NORMAL
2025-01-09 23:00:00,SITE_IND_002,Industrie,1.119,0.31971428571428573,NORMAL
2025-01-10 00:00:00,SITE_IND_002,Industrie,1.206,0.3445714285714286,NORMAL
2025-01-10 01:00:00,SITE_IND_002,Industrie,1.342,0.38342857142857145,NORMAL
2025-01-10 02:00:00,SITE_IND_002,Industrie,1.285,0.3671428571428571,NORMAL
2025-01-10 03:00:00,SITE_IND_002,Industrie,1.124,0.3211428571428572,NORMAL
2025-01-10 04:00:00,SITE_IND_002,Industrie,1.243,0.35514285714285715,NORMAL
2025-01-10 05:00:00,SITE_IND_002,Industrie,1.257,0.3591428571428571,NORMAL
2025-01-10 06:00:00,SITE_IND_002,Industrie,2.115,0.6042857142857143,SOUTENU
2025-01-10 07:00:00,SITE_IND_002,Industrie,2.136,0.6102857142857143,SOUTENU
2025-01-10 08:00:00,SITE_IND_002,Industrie,1.935,0.5528571428571428,SOUTENU
2025-01-10 09:00:00,SITE_IND_002,Industrie,2.211,0.6317142857142857,SOUTENU
2025-01-10 10:00:00,SITE_IND_002,Industrie,2.089,0.5968571428571429,SOUTENU
2025-01-10 11:00:00,SITE_IND_002,Industrie,2.225,0.6357142857142858,SOUTENU
2025-01-10 12:00:00,SITE_IND_002,Industrie,2.174,0.6211428571428571,SOUTENU
2025-01-10 13:00:00,SITE_IND_002,Industrie,2.047,0.5848571428571429,SOUTENU
2025-01-10 14:00:00,SITE_IND_002,Industrie,1.942,0.5548571428571428,SOUTENU
2025-01-10 15:00:00,SITE_IND_002,Industrie,2.288,0.6537142857142857,SOUTENU
2025-01-10 16:00:00,SITE_IND_002,Industrie,2.034,0.5811428571428571,SOUTENU
2025-01-10 17:00:00,SITE_IND_002,Industrie,,,
2025-01-10 18:00:00,SITE_IND_002,Industrie,1.966,0.5617142857142857,SOUTENU
2025-01-10 19:00:00,SITE_IND_002,Industrie,2.282,0.652,SOUTENU
2025-01-10 20:00:00,SITE_IND_002,Industrie,2.012,0.5748571428571428,SOUTENU
2025-01-10 21:00:00,SITE_IND_002,Industrie,1.222,0.34914285714285714,NORMAL
2025-01-10 22:00:00,SITE_IND_002,Industrie,1.127,0.322,NORMAL
2025-01-10 23:00:00,SITE_IND_002,Industrie,1.213,0.3465714285714286,NORMAL
2025-01-11 00:00:00,SITE_IND_002,Industrie,0.745,0.21285714285714286,NORMAL
2025-01-11 01:00:00,SITE_IND_002,Industrie,0.662,0.18914285714285714,NORMAL
2025-01-11 02:00:00,SITE_IND_002,Industrie,,,
2025-01-11 03:00:00,SITE_IND_002,Industrie,0.791,0.226,NORMAL
2025-01-11 04:00:00,SITE_IND_002,Industrie,0.743,0.21228571428571427,NORMAL
2025-01-11 05:00:00,SITE_IND_002,Industrie,0.788,0.22514285714285714,NORMAL
2025-01-11 06:00:00,SITE_IND_002,Industrie,1.357,0.38771428571428573,NORMAL
2025-01-11 07:00:00,SITE_IND_002,Industrie,1.262,0.3605714285714286,NORMAL
2025-01-11 08:00:00,SITE_IND_002,Industrie,1.283,0.36657142857142855,NORMAL
2025-01-11 09:00:00,SITE_IND_002,Industrie,1.386,0.39599999999999996,NORMAL
2025-01-11 10:00:00,SITE_IND_002,Industrie,,,
2025-01-11 11:00:00,SITE_IND_002,Industrie,1.251,0.3574285714285714,NORMAL
2025-01-11 12:00:00,SITE_IND_002,Industrie,,,
2025-01-11 13:00:00,SITE_IND_002,Industrie,1.176,0.33599999999999997,NORMAL
2025-01-11 14:00:00,SITE_IND_002,Industrie,1.373,0.3922857142857143,NORMAL
2025-01-11 15:00:00,SITE_IND_002,Industrie,1.256,0.3588571428571429,NORMAL
2025-01-11 16:00:00,SITE_IND_002,Industrie,1.15,0.32857142857142857,NORMAL
2025-01-11 17:00:00,SITE_IND_002,Industrie,,,
2025-01-11 18:00:00,SITE_IND_002,Industrie,1.146,0.3274285714285714,NORMAL
2025-01-11 19:00:00,SITE_IND_002,Industrie,1.265,0.3614285714285714,NORMAL
2025-01-11 20:00:00,SITE_IND_002,Industrie,1.271,0.3631428571428571,NORMAL
2025-01-11 21:00:00,SITE_IND_002,Industrie,0.758,0.21657142857142858,NORMAL
2025-01-11 22:00:00,SITE_IND_002,Industrie,,,
2025-01-11 23:00:00,SITE_IND_002,Industrie,0.733,0.20942857142857144,NORMAL
2025-01-12 00:00:00,SITE_IND_002,Industrie,0.682,0.19485714285714287,NORMAL
2025-01-12 01:00:00,SITE_IND_002,Industrie,,,
2025-01-12 02:00:00,SITE_IND_002,Industrie,0.679,0.194,NORMAL
2025-01-12 03:00:00,SITE_IND_002,Industrie,0.732,0.20914285714285713,NORMAL
2025-01-12 04:00:00,SITE_IND_002,Industrie,0.784,0.224,NORMAL
2025-01-12 05:00:00,SITE_IND_002,Industrie,,,
2025-01-12 06:00:00,SITE_IND_002,Industrie,1.148,0.32799999999999996,NORMAL
2025-01-12 07:00:00,SITE_IND_002,Industrie,1.285,0.3671428571428571,NORMAL
2025-01-12 08:00:00,SITE_IND_002,Industrie,1.301,0.3717142857142857,NORMAL
2025-01-12 09:00:00,SITE_IND_002,Industrie,1.384,0.3954285714285714,NORMAL
2025-01-12 10:00:00,SITE_IND_002,Industrie,1.285,0.3671428571428571,NORMAL
2025-01-12 11:00:00,SITE_IND_002,Industrie,1.3,0.37142857142857144,NORMAL
2025-01-12 12:00:00,SITE_IND_002,Industrie,,,
2025-01-12 13:00:00,SITE_IND_002,Industrie,1.161,0.33171428571428574,NORMAL
2025-01-12 14:00:00,SITE_IND_002,Industrie,1.24,0.35428571428571426,NORMAL
2025-01-12 15:00:00,SITE_IND_002,Industrie,,,
2025-01-12 16:00:00,SITE_IND_002,Industrie,1.164,0.3325714285714286,NORMAL
2025-01-12 17:00:00,SITE_IND_002,Industrie,1.343,0.38371428571428573,NORMAL
2025-01-12 18:00:00,SITE_IND_002,Industrie,1.266,0.3617142857142857,NORMAL
2025-01-12 19:00:00,SITE_IND_002,Industrie,,,
2025-01-12 20:00:00,SITE_IND_002,Industrie,1.282,0.36628571428571427,NORMAL
2025-01-12 21:00:00,SITE_IND_002,Industrie,0.676,0.19314285714285714,NORMAL
2025-01-12 22:00:00,SITE_IND_002,Industrie,0.788,0.22514285714285714,NORMAL
2025-01-12 23:00:00,SITE_IND_002,Industrie,0.689,0.19685714285714284,NORMAL
2025-01-13 00:00:00,SITE_IND_002,Industrie,1.131,0.3231428571428571,NORMAL
2025-01-13 01:00:00,SITE_IND_002,Industrie,1.18,0.33714285714285713,NORMAL
2025-01-13 02:00:00,SITE_IND_002,Industrie,1.165,0.33285714285714285,NORMAL
2025-01-13 03:00:00,SITE_IND_002,Industrie,,,
2025-01-13 04:00:00,SITE_IND_002,Industrie,1.295,0.37,NORMAL
2025-01-13 05:00:00,SITE_IND_002,Industrie,1.165,0.33285714285714285,NORMAL
2025-01-13 06:00:00,SITE_IND_002,Industrie,2.199,0.6282857142857142,SOUTENU
2025-01-13 07:00:00,SITE_IND_002,Industrie,2.078,0.5937142857142856,SOUTENU
2025-01-13 08:00:00,SITE_IND_002,Industrie,2.058,0.588,SOUTENU
2025-01-13 09:00:00,SITE_IND_002,Industrie,2.187,0.6248571428571428,SOUTENU
2025-01-13 10:00:00,SITE_IND_002,Industrie,1.928,0.5508571428571428,SOUTENU
2025-01-13 11:00:00,SITE_IND_002,Industrie,1.917,0.5477142857142857,SOUTENU
2025-01-13 12:00:00,SITE_IND_002,Industrie,2.051,0.5860000000000001,SOUTENU
2025-01-13 13:00:00,SITE_IND_002,Industrie,,,
2025-01-13 14:00:00,SITE_IND_002,Industrie,2.159,0.6168571428571428,SOUTENU
2025-01-13 15:00:00,SITE_IND_002,Industrie,2.228,0.6365714285714287,SOUTENU
2025-01-13 16:00:00,SITE_IND_002,Industrie,2.107,0.6020000000000001,SOUTENU
2025-01-13 17:00:00,SITE_IND_002,Industrie,1.99,0.5685714285714286,SOUTENU
2025-01-13 18:00:00,SITE_IND_002,Industrie,2.217,0.6334285714285715,SOUTENU
2025-01-13 19:00:00,SITE_IND_002,Industrie,2.107,0.6020000000000001,SOUTENU
2025-01-13 20:00:00,SITE_IND_002,Industrie,2.009,0.574,SOUTENU
2025-01-13 21:00:00,SITE_IND_002,Industrie,1.339,0.38257142857142856,NORMAL
2025-01-13 22:00:00,SITE_IND_002,Industrie,1.33,0.38,NORMAL
2025-01-13 23:00:00,SITE_IND_002,Industrie,1.129,0.32257142857142856,NORMAL
2025-01-14 00:00:00,SITE_IND_002,Industrie,1.299,0.3711428571428571,NORMAL
2025-01-14 01:00:00,SITE_IND_002,Industrie,1.243,0.35514285714285715,NORMAL
2025-01-14 02:00:00,SITE_IND_002,Industrie,1.291,0.36885714285714283,NORMAL
2025-01-14 03:00:00,SITE_IND_002,Industrie,1.215,0.34714285714285714,NORMAL
2025-01-14 04:00:00,SITE_IND_002,Industrie,,,
2025-01-14 05:00:00,SITE_IND_002,Industrie,1.159,0.3311428571428571,NORMAL
2025-01-14 06:00:00,SITE_IND_002,Industrie,1.894,0.5411428571428571,SOUTENU
2025-01-14 07:00:00,SITE_IND_002,Industrie,2.173,0.6208571428571429,SOUTENU
2025-01-14 08:00:00,SITE_IND_002,Industrie,2.09,0.5971428571428571,SOUTENU
2025-01-14 09:00:00,SITE_IND_002,Industrie,2.288,0.6537142857142857,SOUTENU
2025-01-14 10:00:00,SITE_IND_002,Industrie,1.974,0.564,SOUTENU
2025-01-14 11:00:00,SITE_IND_002,Industrie,1.975,0.5642857142857143,SOUTENU
2025-01-14 12:00:00,SITE_IND_002,Industrie,1.935,0.5528571428571428,SOUTENU
2025-01-14 13:00:00,SITE_IND_002,Industrie,2.148,0.6137142857142858,SOUTENU
2025-01-14 14:00:00,SITE_IND_002,Industrie,2.093,0.598,SOUTENU
2025-01-14 15:00:00,SITE_IND_002,Industrie,,,
2025-01-14 16:00:00,SITE_IND_002,Industrie,,,
2025-01-14 17:00:00,SITE_IND_002,Industrie,1.913,0.5465714285714286,SOUTENU
2025-01-14 18:00:00,SITE_IND_002,Industrie,2.101,0.6002857142857143,SOUTENU
2025-01-14 19:00:00,SITE_IND_002,Industrie,2.3,0.6571428571428571,SOUTENU
2025-01-14 20:00:00,SITE_IND_002,Industrie,1.895,0.5414285714285715,SOUTENU
2025-01-14 21:00:00,SITE_IND_002,Industrie,1.253,0.358,NORMAL
2025-01-14 22:00:00,SITE_IND_002,Industrie,1.218,0.348,NORMAL
2025-01-14 23:00:00,SITE_IND_002,Industrie,1.154,0.3297142857142857,NORMAL
2025-01-15 00:00:00,SITE_IND_002,Industrie,1.171,0.3345714285714286,NORMAL
2025-01-15 01:00:00,SITE_IND_002,Industrie,1.158,0.33085714285714285,NORMAL
2025-01-15 02:00:00,SITE_IND_002,Industrie,,,
2025-01-15 03:00:00,SITE_IND_002,Industrie,1.139,0.32542857142857146,NORMAL
2025-01-15 04:00:00,SITE_IND_002,Industrie,,,
2025-01-15 05:00:00,SITE_IND_002,Industrie,1.295,0.37,NORMAL
2025-01-15 06:00:00,SITE_IND_002,Industrie,2.057,0.5877142857142857,SOUTENU
2025-01-15 07:00:00,SITE_IND_002,Industrie,2.09,0.5971428571428571,SOUTENU
2025-01-15 08:00:00,SITE_IND_002,Industrie,2.042,0.5834285714285714,SOUTENU
2025-01-15 09:00:00,SITE_IND_002,Industrie,1.898,0.5422857142857143,SOUTENU
2025-01-15 10:00:00,SITE_IND_002,Industrie,1.974,0.564,SOUTENU
2025-01-15 11:00:00,SITE_IND_002,Industrie,2.218,0.6337142857142857,SOUTENU
2025-01-15 12:00:00,SITE_IND_002,Industrie,2.199,0.6282857142857142,SOUTENU
2025-01-15 13:00:00,SITE_IND_002,Industrie,2.155,0.6157142857142857,SOUTENU
2025-01-15 14:00:00,SITE_IND_002,Industrie,2.032,0.5805714285714286,SOUTENU
2025-01-15 15:00:00,SITE_IND_002,Industrie,1.92,0.5485714285714286,SOUTENU
2025-01-15 16:00:00,SITE_IND_002,Industrie,2.012,0.5748571428571428,SOUTENU
2025-01-15 17:00:00,SITE_IND_002,Industrie,5.846,1.6702857142857144,DÉPASSEMENT
2025-01-15 18:00:00,SITE_IND_002,Industrie,2.296,0.6559999999999999,SOUTENU
2025-01-15 19:00:00,SITE_IND_002,Industrie,2.196,0.6274285714285714,SOUTENU
2025-01-15 20:00:00,SITE_IND_002,Industrie,1.924,0.5497142857142857,SOUTENU
2025-01-15 21:00:00,SITE_IND_002,Industrie,1.318,0.3765714285714286,NORMAL
2025-01-15 22:00:00,SITE_IND_002,Industrie,1.29,0.3685714285714286,NORMAL
2025-01-15 23:00:00,SITE_IND_002,Industrie,1.263,0.3608571428571428,NORMAL
2025-01-16 00:00:00,SITE_IND_002,Industrie,1.172,0.33485714285714285,NORMAL
2025-01-16 01:00:00,SITE_IND_002,Industrie,,,
2025-01-16 02:00:00,SITE_IND_002,Industrie,1.219,0.3482857142857143,NORMAL
2025-01-16 03:00:00,SITE_IND_002,Industrie,1.211,0.34600000000000003,NORMAL
2025-01-16 04:00:00,SITE_IND_002,Industrie,1.249,0.3568571428571429,NORMAL
2025-01-16 05:00:00,SITE_IND_002,Industrie,1.231,0.35171428571428576,NORMAL
2025-01-16 06:00:00,SITE_IND_002,Industrie,2.117,0.6048571428571429,SOUTENU
2025-01-16 07:00:00,SITE_IND_002,Industrie,1.999,0.5711428571428572,SOUTENU
2025-01-16 08:00:00,SITE_IND_002,Industrie,2.246,0.6417142857142857,SOUTENU
2025-01-16 09:00:00,SITE_IND_002,Industrie,2.277,0.6505714285714286,SOUTENU
2025-01-16 10:00:00,SITE_IND_002,Industrie,2.071,0.5917142857142857,SOUTENU
2025-01-16 11:00:00,SITE_IND_002,Industrie,2.047,0.5848571428571429,SOUTENU
2025-01-16 12:00:00,SITE_IND_002,Industrie,1.959,0.5597142857142857,SOUTENU
2025-01-16 13:00:00,SITE_IND_002,Industrie,2.0,0.5714285714285714,SOUTENU
2025-01-16 14:00:00,SITE_IND_002,Industrie,2.272,0.6491428571428571,SOUTENU
2025-01-16 15:00:00,SITE_IND_002,Industrie,2.202,0.6291428571428571,SOUTENU
2025-01-16 16:00:00,SITE_IND_002,Industrie,1.967,0.562,SOUTENU
2025-01-16 17:00:00,SITE_IND_002,Industrie,,,
2025-01-16 18:00:00,SITE_IND_002,Industrie,1.911,0.546,SOUTENU
2025-01-16 19:00:00,SITE_IND_002,Industrie,2.003,0.5722857142857143,SOUTENU
2025-01-16 20:00:00,SITE_IND_002,Industrie,1.953,0.558,SOUTENU
2025-01-16 21:00:00,SITE_IND_002,Industrie,1.298,0.3708571428571429,NORMAL
2025-01-16 22:00:00,SITE_IND_002,Industrie,1.183,0.338,NORMAL
2025-01-16 23:00:00,SITE_IND_002,Industrie,,,
2025-01-17 00:00:00,SITE_IND_002,Industrie,1.309,0.374,NORMAL
2025-01-17 01:00:00,SITE_IND_002,Industrie,1.291,0.36885714285714283,NORMAL
2025-01-17 02:00:00,SITE_IND_002,Industrie,1.283,0.36657142857142855,NORMAL
2025-01-17 03:00:00,SITE_IND_002,Industrie,1.23,0.3514285714285714,NORMAL
2025-01-17 04:00:00,SITE_IND_002,Industrie,1.179,0.33685714285714285,NORMAL
2025-01-17 05:00:00,SITE_IND_002,Industrie,1.332,0.3805714285714286,NORMAL
2025-01-17 06:00:00,SITE_IND_002,Industrie,1.973,0.5637142857142857,SOUTENU
2025-01-17 07:00:00,SITE_IND_002,Industrie,1.937,0.5534285714285715,SOUTENU
2025-01-17 08:00:00,SITE_IND_002,Industrie,2.006,0.5731428571428571,SOUTENU
2025-01-17 09:00:00,SITE_IND_002,Industrie,1.908,0.5451428571428572,SOUTENU
2025-01-17 10:00:00,SITE_IND_002,Industrie,2.046,0.5845714285714285,SOUTENU
2025-01-17 11:00:00,SITE_IND_002,Industrie,2.15,0.6142857142857142,SOUTENU
2025-01-17 12:00:00,SITE_IND_002,Industrie,1.915,0.5471428571428572,SOUTENU
2025-01-17 13:00:00,SITE_IND_002,Industrie,1.943,0.5551428571428572,SOUTENU
2025-01-17 14:00:00,SITE_IND_002,Industrie,2.208,0.6308571428571429,SOUTENU
2025-01-17 15:00:00,SITE_IND_002,Industrie,,,
2025-01-17 16:00:00,SITE_IND_002,Industrie,2.094,0.5982857142857142,SOUTENU
2025-01-17 17:00:00,SITE_IND_002,Industrie,1.97,0.5628571428571428,SOUTENU
2025-01-17 18:00:00,SITE_IND_002,Industrie,2.006,0.5731428571428571,SOUTENU
2025-01-17 19:00:00,SITE_IND_002,Industrie,1.919,0.5482857142857143,SOUTENU
2025-01-17 20:00:00,SITE_IND_002,Industrie,2.044,0.584,SOUTENU
2025-01-17 21:00:00,SITE_IND_002,Industrie,,,
2025-01-17 22:00:00,SITE_IND_002,Industrie,1.161,0.33171428571428574,NORMAL
2025-01-17 23:00:00,SITE_IND_002,Industrie,1.197,0.342,NORMAL
2025-01-18 00:00:00,SITE_IND_002,Industrie,0.752,0.21485714285714286,NORMAL
2025-01-18 01:00:00,SITE_IND_002,Industrie,0.738,0.21085714285714285,NORMAL
2025-01-18 02:00:00,SITE_IND_002,Industrie,0.79,0.22571428571428573,NORMAL
2025-01-18 03:00:00,SITE_IND_002,Industrie,0.745,0.21285714285714286,NORMAL
2025-01-18 04:00:00,SITE_IND_002,Industrie,0.765,0.21857142857142858,NORMAL
2025-01-18 05:00:00,SITE_IND_002,Industrie,0.672,0.192,NORMAL
2025-01-18 06:00:00,SITE_IND_002,Industrie,1.358,0.388,NORMAL
2025-01-18 07:00:00,SITE_IND_002,Industrie,1.275,0.36428571428571427,NORMAL
2025-01-18 08:00:00,SITE_IND_002,Industrie,1.313,0.3751428571428571,NORMAL
2025-01-18 09:00:00,SITE_IND_002,Industrie,1.152,0.3291428571428571,NORMAL
2025-01-18 10:00:00,SITE_IND_002,Industrie,1.158,0.33085714285714285,NORMAL
2025-01-18 11:00:00,SITE_IND_002,Industrie,1.267,0.362,NORMAL
2025-01-18 12:00:00,SITE_IND_002,Industrie,1.323,0.378,NORMAL
2025-01-18 13:00:00,SITE_IND_002,Industrie,1.224,0.3497142857142857,NORMAL
2025-01-18 14:00:00,SITE_IND_002,Industrie,1.176,0.33599999999999997,NORMAL
2025-01-18 15:00:00,SITE_IND_002,Industrie,1.174,0.3354285714285714,NORMAL
2025-01-18 16:00:00,SITE_IND_002,Industrie,1.213,0.3465714285714286,NORMAL
2025-01-18 17:00:00,SITE_IND_002,Industrie,1.327,0.3791428571428571,NORMAL
2025-01-18 18:00:00,SITE_IND_002,Industrie,1.276,0.3645714285714286,NORMAL
2025-01-18 19:00:00,SITE_IND_002,Industrie,1.198,0.34228571428571425,NORMAL
2025-01-18 20:00:00,SITE_IND_002,Industrie,1.317,0.3762857142857143,NORMAL
2025-01-18 21:00:00,SITE_IND_002,Industrie,0.808,0.23085714285714287,NORMAL
2025-01-18 22:00:00,SITE_IND_002,Industrie,0.787,0.22485714285714287,NORMAL
2025-01-18 23:00:00,SITE_IND_002,Industrie,0.702,0.20057142857142857,NORMAL
2025-01-19 00:00:00,SITE_IND_002,Industrie,0.684,0.19542857142857145,NORMAL
2025-01-19 01:00:00,SITE_IND_002,Industrie,0.715,0.20428571428571426,NORMAL
2025-01-19 02:00:00,SITE_IND_002,Industrie,0.675,0.19285714285714287,NORMAL
2025-01-19 03:00:00,SITE_IND_002,Industrie,0.768,0.21942857142857145,NORMAL
2025-01-19 04:00:00,SITE_IND_002,Industrie,0.763,0.218,NORMAL
2025-01-19 05:00:00,SITE_IND_002,Industrie,0.706,0.2017142857142857,NORMAL
2025-01-19 06:00:00,SITE_IND_002,Industrie,1.148,0.32799999999999996,NORMAL
2025-01-19 07:00:00,SITE_IND_002,Industrie,1.239,0.35400000000000004,NORMAL
2025-01-19 08:00:00,SITE_IND_002,Industrie,4.872,1.392,DÉPASSEMENT
2025-01-19 09:00:00,SITE_IND_002,Industrie,1.23,0.3514285714285714,NORMAL
2025-01-19 10:00:00,SITE_IND_002,Industrie,1.172,0.33485714285714285,NORMAL
2025-01-19 11:00:00,SITE_IND_002,Industrie,,,
2025-01-19 12:00:00,SITE_IND_002,Industrie,1.261,0.36028571428571426,NORMAL
2025-01-19 13:00:00,SITE_IND_002,Industrie,1.167,0.33342857142857146,NORMAL
2025-01-19 14:00:00,SITE_IND_002,Industrie,1.235,0.35285714285714287,NORMAL
2025-01-19 15:00:00,SITE_IND_002,Industrie,1.167,0.33342857142857146,NORMAL
2025-01-19 16:00:00,SITE_IND_002,Industrie,,,
2025-01-19 17:00:00,SITE_IND_002,Industrie,1.196,0.3417142857142857,NORMAL
2025-01-19 18:00:00,SITE_IND_002,Industrie,1.367,0.39057142857142857,NORMAL
2025-01-19 19:00:00,SITE_IND_002,Industrie,1.222,0.34914285714285714,NORMAL
2025-01-19 20:00:00,SITE_IND_002,Industrie,1.211,0.34600000000000003,NORMAL
2025-01-19 21:00:00,SITE_IND_002,Industrie,0.727,0.2077142857142857,NORMAL
2025-01-19 22:00:00,SITE_IND_002,Industrie,0.691,0.19742857142857143,NORMAL
2025-01-19 23:00:00,SITE_IND_002,Industrie,0.678,0.19371428571428573,NORMAL
2025-01-20 00:00:00,SITE_IND_002,Industrie,1.315,0.3757142857142857,NORMAL
2025-01-20 01:00:00,SITE_IND_002,Industrie,1.13,0.32285714285714284,NORMAL
2025-01-20 02:00:00,SITE_IND_002,Industrie,1.234,0.3525714285714286,NORMAL
2025-01-20 03:00:00,SITE_IND_002,Industrie,1.221,0.34885714285714287,NORMAL
2025-01-20 04:00:00,SITE_IND_002,Industrie,1.107,0.3162857142857143,NORMAL
2025-01-20 05:00:00,SITE_IND_002,Industrie,1.144,0.32685714285714285,NORMAL
2025-01-20 06:00:00,SITE_IND_002,Industrie,1.912,0.5462857142857143,SOUTENU
2025-01-20 07:00:00,SITE_IND_002,Industrie,2.004,0.5725714285714286,SOUTENU
2025-01-20 08:00:00,SITE_IND_002,Industrie,1.898,0.5422857142857143,SOUTENU
2025-01-20 09:00:00,SITE_IND_002,Industrie,2.05,0.5857142857142856,SOUTENU
2025-01-20 10:00:00,SITE_IND_002,Industrie,2.254,0.644,SOUTENU
2025-01-20 11:00:00,SITE_IND_002,Industrie,2.082,0.5948571428571429,SOUTENU
2025-01-20 12:00:00,SITE_IND_002,Industrie,2.112,0.6034285714285714,SOUTENU
2025-01-20 13:00:00,SITE_IND_002,Industrie,4.82,1.3771428571428572,DÉPASSEMENT
2025-01-20 14:00:00,SITE_IND_002,Industrie,2.301,0.6574285714285715,SOUTENU
2025-01-20 15:00:00,SITE_IND_002,Industrie,2.259,0.6454285714285714,SOUTENU
2025-01-20 16:00:00,SITE_IND_002,Industrie,2.123,0.6065714285714287,SOUTENU
2025-01-20 17:00:00,SITE_IND_002,Industrie,2.166,0.6188571428571429,SOUTENU
2025-01-20 18:00:00,SITE_IND_002,Industrie,2.147,0.6134285714285713,SOUTENU
2025-01-20 19:00:00,SITE_IND_002,Industrie,1.954,0.5582857142857143,SOUTENU
2025-01-20 20:00:00,SITE_IND_002,Industrie,2.118,0.6051428571428571,SOUTENU
2025-01-20 21:00:00,SITE_IND_002,Industrie,1.299,0.3711428571428571,NORMAL
2025-01-20 22:00:00,SITE_IND_002,Industrie,1.231,0.35171428571428576,NORMAL
2025-01-20 23:00:00,SITE_IND_002,Industrie,1.138,0.3251428571428571,NORMAL
2025-01-21 00:00:00,SITE_IND_002,Industrie,1.239,0.35400000000000004,NORMAL
2025-01-21 01:00:00,SITE_IND_002,Industrie,1.318,0.3765714285714286,NORMAL
2025-01-21 02:00:00,SITE_IND_002,Industrie,1.204,0.344,NORMAL
2025-01-21 03:00:00,SITE_IND_002,Industrie,,,
2025-01-21 04:00:00,SITE_IND_002,Industrie,1.129,0.32257142857142856,NORMAL
2025-01-21 05:00:00,SITE_IND_002,Industrie,1.168,0.3337142857142857,NORMAL
2025-01-21 06:00:00,SITE_IND_002,Industrie,2.179,0.6225714285714286,SOUTENU
2025-01-21 07:00:00,SITE_IND_002,Industrie,2.101,0.6002857142857143,SOUTENU
2025-01-21 08:00:00,SITE_IND_002,Industrie,,,
2025-01-21 09:00:00,SITE_IND_002,Industrie,,,
2025-01-21 10:00:00,SITE_IND_002,Industrie,2.063,0.5894285714285715,SOUTENU
2025-01-21 11:00:00,SITE_IND_002,Industrie,1.918,0.5479999999999999,SOUTENU
2025-01-21 12:00:00,SITE_IND_002,Industrie,2.096,0.5988571428571429,SOUTENU
2025-01-21 13:00:00,SITE_IND_002,Industrie,2.06,0.5885714285714286,SOUTENU
2025-01-21 14:00:00,SITE_IND_002,Industrie,2.021,0.5774285714285714,SOUTENU
2025-01-21 15:00:00,SITE_IND_002,Industrie,,,
2025-01-21 16:00:00,SITE_IND_002,Industrie,2.08,0.5942857142857143,SOUTENU
2025-01-21 17:00:00,SITE_IND_002,Industrie,2.108,0.6022857142857143,SOUTENU
2025-01-21 18:00:00,SITE_IND_002,Industrie,2.107,0.6020000000000001,SOUTENU
2025-01-21 19:00:00,SITE_IND_002,Industrie,2.057,0.5877142857142857,SOUTENU
2025-01-21 20:00:00,SITE_IND_002,Industrie,2.067,0.5905714285714286,SOUTENU
2025-01-21 21:00:00,SITE_IND_002,Industrie,1.137,0.32485714285714284,NORMAL
2025-01-21 22:00:00,SITE_IND_002,Industrie,1.13,0.32285714285714284,NORMAL
2025-01-21 23:00:00,SITE_IND_002,Industrie,1.136,0.32457142857142857,NORMAL
2025-01-22 00:00:00,SITE_IND_002,Industrie,1.247,0.3562857142857143,NORMAL
2025-01-22 01:00:00,SITE_IND_002,Industrie,1.164,0.3325714285714286,NORMAL
2025-01-22 02:00:00,SITE_IND_002,Industrie,1.279,0.3654285714285714,NORMAL
2025-01-22 03:00:00,SITE_IND_002,Industrie,1.191,0.3402857142857143,NORMAL
2025-01-22 04:00:00,SITE_IND_002,Industrie,1.228,0.35085714285714287,NORMAL
2025-01-22 05:00:00,SITE_IND_002,Industrie,1.291,0.36885714285714283,NORMAL
2025-01-22 06:00:00,SITE_IND_002,Industrie,1.953,0.558,SOUTENU
2025-01-22 07:00:00,SITE_IND_002,Industrie,2.066,0.5902857142857142,SOUTENU
2025-01-22 08:00:00,SITE_IND_002,Industrie,2.153,0.6151428571428571,SOUTENU
2025-01-22 09:00:00,SITE_IND_002,Industrie,2.151,0.6145714285714285,SOUTENU
2025-01-22 10:00:00,SITE_IND_002,Industrie,2.118,0.6051428571428571,SOUTENU
2025-01-22 11:00:00,SITE_IND_002,Industrie,,,
2025-01-22 12:00:00,SITE_IND_002,Industrie,2.142,0.612,SOUTENU
2025-01-22 13:00:00,SITE_IND_002,Industrie,2.124,0.6068571428571429,SOUTENU
2025-01-22 14:00:00,SITE_IND_002,Industrie,2.164,0.6182857142857143,SOUTENU
2025-01-22 15:00:00,SITE_IND_002,Industrie,,,
2025-01-22 16:00:00,SITE_IND_002,Industrie,2.065,0.59,SOUTENU
2025-01-22 17:00:00,SITE_IND_002,Industrie,2.18,0.6228571428571429,SOUTENU
2025-01-22 18:00:00,SITE_IND_002,Industrie,2.081,0.5945714285714285,SOUTENU
2025-01-22 19:00:00,SITE_IND_002,Industrie,2.016,0.576,SOUTENU
2025-01-22 20:00:00,SITE_IND_002,Industrie,2.069,0.5911428571428571,SOUTENU
2025-01-22 21:00:00,SITE_IND_002,Industrie,,,
2025-01-22 22:00:00,SITE_IND_002,Industrie,1.273,0.3637142857142857,NORMAL
2025-01-22 23:00:00,SITE_IND_002,Industrie,1.257,0.3591428571428571,NORMAL
2025-01-23 00:00:00,SITE_IND_002,Industrie,1.331,0.3802857142857143,NORMAL
2025-01-23 01:00:00,SITE_IND_002,Industrie,,,
2025-01-23 02:00:00,SITE_IND_002,Industrie,1.134,0.32399999999999995,NORMAL
2025-01-23 03:00:00,SITE_IND_002,Industrie,5.655,1.6157142857142859,DÉPASSEMENT
2025-01-23 04:00:00,SITE_IND_002,Industrie,1.342,0.38342857142857145,NORMAL
2025-01-23 05:00:00,SITE_IND_002,Industrie,,,
2025-01-23 06:00:00,SITE_IND_002,Industrie,2.064,0.5897142857142857,SOUTENU
2025-01-23 07:00:00,SITE_IND_002,Industrie,1.895,0.5414285714285715,SOUTENU
2025-01-23 08:00:00,SITE_IND_002,Industrie,2.019,0.5768571428571428,SOUTENU
2025-01-23 09:00:00,SITE_IND_002,Industrie,2.178,0.6222857142857142,SOUTENU
2025-01-23 10:00:00,SITE_IND_002,Industrie,1.902,0.5434285714285714,SOUTENU
2025-01-23 11:00:00,SITE_IND_002,Industrie,2.172,0.6205714285714287,SOUTENU
2025-01-23 12:00:00,SITE_IND_002,Industrie,2.092,0.5977142857142858,SOUTENU
2025-01-23 13:00:00,SITE_IND_002,Industrie,2.031,0.5802857142857143,SOUTENU
2025-01-23 14:00:00,SITE_IND_002,Industrie,,,
2025-01-23 15:00:00,SITE_IND_002,Industrie,2.115,0.6042857142857143,SOUTENU
2025-01-23 16:00:00,SITE_IND_002,Industrie,2.263,0.6465714285714286,SOUTENU
2025-01-23 17:00:00,SITE_IND_002,Industrie,1.903,0.5437142857142857,SOUTENU
2025-01-23 18:00:00,SITE_IND_002,Industrie,2.13,0.6085714285714285,SOUTENU
2025-01-23 19:00:00,SITE_IND_002,Industrie,2.206,0.6302857142857142,SOUTENU
2025-01-23 20:00:00,SITE_IND_002,Industrie,2.064,0.5897142857142857,SOUTENU
2025-01-23 21:00:00,SITE_IND_002,Industrie,1.335,0.3814285714285714,NORMAL
2025-01-23 22:00:00,SITE_IND_002,Industrie,1.295,0.37,NORMAL
2025-01-23 23:00:00,SITE_IND_002,Industrie,1.109,0.31685714285714284,NORMAL
2025-01-24 00:00:00,SITE_IND_002,Industrie,1.329,0.3797142857142857,NORMAL
2025-01-24 01:00:00,SITE_IND_002,Industrie,1.138,0.3251428571428571,NORMAL
2025-01-24 02:00:00,SITE_IND_002,Industrie,1.268,0.36228571428571427,NORMAL
2025-01-24 03:00:00,SITE_IND_002,Industrie,1.277,0.3648571428571428,NORMAL
2025-01-24 04:00:00,SITE_IND_002,Industrie,1.271,0.3631428571428571,NORMAL
2025-01-24 05:00:00,SITE_IND_002,Industrie,,,
2025-01-24 06:00:00,SITE_IND_002,Industrie,2.133,0.6094285714285714,SOUTENU
2025-01-24 07:00:00,SITE_IND_002,Industrie,1.971,0.5631428571428572,SOUTENU
2025-01-24 08:00:00,SITE_IND_002,Industrie,1.939,0.554,SOUTENU
2025-01-24 09:00:00,SITE_IND_002,Industrie,,,
2025-01-24 10:00:00,SITE_IND_002,Industrie,2.024,0.5782857142857143,SOUTENU
2025-01-24 11:00:00,SITE_IND_002,Industrie,1.993,0.5694285714285715,SOUTENU
2025-01-24 12:00:00,SITE_IND_002,Industrie,2.076,0.5931428571428572,SOUTENU
2025-01-24 13:00:00,SITE_IND_002,Industrie,1.934,0.5525714285714286,SOUTENU
2025-01-24 14:00:00,SITE_IND_002,Industrie,2.14,0.6114285714285714,SOUTENU
2025-01-24 15:00:00,SITE_IND_002,Industrie,2.149,0.614,SOUTENU
2025-01-24 16:00:00,SITE_IND_002,Industrie,2.172,0.6205714285714287,SOUTENU
2025-01-24 17:00:00,SITE_IND_002,Industrie,,,
2025-01-24 18:00:00,SITE_IND_002,Industrie,2.087,0.5962857142857143,SOUTENU
2025-01-24 19:00:00,SITE_IND_002,Industrie,2.085,0.5957142857142858,SOUTENU
2025-01-24 20:00:00,SITE_IND_002,Industrie,2.149,0.614,SOUTENU
2025-01-24 21:00:00,SITE_IND_002,Industrie,1.265,0.3614285714285714,NORMAL
2025-01-24 22:00:00,SITE_IND_002,Industrie,1.11,0.31714285714285717,NORMAL
2025-01-24 23:00:00,SITE_IND_002,Industrie,1.144,0.32685714285714285,NORMAL
2025-01-25 00:00:00,SITE_IND_002,Industrie,0.677,0.19342857142857145,NORMAL
2025-01-25 01:00:00,SITE_IND_002,Industrie,,,
2025-01-25 02:00:00,SITE_IND_002,Industrie,0.722,0.20628571428571427,NORMAL
2025-01-25 03:00:00,SITE_IND_002,Industrie,0.718,0.20514285714285713,NORMAL
2025-01-25 04:00:00,SITE_IND_002,Industrie,0.777,0.222,NORMAL
2025-01-25 05:00:00,SITE_IND_002,Industrie,0.696,0.19885714285714284,NORMAL
2025-01-25 06:00:00,SITE_IND_002,Industrie,1.279,0.3654285714285714,NORMAL
2025-01-25 07:00:00,SITE_IND_002,Industrie,,,
2025-01-25 08:00:00,SITE_IND_002,Industrie,1.152,0.3291428571428571,NORMAL
2025-01-25 09:00:00,SITE_IND_002,Industrie,1.229,0.35114285714285715,NORMAL
2025-01-25 10:00:00,SITE_IND_002,Industrie,1.34,0.3828571428571429,NORMAL
2025-01-25 11:00:00,SITE_IND_002,Industrie,1.134,0.32399999999999995,NORMAL
2025-01-25 12:00:00,SITE_IND_002,Industrie,1.232,0.352,NORMAL
2025-01-25 13:00:00,SITE_IND_002,Industrie,1.214,0.34685714285714286,NORMAL
2025-01-25 14:00:00,SITE_IND_002,Industrie,1.372,0.392,NORMAL
2025-01-25 15:00:00,SITE_IND_002,Industrie,1.157,0.33057142857142857,NORMAL
2025-01-25 16:00:00,SITE_IND_002,Industrie,1.166,0.33314285714285713,NORMAL
2025-01-25 17:00:00,SITE_IND_002,Industrie,1.147,0.32771428571428574,NORMAL
2025-01-25 18:00:00,SITE_IND_002,Industrie,1.351,0.386,NORMAL
2025-01-25 19:00:00,SITE_IND_002,Industrie,1.233,0.3522857142857143,NORMAL
2025-01-25 20:00:00,SITE_IND_002,Industrie,1.271,0.3631428571428571,NORMAL
2025-01-25 21:00:00,SITE_IND_002,Industrie,0.718,0.20514285714285713,NORMAL
2025-01-25 22:00:00,SITE_IND_002,Industrie,0.808,0.23085714285714287,NORMAL
2025-01-25 23:00:00,SITE_IND_002,Industrie,0.664,0.18971428571428572,NORMAL
2025-01-26 00:00:00,SITE_IND_002,Industrie,0.807,0.2305714285714286,NORMAL
2025-01-26 01:00:00,SITE_IND_002,Industrie,0.729,0.20828571428571427,NORMAL
2025-01-26 02:00:00,SITE_IND_002,Industrie,5.835,1.667142857142857,DÉPASSEMENT
2025-01-26 03:00:00,SITE_IND_002,Industrie,0.714,0.204,NORMAL
2025-01-26 04:00:00,SITE_IND_002,Industrie,0.786,0.2245714285714286,NORMAL
2025-01-26 05:00:00,SITE_IND_002,Industrie,0.742,0.212,NORMAL
2025-01-26 06:00:00,SITE_IND_002,Industrie,,,
2025-01-26 07:00:00,SITE_IND_002,Industrie,1.17,0.33428571428571424,NORMAL
2025-01-26 08:00:00,SITE_IND_002,Industrie,,,
2025-01-26 09:00:00,SITE_IND_002,Industrie,1.156,0.33028571428571424,NORMAL
2025-01-26 10:00:00,SITE_IND_002,Industrie,1.154,0.3297142857142857,NORMAL
2025-01-26 11:00:00,SITE_IND_002,Industrie,1.147,0.32771428571428574,NORMAL
2025-01-26 12:00:00,SITE_IND_002,Industrie,1.263,0.3608571428571428,NORMAL
2025-01-26 13:00:00,SITE_IND_002,Industrie,1.376,0.3931428571428571,NORMAL
2025-01-26 14:00:00,SITE_IND_002,Industrie,1.367,0.39057142857142857,NORMAL
2025-01-26 15:00:00,SITE_IND_002,Industrie,1.149,0.3282857142857143,NORMAL
2025-01-26 16:00:00,SITE_IND_002,Industrie,1.384,0.3954285714285714,NORMAL
2025-01-26 17:00:00,SITE_IND_002,Industrie,1.155,0.33,NORMAL
2025-01-26 18:00:00,SITE_IND_002,Industrie,1.167,0.33342857142857146,NORMAL
2025-01-26 19:00:00,SITE_IND_002,Industrie,1.162,0.33199999999999996,NORMAL
2025-01-26 20:00:00,SITE_IND_002,Industrie,,,
2025-01-26 21:00:00,SITE_IND_002,Industrie,0.733,0.20942857142857144,NORMAL
2025-01-26 22:00:00,SITE_IND_002,Industrie,0.674,0.1925714285714286,NORMAL
2025-01-26 23:00:00,SITE_IND_002,Industrie,0.734,0.20971428571428571,NORMAL
2025-01-27 00:00:00,SITE_IND_002,Industrie,1.21,0.3457142857142857,NORMAL
2025-01-27 01:00:00,SITE_IND_002,Industrie,1.187,0.33914285714285713,NORMAL
2025-01-27 02:00:00,SITE_IND_002,Industrie,1.144,0.32685714285714285,NORMAL
2025-01-27 03:00:00,SITE_IND_002,Industrie,,,
2025-01-27 04:00:00,SITE_IND_002,Industrie,1.219,0.3482857142857143,NORMAL
2025-01-27 05:00:00,SITE_IND_002,Industrie,1.33,0.38,NORMAL
2025-01-27 06:00:00,SITE_IND_002,Industrie,2.177,0.622,SOUTENU
2025-01-27 07:00:00,SITE_IND_002,Industrie,2.292,0.6548571428571428,SOUTENU
2025-01-27 08:00:00,SITE_IND_002,Industrie,2.031,0.5802857142857143,SOUTENU
2025-01-27 09:00:00,SITE_IND_002,Industrie,2.054,0.5868571428571429,SOUTENU
2025-01-27 10:00:00,SITE_IND_002,Industrie,2.137,0.6105714285714285,SOUTENU
2025-01-27 11:00:00,SITE_IND_002,Industrie,1.966,0.5617142857142857,SOUTENU
2025-01-27 12:00:00,SITE_IND_002,Industrie,1.895,0.5414285714285715,SOUTENU
2025-01-27 13:00:00,SITE_IND_002,Industrie,1.982,0.5662857142857143,SOUTENU
2025-01-27 14:00:00,SITE_IND_002,Industrie,1.929,0.5511428571428572,SOUTENU
2025-01-27 15:00:00,SITE_IND_002,Industrie,2.289,0.654,SOUTENU
2025-01-27 16:00:00,SITE_IND_002,Industrie,2.25,0.6428571428571429,SOUTENU
2025-01-27 17:00:00,SITE_IND_002,Industrie,2.128,0.608,SOUTENU
2025-01-27 18:00:00,SITE_IND_002,Industrie,1.996,0.5702857142857143,SOUTENU
2025-01-27 19:00:00,SITE_IND_002,Industrie,2.278,0.6508571428571429,SOUTENU
2025-01-27 20:00:00,SITE_IND_002,Industrie,2.213,0.6322857142857143,SOUTENU
2025-01-27 21:00:00,SITE_IND_002,Industrie,1.293,0.3694285714285714,NORMAL
2025-01-27 22:00:00,SITE_IND_002,Industrie,1.337,0.382,NORMAL
2025-01-27 23:00:00,SITE_IND_002,Industrie,1.33,0.38,NORMAL
2025-01-28 00:00:00,SITE_IND_002,Industrie,,,
2025-01-28 01:00:00,SITE_IND_002,Industrie,1.326,0.3788571428571429,NORMAL
2025-01-28 02:00:00,SITE_IND_002,Industrie,,,
2025-01-28 03:00:00,SITE_IND_002,Industrie,1.139,0.32542857142857146,NORMAL
2025-01-28 04:00:00,SITE_IND_002,Industrie,1.168,0.3337142857142857,NORMAL
2025-01-28 05:00:00,SITE_IND_002,Industrie,1.229,0.35114285714285715,NORMAL
2025-01-28 06:00:00,SITE_IND_002,Industrie,2.245,0.6414285714285715,SOUTENU
2025-01-28 07:00:00,SITE_IND_002,Industrie,1.891,0.5402857142857143,SOUTENU
2025-01-28 08:00:00,SITE_IND_002,Industrie,2.128,0.608,SOUTENU
2025-01-28 09:00:00,SITE_IND_002,Industrie,2.058,0.588,SOUTENU
2025-01-28 10:00:00,SITE_IND_002,Industrie,2.115,0.6042857142857143,SOUTENU
2025-01-28 11:00:00,SITE_IND_002,Industrie,2.212,0.632,SOUTENU
2025-01-28 12:00:00,SITE_IND_002,Industrie,2.051,0.5860000000000001,SOUTENU
2025-01-28 13:00:00,SITE_IND_002,Industrie,2.155,0.6157142857142857,SOUTENU
2025-01-28 14:00:00,SITE_IND_002,Industrie,2.199,0.6282857142857142,SOUTENU
2025-01-28 15:00:00,SITE_IND_002,Industrie,,,
2025-01-28 16:00:00,SITE_IND_002,Industrie,,,
2025-01-28 17:00:00,SITE_IND_002,Industrie,2.308,0.6594285714285714,SOUTENU
2025-01-28 18:00:00,SITE_IND_002,Industrie,1.908,0.5451428571428572,SOUTENU
2025-01-28 19:00:00,SITE_IND_002,Industrie,2.083,0.5951428571428572,SOUTENU
2025-01-28 20:00:00,SITE_IND_002,Industrie,2.133,0.6094285714285714,SOUTENU
2025-01-28 21:00:00,SITE_IND_002,Industrie,1.263,0.3608571428571428,NORMAL
2025-01-28 22:00:00,SITE_IND_002,Industrie,1.274,0.364,NORMAL
2025-01-28 23:00:00,SITE_IND_002,Industrie,1.178,0.3365714285714286,NORMAL
2025-01-29 00:00:00,SITE_IND_002,Industrie,1.247,0.3562857142857143,NORMAL
2025-01-29 01:00:00,SITE_IND_002,Industrie,1.298,0.3708571428571429,NORMAL
2025-01-29 02:00:00,SITE_IND_002,Industrie,1.301,0.3717142857142857,NORMAL
2025-01-29 03:00:00,SITE_IND_002,Industrie,1.342,0.38342857142857145,NORMAL
2025-01-29 04:00:00,SITE_IND_002,Industrie,1.297,0.37057142857142855,NORMAL
2025-01-29 05:00:00,SITE_IND_002,Industrie,1.132,0.3234285714285714,NORMAL
2025-01-29 06:00:00,SITE_IND_002,Industrie,2.122,0.6062857142857142,SOUTENU
2025-01-29 07:00:00,SITE_IND_002,Industrie,1.932,0.5519999999999999,SOUTENU
2025-01-29 08:00:00,SITE_IND_002,Industrie,1.897,0.542,SOUTENU
2025-01-29 09:00:00,SITE_IND_002,Industrie,1.927,0.5505714285714286,SOUTENU
2025-01-29 10:00:00,SITE_IND_002,Industrie,2.229,0.6368571428571429,SOUTENU
2025-01-29 11:00:00,SITE_IND_002,Industrie,2.159,0.6168571428571428,SOUTENU
2025-01-29 12:00:00,SITE_IND_002,Industrie,2.146,0.6131428571428571,SOUTENU
2025-01-29 13:00:00,SITE_IND_002,Industrie,2.289,0.654,SOUTENU
2025-01-29 14:00:00,SITE_IND_002,Industrie,1.892,0.5405714285714286,SOUTENU
2025-01-29 15:00:00,SITE_IND_002,Industrie,1.93,0.5514285714285714,SOUTENU
2025-01-29 16:00:00,SITE_IND_002,Industrie,1.982,0.5662857142857143,SOUTENU
2025-01-29 17:00:00,SITE_IND_002,Industrie,1.971,0.5631428571428572,SOUTENU
2025-01-29 18:00:00,SITE_IND_002,Industrie,2.089,0.5968571428571429,SOUTENU
2025-01-29 19:00:00,SITE_IND_002,Industrie,2.161,0.6174285714285714,SOUTENU
2025-01-29 20:00:00,SITE_IND_002,Industrie,2.228,0.6365714285714287,SOUTENU
2025-01-29 21:00:00,SITE_IND_002,Industrie,1.329,0.3797142857142857,NORMAL
2025-01-29 22:00:00,SITE_IND_002,Industrie,1.131,0.3231428571428571,NORMAL
2025-01-29 23:00:00,SITE_IND_002,Industrie,1.182,0.3377142857142857,NORMAL
2025-01-30 00:00:00,SITE_IND_002,Industrie,1.293,0.3694285714285714,NORMAL
2025-01-30 01:00:00,SITE_IND_002,Industrie,1.316,0.376,NORMAL
2025-01-30 02:00:00,SITE_IND_002,Industrie,1.221,0.34885714285714287,NORMAL
2025-01-30 03:00:00,SITE_IND_002,Industrie,1.214,0.34685714285714286,NORMAL
2025-01-30 04:00:00,SITE_IND_002,Industrie,1.257,0.3591428571428571,NORMAL
2025-01-30 05:00:00,SITE_IND_002,Industrie,1.272,0.36342857142857143,NORMAL
2025-01-30 06:00:00,SITE_IND_002,Industrie,2.083,0.5951428571428572,SOUTENU
2025-01-30 07:00:00,SITE_IND_002,Industrie,2.144,0.6125714285714287,SOUTENU
2025-01-30 08:00:00,SITE_IND_002,Industrie,1.961,0.5602857142857143,SOUTENU
2025-01-30 09:00:00,SITE_IND_002,Industrie,2.25,0.6428571428571429,SOUTENU
2025-01-30 10:00:00,SITE_IND_002,Industrie,2.242,0.6405714285714286,SOUTENU
2025-01-30 11:00:00,SITE_IND_002,Industrie,,,
2025-01-30 12:00:00,SITE_IND_002,Industrie,2.139,0.6111428571428571,SOUTENU
2025-01-30 13:00:00,SITE_IND_002,Industrie,2.302,0.6577142857142857,SOUTENU
2025-01-30 14:00:00,SITE_IND_002,Industrie,1.904,0.5439999999999999,SOUTENU
2025-01-30 15:00:00,SITE_IND_002,Industrie,2.235,0.6385714285714286,SOUTENU
2025-01-30 16:00:00,SITE_IND_002,Industrie,1.895,0.5414285714285715,SOUTENU
2025-01-30 17:00:00,SITE_IND_002,Industrie,2.014,0.5754285714285714,SOUTENU
2025-01-30 18:00:00,SITE_IND_002,Industrie,2.018,0.5765714285714285,SOUTENU
2025-01-30 19:00:00,SITE_IND_002,Industrie,1.9,0.5428571428571428,SOUTENU
2025-01-30 20:00:00,SITE_IND_002,Industrie,2.06,0.5885714285714286,SOUTENU
2025-01-30 21:00:00,SITE_IND_002,Industrie,1.258,0.35942857142857143,NORMAL
2025-01-30 22:00:00,SITE_IND_002,Industrie,1.184,0.33828571428571425,NORMAL
2025-01-30 23:00:00,SITE_IND_002,Industrie,1.334,0.38114285714285717,NORMAL
2025-01-01 00:00:00,SITE_RES_001,Residentiel,0.307,0.38375,NORMAL
2025-01-01 01:00:00,SITE_RES_001,Residentiel,0.309,0.38625,NORMAL
2025-01-01 02:00:00,SITE_RES_001,Residentiel,0.32,0.39999999999999997,NORMAL
2025-01-01 03:00:00,SITE_RES_001,Residentiel,0.309,0.38625,NORMAL
2025-01-01 04:00:00,SITE_RES_001,Residentiel,0.35,0.43749999999999994,NORMAL
2025-01-01 05:00:00,SITE_RES_001,Residentiel,,,
2025-01-01 06:00:00,SITE_RES_001,Residentiel,0.312,0.38999999999999996,NORMAL
2025-01-01 07:00:00,SITE_RES_001,Residentiel,0.506,0.6325,SOUTENU
2025-01-01 08:00:00,SITE_RES_001,Residentiel,0.546,0.6825,SOUTENU
2025-01-01 09:00:00,SITE_RES_001,Residentiel,0.298,0.37249999999999994,NORMAL
2025-01-01 10:00:00,SITE_RES_001,Residentiel,0.294,0.36749999999999994,NORMAL
2025-01-01 11:00:00,SITE_RES_001,Residentiel,0.305,0.38125,NORMAL
2025-01-01 12:00:00,SITE_RES_001,Residentiel,0.337,0.42125,NORMAL
2025-01-01 13:00:00,SITE_RES_001,Residentiel,0.308,0.38499999999999995,NORMAL
2025-01-01 14:00:00,SITE_RES_001,Residentiel,0.345,0.43124999999999997,NORMAL
2025-01-01 15:00:00,SITE_RES_001,Residentiel,0.309,0.38625,NORMAL
2025-01-01 16:00:00,SITE_RES_001,Residentiel,0.336,0.42,NORMAL
2025-01-01 17:00:00,SITE_RES_001,Residentiel,0.313,0.39125,NORMAL
2025-01-01 18:00:00,SITE_RES_001,Residentiel,0.563,0.7037499999999999,SOUTENU
2025-01-01 19:00:00,SITE_RES_001,Residentiel,0.471,0.5887499999999999,SOUTENU
2025-01-01 20:00:00,SITE_RES_001,Residentiel,,,
2025-01-01 21:00:00,SITE_RES_001,Residentiel,,,
2025-01-01 22:00:00,SITE_RES_001,Residentiel,0.339,0.42375,NORMAL
2025-01-01 23:00:00,SITE_RES_001,Residentiel,0.327,0.40875,NORMAL
2025-01-02 00:00:00,SITE_RES_001,Residentiel,0.316,0.39499999999999996,NORMAL
2025-01-02 01:00:00,SITE_RES_001,Residentiel,0.335,0.41875,NORMAL
2025-01-02 02:00:00,SITE_RES_001,Residentiel,0.31,0.38749999999999996,NORMAL
2025-01-02 03:00:00,SITE_RES_001,Residentiel,0.316,0.39499999999999996,NORMAL
2025-01-02 04:00:00,SITE_RES_001,Residentiel,0.341,0.42625,NORMAL
2025-01-02 05:00:00,SITE_RES_001,Residentiel,0.305,0.38125,NORMAL
2025-01-02 06:00:00,SITE_RES_001,Residentiel,0.317,0.39625,NORMAL
2025-01-02 07:00:00,SITE_RES_001,Residentiel,0.505,0.63125,SOUTENU
2025-01-02 08:00:00,SITE_RES_001,Residentiel,0.548,0.685,SOUTENU
2025-01-02 09:00:00,SITE_RES_001,Residentiel,0.327,0.40875,NORMAL
2025-01-02 10:00:00,SITE_RES_001,Residentiel,0.349,0.43624999999999997,NORMAL
2025-01-02 11:00:00,SITE_RES_001,Residentiel,0.301,0.37625,NORMAL
2025-01-02 12:00:00,SITE_RES_001,Residentiel,0.348,0.43499999999999994,NORMAL
2025-01-02 13:00:00,SITE_RES_001,Residentiel,0.346,0.43249999999999994,NORMAL
2025-01-02 14:00:00,SITE_RES_001,Residentiel,,,
2025-01-02 15:00:00,SITE_RES_001,Residentiel,0.317,0.39625,NORMAL
2025-01-02 16:00:00,SITE_RES_001,Residentiel,0.34,0.425,NORMAL
2025-01-02 17:00:00,SITE_RES_001,Residentiel,0.334,0.4175,NORMAL
2025-01-02 18:00:00,SITE_RES_001,Residentiel,0.519,0.6487499999999999,SOUTENU
2025-01-02 19:00:00,SITE_RES_001,Residentiel,0.488,0.61,SOUTENU
2025-01-02 20:00:00,SITE_RES_001,Residentiel,0.495,0.6187499999999999,SOUTENU
2025-01-02 21:00:00,SITE_RES_001,Residentiel,,,
2025-01-02 22:00:00,SITE_RES_001,Residentiel,0.349,0.43624999999999997,NORMAL
2025-01-02 23:00:00,SITE_RES_001,Residentiel,0.307,0.38375,NORMAL
2025-01-03 00:00:00,SITE_RES_001,Residentiel,0.313,0.39125,NORMAL
2025-01-03 01:00:00,SITE_RES_001,Residentiel,0.329,0.41125,NORMAL
2025-01-03 02:00:00,SITE_RES_001,Residentiel,0.324,0.40499999999999997,NORMAL
2025-01-03 03:00:00,SITE_RES_001,Residentiel,0.337,0.42125,NORMAL
2025-01-03 04:00:00,SITE_RES_001,Residentiel,0.33,0.4125,NORMAL
2025-01-03 05:00:00,SITE_RES_001,Residentiel,0.299,0.37374999999999997,NORMAL
2025-01-03 06:00:00,SITE_RES_001,Residentiel,0.34,0.425,NORMAL
2025-01-03 07:00:00,SITE_RES_001,Residentiel,0.485,0.60625,SOUTENU
2025-01-03 08:00:00,SITE_RES_001,Residentiel,0.563,0.7037499999999999,SOUTENU
2025-01-03 09:00:00,SITE_RES_001,Residentiel,0.309,0.38625,NORMAL
2025-01-03 10:00:00,SITE_RES_001,Residentiel,0.346,0.43249999999999994,NORMAL
2025-01-03 11:00:00,SITE_RES_001,Residentiel,0.322,0.40249999999999997,NORMAL
2025-01-03 12:00:00,SITE_RES_001,Residentiel,0.294,0.36749999999999994,NORMAL
2025-01-03 13:00:00,SITE_RES_001,Residentiel,0.351,0.43875,NORMAL
2025-01-03 14:00:00,SITE_RES_001,Residentiel,0.327,0.40875,NORMAL
2025-01-03 15:00:00,SITE_RES_001,Residentiel,0.346,0.43249999999999994,NORMAL
2025-01-03 16:00:00,SITE_RES_001,Residentiel,0.327,0.40875,NORMAL
2025-01-03 17:00:00,SITE_RES_001,Residentiel,0.343,0.42875,NORMAL
2025-01-03 18:00:00,SITE_RES_001,Residentiel,0.566,0.7074999999999999,SOUTENU
2025-01-03 19:00:00,SITE_RES_001,Residentiel,0.51,0.6375,SOUTENU
2025-01-03 20:00:00,SITE_RES_001,Residentiel,0.487,0.6087499999999999,SOUTENU
2025-01-03 21:00:00,SITE_RES_001,Residentiel,0.538,0.6725,SOUTENU
2025-01-03 22:00:00,SITE_RES_001,Residentiel,0.337,0.42125,NORMAL
2025-01-03 23:00:00,SITE_RES_001,Residentiel,0.325,0.40625,NORMAL
2025-01-04 00:00:00,SITE_RES_001,Residentiel,0.36,0.44999999999999996,NORMAL
2025-01-04 01:00:00,SITE_RES_001,Residentiel,,,
2025-01-04 02:00:00,SITE_RES_001,Residentiel,0.355,0.44375,NORMAL
2025-01-04 03:00:00,SITE_RES_001,Residentiel,0.377,0.47125,NORMAL
2025-01-04 04:00:00,SITE_RES_001,Residentiel,0.347,0.43374999999999997,NORMAL
2025-01-04 05:00:00,SITE_RES_001,Residentiel,0.352,0.43999999999999995,NORMAL
2025-01-04 06:00:00,SITE_RES_001,Residentiel,0.397,0.49625,NORMAL
2025-01-04 07:00:00,SITE_RES_001,Residentiel,0.604,0.7549999999999999,SOUTENU
2025-01-04 08:00:00,SITE_RES_001,Residentiel,0.6,0.7499999999999999,SOUTENU
2025-01-04 09:00:00,SITE_RES_001,Residentiel,0.402,0.5025,SOUTENU
2025-01-04 10:00:00,SITE_RES_001,Residentiel,,,
2025-01-04 11:00:00,SITE_RES_001,Residentiel,0.354,0.44249999999999995,NORMAL
2025-01-04 12:00:00,SITE_RES_001,Residentiel,0.395,0.49375,NORMAL
2025-01-04 13:00:00,SITE_RES_001,Residentiel,,,
2025-01-04 14:00:00,SITE_RES_001,Residentiel,0.332,0.415,NORMAL
2025-01-04 15:00:00,SITE_RES_001,Residentiel,0.342,0.4275,NORMAL
2025-01-04 16:00:00,SITE_RES_001,Residentiel,0.358,0.44749999999999995,NORMAL
2025-01-04 17:00:00,SITE_RES_001,Residentiel,0.359,0.44875,NORMAL
2025-01-04 18:00:00,SITE_RES_001,Residentiel,0.612,0.7649999999999999,SOUTENU
2025-01-04 19:00:00,SITE_RES_001,Residentiel,,,
2025-01-04 20:00:00,SITE_RES_001,Residentiel,0.653,0.81625,CRITIQUE
2025-01-04 21:00:00,SITE_RES_001,Residentiel,0.654,0.8175,CRITIQUE
2025-01-04 22:00:00,SITE_RES_001,Residentiel,0.4,0.5,NORMAL
2025-01-04 23:00:00,SITE_RES_001,Residentiel,0.354,0.44249999999999995,NORMAL
2025-01-05 00:00:00,SITE_RES_001,Residentiel,0.336,0.42,NORMAL
2025-01-05 01:00:00,SITE_RES_001,Residentiel,0.387,0.48375,NORMAL
2025-01-05 02:00:00,SITE_RES_001,Residentiel,,,
2025-01-05 03:00:00,SITE_RES_001,Residentiel,0.393,0.49125,NORMAL
2025-01-05 04:00:00,SITE_RES_001,Residentiel,0.397,0.49625,NORMAL
2025-01-05 05:00:00,SITE_RES_001,Residentiel,0.342,0.4275,NORMAL
2025-01-05 06:00:00,SITE_RES_001,Residentiel,0.332,0.415,NORMAL
2025-01-05 07:00:00,SITE_RES_001,Residentiel,0.613,0.76625,SOUTENU
2025-01-05 08:00:00,SITE_RES_001,Residentiel,0.553,0.69125,SOUTENU
2025-01-05 09:00:00,SITE_RES_001,Residentiel,0.403,0.50375,SOUTENU
2025-01-05 10:00:00,SITE_RES_001,Residentiel,0.404,0.505,SOUTENU
2025-01-05 11:00:00,SITE_RES_001,Residentiel,,,
2025-01-05 12:00:00,SITE_RES_001,Residentiel,0.39,0.4875,NORMAL
2025-01-05 13:00:00,SITE_RES_001,Residentiel,0.405,0.50625,SOUTENU
2025-01-05 14:00:00,SITE_RES_001,Residentiel,0.395,0.49375,NORMAL
2025-01-05 15:00:00,SITE_RES_001,Residentiel,0.362,0.45249999999999996,NORMAL
2025-01-05 16:00:00,SITE_RES_001,Residentiel,0.384,0.48,NORMAL
2025-01-05 17:00:00,SITE_RES_001,Residentiel,0.362,0.45249999999999996,NORMAL
2025-01-05 18:00:00,SITE_RES_001,Residentiel,0.55,0.6875,SOUTENU
2025-01-05 19:00:00,SITE_RES_001,Residentiel,,,
2025-01-05 20:00:00,SITE_RES_001,Residentiel,,,
2025-01-05 21:00:00,SITE_RES_001,Residentiel,0.6,0.7499999999999999,SOUTENU
2025-01-05 22:00:00,SITE_RES_001,Residentiel,0.375,0.46875,NORMAL
2025-01-05 23:00:00,SITE_RES_001,Residentiel,0.34,0.425,NORMAL
2025-01-06 00:00:00,SITE_RES_001,Residentiel,0.346,0.43249999999999994,NORMAL
2025-01-06 01:00:00,SITE_RES_001,Residentiel,0.31,0.38749999999999996,NORMAL
2025-01-06 02:00:00,SITE_RES_001,Residentiel,0.321,0.40125,NORMAL
2025-01-06 03:00:00,SITE_RES_001,Residentiel,0.338,0.4225,NORMAL
2025-01-06 04:00:00,SITE_RES_001,Residentiel,0.29,0.36249999999999993,NORMAL
2025-01-06 05:00:00,SITE_RES_001,Residentiel,,,
2025-01-06 06:00:00,SITE_RES_001,Residentiel,0.34,0.425,NORMAL
2025-01-06 07:00:00,SITE_RES_001,Residentiel,0.514,0.6425,SOUTENU
2025-01-06 08:00:00,SITE_RES_001,Residentiel,0.495,0.6187499999999999,SOUTENU
2025-01-06 09:00:00,SITE_RES_001,Residentiel,0.323,0.40375,NORMAL
2025-01-06 10:00:00,SITE_RES_001,Residentiel,,,
2025-01-06 11:00:00,SITE_RES_001,Residentiel,0.327,0.40875,NORMAL
2025-01-06 12:00:00,SITE_RES_001,Residentiel,0.341,0.42625,NORMAL
2025-01-06 13:00:00,SITE_RES_001,Residentiel,0.308,0.38499999999999995,NORMAL
2025-01-06 14:00:00,SITE_RES_001,Residentiel,,,
2025-01-06 15:00:00,SITE_RES_001,Residentiel,0.345,0.43124999999999997,NORMAL
2025-01-06 16:00:00,SITE_RES_001,Residentiel,0.295,0.36874999999999997,NORMAL
2025-01-06 17:00:00,SITE_RES_001,Residentiel,,,
2025-01-06 18:00:00,SITE_RES_001,Residentiel,0.54,0.675,SOUTENU
2025-01-06 19:00:00,SITE_RES_001,Residentiel,,,
2025-01-06 20:00:00,SITE_RES_001,Residentiel,0.523,0.6537499999999999,SOUTENU
2025-01-06 21:00:00,SITE_RES_001,Residentiel,0.567,0.7087499999999999,SOUTENU
2025-01-06 22:00:00,SITE_RES_001,Residentiel,0.324,0.40499999999999997,NORMAL
2025-01-06 23:00:00,SITE_RES_001,Residentiel,0.291,0.36374999999999996,NORMAL
2025-01-07 00:00:00,SITE_RES_001,Residentiel,0.32,0.39999999999999997,NORMAL
2025-01-07 01:00:00,SITE_RES_001,Residentiel,0.302,0.37749999999999995,NORMAL
2025-01-07 02:00:00,SITE_RES_001,Residentiel,0.304,0.37999999999999995,NORMAL
2025-01-07 03:00:00,SITE_RES_001,Residentiel,0.315,0.39375,NORMAL
2025-01-07 04:00:00,SITE_RES_001,Residentiel,0.342,0.4275,NORMAL
2025-01-07 05:00:00,SITE_RES_001,Residentiel,,,
2025-01-07 06:00:00,SITE_RES_001,Residentiel,,,
2025-01-07 07:00:00,SITE_RES_001,Residentiel,0.565,0.7062499999999999,SOUTENU
2025-01-07 08:00:00,SITE_RES_001,Residentiel,0.482,0.6024999999999999,SOUTENU
2025-01-07 09:00:00,SITE_RES_001,Residentiel,0.322,0.40249999999999997,NORMAL
2025-01-07 10:00:00,SITE_RES_001,Residentiel,0.32,0.39999999999999997,NORMAL
2025-01-07 11:00:00,SITE_RES_001,Residentiel,0.327,0.40875,NORMAL
2025-01-07 12:00:00,SITE_RES_001,Residentiel,,,
2025-01-07 13:00:00,SITE_RES_001,Residentiel,0.291,0.36374999999999996,NORMAL
2025-01-07 14:00:00,SITE_RES_001,Residentiel,0.349,0.43624999999999997,NORMAL
2025-01-07 15:00:00,SITE_RES_001,Residentiel,0.292,0.36499999999999994,NORMAL
2025-01-07 16:00:00,SITE_RES_001,Residentiel,,,
2025-01-07 17:00:00,SITE_RES_001,Residentiel,0.349,0.43624999999999997,NORMAL
2025-01-07 18:00:00,SITE_RES_001,Residentiel,0.541,0.67625,SOUTENU
2025-01-07 19:00:00,SITE_RES_001,Residentiel,0.515,0.6437499999999999,SOUTENU
2025-01-07 20:00:00,SITE_RES_001,Residentiel,0.527,0.65875,SOUTENU
2025-01-07 21:00:00,SITE_RES_001,Residentiel,0.524,0.655,SOUTENU
2025-01-07 22:00:00,SITE_RES_001,Residentiel,0.327,0.40875,NORMAL
2025-01-07 23:00:00,SITE_RES_001,Residentiel,0.351,0.43875,NORMAL
2025-01-08 00:00:00,SITE_RES_001,Residentiel,0.335,0.41875,NORMAL
2025-01-08 01:00:00,SITE_RES_001,Residentiel,0.299,0.37374999999999997,NORMAL
2025-01-08 02:00:00,SITE_RES_001,Residentiel,0.296,0.36999999999999994,NORMAL
2025-01-08 03:00:00,SITE_RES_001,Residentiel,0.349,0.43624999999999997,NORMAL
2025-01-08 04:00:00,SITE_RES_001,Residentiel,0.297,0.37124999999999997,NORMAL
2025-01-08 05:00:00,SITE_RES_001,Residentiel,0.333,0.41625,NORMAL
2025-01-08 06:00:00,SITE_RES_001,Residentiel,0.314,0.39249999999999996,NORMAL
2025-01-08 07:00:00,SITE_RES_001,Residentiel,0.503,0.6287499999999999,SOUTENU
2025-01-08 08:00:00,SITE_RES_001,Residentiel,0.531,0.66375,SOUTENU
2025-01-08 09:00:00,SITE_RES_001,Residentiel,0.299,0.37374999999999997,NORMAL
2025-01-08 10:00:00,SITE_RES_001,Residentiel,0.313,0.39125,NORMAL
2025-01-08 11:00:00,SITE_RES_001,Residentiel,,,
2025-01-08 12:00:00,SITE_RES_001,Residentiel,0.3,0.37499999999999994,NORMAL
2025-01-08 13:00:00,SITE_RES_001,Residentiel,0.346,0.43249999999999994,NORMAL
2025-01-08 14:00:00,SITE_RES_001,Residentiel,,,
2025-01-08 15:00:00,SITE_RES_001,Residentiel,0.34,0.425,NORMAL
2025-01-08 16:00:00,SITE_RES_001,Residentiel,0.349,0.43624999999999997,NORMAL
2025-01-08 17:00:00,SITE_RES_001,Residentiel,0.307,0.38375,NORMAL
2025-01-08 18:00:00,SITE_RES_001,Residentiel,0.562,0.7025,SOUTENU
2025-01-08 19:00:00,SITE_RES_001,Residentiel,0.564,0.7049999999999998,SOUTENU
2025-01-08 20:00:00,SITE_RES_001,Residentiel,0.508,0.635,SOUTENU
2025-01-08 21:00:00,SITE_RES_001,Residentiel,0.503,0.6287499999999999,SOUTENU
2025-01-08 22:00:00,SITE_RES_001,Residentiel,0.3,0.37499999999999994,NORMAL
2025-01-08 23:00:00,SITE_RES_001,Residentiel,0.347,0.43374999999999997,NORMAL
2025-01-09 00:00:00,SITE_RES_001,Residentiel,0.342,0.4275,NORMAL
2025-01-09 01:00:00,SITE_RES_001,Residentiel,0.309,0.38625,NORMAL
2025-01-09 02:00:00,SITE_RES_001,Residentiel,0.313,0.39125,NORMAL
2025-01-09 03:00:00,SITE_RES_001,Residentiel,0.317,0.39625,NORMAL
2025-01-09 04:00:00,SITE_RES_001,Residentiel,0.316,0.39499999999999996,NORMAL
2025-01-09 05:00:00,SITE_RES_001,Residentiel,0.324,0.40499999999999997,NORMAL
2025-01-09 06:00:00,SITE_RES_001,Residentiel,0.337,0.42125,NORMAL
2025-01-09 07:00:00,SITE_RES_001,Residentiel,0.472,0.59,SOUTENU
2025-01-09 08:00:00,SITE_RES_001,Residentiel,0.562,0.7025,SOUTENU
2025-01-09 09:00:00,SITE_RES_001,Residentiel,0.322,0.40249999999999997,NORMAL
2025-01-09 10:00:00,SITE_RES_001,Residentiel,0.35,0.43749999999999994,NORMAL
2025-01-09 11:00:00,SITE_RES_001,Residentiel,0.335,0.41875,NORMAL
2025-01-09 12:00:00,SITE_RES_001,Residentiel,0.333,0.41625,NORMAL
2025-01-09 13:00:00,SITE_RES_001,Residentiel,0.345,0.43124999999999997,NORMAL
2025-01-09 14:00:00,SITE_RES_001,Residentiel,0.301,0.37625,NORMAL
2025-01-09 15:00:00,SITE_RES_001,Residentiel,,,
2025-01-09 16:00:00,SITE_RES_001,Residentiel,0.303,0.37875,NORMAL
2025-01-09 17:00:00,SITE_RES_001,Residentiel,0.351,0.43875,NORMAL
2025-01-09 18:00:00,SITE_RES_001,Residentiel,0.473,0.5912499999999999,SOUTENU
2025-01-09 19:00:00,SITE_RES_001,Residentiel,0.56,0.7000000000000001,SOUTENU
2025-01-09 20:00:00,SITE_RES_001,Residentiel,0.533,0.66625,SOUTENU
2025-01-09 21:00:00,SITE_RES_001,Residentiel,0.496,0.62,SOUTENU
2025-01-09 22:00:00,SITE_RES_001,Residentiel,0.306,0.38249999999999995,NORMAL
2025-01-09 23:00:00,SITE_RES_001,Residentiel,0.326,0.4075,NORMAL
2025-01-10 00:00:00,SITE_RES_001,Residentiel,0.317,0.39625,NORMAL
2025-01-10 01:00:00,SITE_RES_001,Residentiel,,,
2025-01-10 02:00:00,SITE_RES_001,Residentiel,0.309,0.38625,NORMAL
2025-01-10 03:00:00,SITE_RES_001,Residentiel,0.348,0.43499999999999994,NORMAL
2025-01-10 04:00:00,SITE_RES_001,Residentiel,0.324,0.40499999999999997,NORMAL
2025-01-10 05:00:00,SITE_RES_001,Residentiel,0.345,0.43124999999999997,NORMAL
2025-01-10 06:00:00,SITE_RES_001,Residentiel,0.296,0.36999999999999994,NORMAL
2025-01-10 07:00:00,SITE_RES_001,Residentiel,0.492,0.615,SOUTENU
2025-01-10 08:00:00,SITE_RES_001,Residentiel,0.552,0.6900000000000001,SOUTENU
2025-01-10 09:00:00,SITE_RES_001,Residentiel,0.297,0.37124999999999997,NORMAL
2025-01-10 10:00:00,SITE_RES_001,Residentiel,0.337,0.42125,NORMAL
2025-01-10 11:00:00,SITE_RES_001,Residentiel,0.324,0.40499999999999997,NORMAL
2025-01-10 12:00:00,SITE_RES_001,Residentiel,0.347,0.43374999999999997,NORMAL
2025-01-10 13:00:00,SITE_RES_001,Residentiel,0.313,0.39125,NORMAL
2025-01-10 14:00:00,SITE_RES_001,Residentiel,0.3,0.37499999999999994,NORMAL
2025-01-10 15:00:00,SITE_RES_001,Residentiel,0.344,0.42999999999999994,NORMAL
2025-01-10 16:00:00,SITE_RES_001,Residentiel,0.324,0.40499999999999997,NORMAL
2025-01-10 17:00:00,SITE_RES_001,Residentiel,0.332,0.415,NORMAL
2025-01-10 18:00:00,SITE_RES_001,Residentiel,0.486,0.6074999999999999,SOUTENU
2025-01-10 19:00:00,SITE_RES_001,Residentiel,,,
2025-01-10 20:00:00,SITE_RES_001,Residentiel,0.553,0.69125,SOUTENU
2025-01-10 21:00:00,SITE_RES_001,Residentiel,0.533,0.66625,SOUTENU
2025-01-10 22:00:00,SITE_RES_001,Residentiel,0.346,0.43249999999999994,NORMAL
2025-01-10 23:00:00,SITE_RES_001,Residentiel,0.327,0.40875,NORMAL
2025-01-11 00:00:00,SITE_RES_001,Residentiel,0.376,0.47,NORMAL
2025-01-11 01:00:00,SITE_RES_001,Residentiel,0.399,0.49875,NORMAL
2025-01-11 02:00:00,SITE_RES_001,Residentiel,,,
2025-01-11 03:00:00,SITE_RES_001,Residentiel,,,
2025-01-11 04:00:00,SITE_RES_001,Residentiel,0.39,0.4875,NORMAL
2025-01-11 05:00:00,SITE_RES_001,Residentiel,0.371,0.46375,NORMAL
2025-01-11 06:00:00,SITE_RES_001,Residentiel,0.357,0.44625,NORMAL
2025-01-11 07:00:00,SITE_RES_001,Residentiel,0.626,0.7825,SOUTENU
2025-01-11 08:00:00,SITE_RES_001,Residentiel,0.577,0.72125,SOUTENU
2025-01-11 09:00:00,SITE_RES_001,Residentiel,0.347,0.43374999999999997,NORMAL
2025-01-11 10:00:00,SITE_RES_001,Residentiel,0.38,0.475,NORMAL
2025-01-11 11:00:00,SITE_RES_001,Residentiel,,,
2025-01-11 12:00:00,SITE_RES_001,Residentiel,0.342,0.4275,NORMAL
2025-01-11 13:00:00,SITE_RES_001,Residentiel,0.393,0.49125,NORMAL
2025-01-11 14:00:00,SITE_RES_001,Residentiel,0.347,0.43374999999999997,NORMAL
2025-01-11 15:00:00,SITE_RES_001,Residentiel,0.369,0.46125,NORMAL
2025-01-11 16:00:00,SITE_RES_001,Residentiel,0.36,0.44999999999999996,NORMAL
2025-01-11 17:00:00,SITE_RES_001,Residentiel,0.373,0.46625,NORMAL
2025-01-11 18:00:00,SITE_RES_001,Residentiel,,,
2025-01-11 19:00:00,SITE_RES_001,Residentiel,0.554,0.6925,SOUTENU
2025-01-11 20:00:00,SITE_RES_001,Residentiel,0.611,0.7637499999999999,SOUTENU
2025-01-11 21:00:00,SITE_RES_001,Residentiel,0.632,0.7899999999999999,SOUTENU
2025-01-11 22:00:00,SITE_RES_001,Residentiel,0.335,0.41875,NORMAL
2025-01-11 23:00:00,SITE_RES_001,Residentiel,0.346,0.43249999999999994,NORMAL
2025-01-12 00:00:00,SITE_RES_001,Residentiel,0.358,0.44749999999999995,NORMAL
2025-01-12 01:00:00,SITE_RES_001,Residentiel,0.366,0.45749999999999996,NORMAL
2025-01-12 02:00:00,SITE_RES_001,Residentiel,0.373,0.46625,NORMAL
2025-01-12 03:00:00,SITE_RES_001,Residentiel,0.37,0.46249999999999997,NORMAL
2025-01-12 04:00:00,SITE_RES_001,Residentiel,0.366,0.45749999999999996,NORMAL
2025-01-12 05:00:00,SITE_RES_001,Residentiel,0.403,0.50375,SOUTENU
2025-01-12 06:00:00,SITE_RES_001,Residentiel,0.387,0.48375,NORMAL
2025-01-12 07:00:00,SITE_RES_001,Residentiel,0.559,0.69875,SOUTENU
2025-01-12 08:00:00,SITE_RES_001,Residentiel,,,
2025-01-12 09:00:00,SITE_RES_001,Residentiel,0.403,0.50375,SOUTENU
2025-01-12 10:00:00,SITE_RES_001,Residentiel,0.404,0.505,SOUTENU
2025-01-12 11:00:00,SITE_RES_001,Residentiel,0.353,0.44125,NORMAL
2025-01-12 12:00:00,SITE_RES_001,Residentiel,,,
2025-01-12 13:00:00,SITE_RES_001,Residentiel,0.384,0.48,NORMAL
2025-01-12 14:00:00,SITE_RES_001,Residentiel,0.39,0.4875,NORMAL
2025-01-12 15:00:00,SITE_RES_001,Residentiel,0.344,0.42999999999999994,NORMAL
2025-01-12 16:00:00,SITE_RES_001,Residentiel,0.37,0.46249999999999997,NORMAL
2025-01-12 17:00:00,SITE_RES_001,Residentiel,0.335,0.41875,NORMAL
2025-01-12 18:00:00,SITE_RES_001,Residentiel,0.59,0.7374999999999999,SOUTENU
2025-01-12 19:00:00,SITE_RES_001,Residentiel,0.593,0.74125,SOUTENU
2025-01-12 20:00:00,SITE_RES_001,Residentiel,0.655,0.81875,CRITIQUE
2025-01-12 21:00:00,SITE_RES_001,Residentiel,0.584,0.7299999999999999,SOUTENU
2025-01-12 22:00:00,SITE_RES_001,Residentiel,0.381,0.47625,NORMAL
2025-01-12 23:00:00,SITE_RES_001,Residentiel,,,
2025-01-13 00:00:00,SITE_RES_001,Residentiel,0.348,0.43499999999999994,NORMAL
2025-01-13 01:00:00,SITE_RES_001,Residentiel,0.305,0.38125,NORMAL
2025-01-13 02:00:00,SITE_RES_001,Residentiel,0.331,0.41375,NORMAL
2025-01-13 03:00:00,SITE_RES_001,Residentiel,,,
2025-01-13 04:00:00,SITE_RES_001,Residentiel,0.312,0.38999999999999996,NORMAL
2025-01-13 05:00:00,SITE_RES_001,Residentiel,0.343,0.42875,NORMAL
2025-01-13 06:00:00,SITE_RES_001,Residentiel,0.344,0.42999999999999994,NORMAL
2025-01-13 07:00:00,SITE_RES_001,Residentiel,0.559,0.69875,SOUTENU
2025-01-13 08:00:00,SITE_RES_001,Residentiel,0.479,0.5987499999999999,SOUTENU
2025-01-13 09:00:00,SITE_RES_001,Residentiel,0.336,0.42,NORMAL
2025-01-13 10:00:00,SITE_RES_001,Residentiel,0.288,0.35999999999999993,NORMAL
2025-01-13 11:00:00,SITE_RES_001,Residentiel,0.293,0.36624999999999996,NORMAL
2025-01-13 12:00:00,SITE_RES_001,Residentiel,0.301,0.37625,NORMAL
2025-01-13 13:00:00,SITE_RES_001,Residentiel,0.306,0.38249999999999995,NORMAL
2025-01-13 14:00:00,SITE_RES_001,Residentiel,0.3,0.37499999999999994,NORMAL
2025-01-13 15:00:00,SITE_RES_001,Residentiel,0.297,0.37124999999999997,NORMAL
2025-01-13 16:00:00,SITE_RES_001,Residentiel,0.333,0.41625,NORMAL
2025-01-13 17:00:00,SITE_RES_001,Residentiel,0.351,0.43875,NORMAL
2025-01-13 18:00:00,SITE_RES_001,Residentiel,0.531,0.66375,SOUTENU
2025-01-13 19:00:00,SITE_RES_001,Residentiel,,,
2025-01-13 20:00:00,SITE_RES_001,Residentiel,0.569,0.7112499999999999,SOUTENU
2025-01-13 21:00:00,SITE_RES_001,Residentiel,0.475,0.5937499999999999,SOUTENU
2025-01-13 22:00:00,SITE_RES_001,Residentiel,0.34,0.425,NORMAL
2025-01-13 23:00:00,SITE_RES_001,Residentiel,0.289,0.36124999999999996,NORMAL
2025-01-14 00:00:00,SITE_RES_001,Residentiel,0.347,0.43374999999999997,NORMAL
2025-01-14 01:00:00,SITE_RES_001,Residentiel,0.292,0.36499999999999994,NORMAL
2025-01-14 02:00:00,SITE_RES_001,Residentiel,0.336,0.42,NORMAL
2025-01-14 03:00:00,SITE_RES_001,Residentiel,0.308,0.38499999999999995,NORMAL
2025-01-14 04:00:00,SITE_RES_001,Residentiel,0.291,0.36374999999999996,NORMAL
2025-01-14 05:00:00,SITE_RES_001,Residentiel,0.347,0.43374999999999997,NORMAL
2025-01-14 06:00:00,SITE_RES_001,Residentiel,,,
2025-01-14 07:00:00,SITE_RES_001,Residentiel,0.512,0.64,SOUTENU
2025-01-14 08:00:00,SITE_RES_001,Residentiel,0.571,0.7137499999999999,SOUTENU
2025-01-14 09:00:00,SITE_RES_001,Residentiel,,,
2025-01-14 10:00:00,SITE_RES_001,Residentiel,0.3,0.37499999999999994,NORMAL
2025-01-14 11:00:00,SITE_RES_001,Residentiel,0.31,0.38749999999999996,NORMAL
2025-01-14 12:00:00,SITE_RES_001,Residentiel,0.349,0.43624999999999997,NORMAL
2025-01-14 13:00:00,SITE_RES_001,Residentiel,0.334,0.4175,NORMAL
2025-01-14 14:00:00,SITE_RES_001,Residentiel,0.35,0.43749999999999994,NORMAL
2025-01-14 15:00:00,SITE_RES_001,Residentiel,,,
2025-01-14 16:00:00,SITE_RES_001,Residentiel,0.348,0.43499999999999994,NORMAL
2025-01-14 17:00:00,SITE_RES_001,Residentiel,0.308,0.38499999999999995,NORMAL
2025-01-14 18:00:00,SITE_RES_001,Residentiel,,,
2025-01-14 19:00:00,SITE_RES_001,Residentiel,0.543,0.67875,SOUTENU
2025-01-14 20:00:00,SITE_RES_001,Residentiel,0.569,0.7112499999999999,SOUTENU
2025-01-14 21:00:00,SITE_RES_001,Residentiel,0.49,0.6124999999999999,SOUTENU
2025-01-14 22:00:00,SITE_RES_001,Residentiel,0.308,0.38499999999999995,NORMAL
2025-01-14 23:00:00,SITE_RES_001,Residentiel,0.324,0.40499999999999997,NORMAL
2025-01-15 00:00:00,SITE_RES_001,Residentiel,0.296,0.36999999999999994,NORMAL
2025-01-15 01:00:00,SITE_RES_001,Residentiel,0.303,0.37875,NORMAL
2025-01-15 02:00:00,SITE_RES_001,Residentiel,0.319,0.39875,NORMAL
2025-01-15 03:00:00,SITE_RES_001,Residentiel,,,
2025-01-15 04:00:00,SITE_RES_001,Residentiel,0.319,0.39875,NORMAL
2025-01-15 05:00:00,SITE_RES_001,Residentiel,,,
2025-01-15 06:00:00,SITE_RES_001,Residentiel,0.306,0.38249999999999995,NORMAL
2025-01-15 07:00:00,SITE_RES_001,Residentiel,0.494,0.6174999999999999,SOUTENU
2025-01-15 08:00:00,SITE_RES_001,Residentiel,0.518,0.6475,SOUTENU
2025-01-15 09:00:00,SITE_RES_001,Residentiel,,,
2025-01-15 10:00:00,SITE_RES_001,Residentiel,0.329,0.41125,NORMAL
2025-01-15 11:00:00,SITE_RES_001,Residentiel,,,
2025-01-15 12:00:00,SITE_RES_001,Residentiel,0.306,0.38249999999999995,NORMAL
2025-01-15 13:00:00,SITE_RES_001,Residentiel,0.289,0.36124999999999996,NORMAL
2025-01-15 14:00:00,SITE_RES_001,Residentiel,0.33,0.4125,NORMAL
2025-01-15 15:00:00,SITE_RES_001,Residentiel,0.346,0.43249999999999994,NORMAL
2025-01-15 16:00:00,SITE_RES_001,Residentiel,0.326,0.4075,NORMAL
2025-01-15 17:00:00,SITE_RES_001,Residentiel,0.306,0.38249999999999995,NORMAL
2025-01-15 18:00:00,SITE_RES_001,Residentiel,0.481,0.60125,SOUTENU
2025-01-15 19:00:00,SITE_RES_001,Residentiel,0.525,0.65625,SOUTENU
2025-01-15 20:00:00,SITE_RES_001,Residentiel,0.525,0.65625,SOUTENU
2025-01-15 21:00:00,SITE_RES_001,Residentiel,0.502,0.6275,SOUTENU
2025-01-15 22:00:00,SITE_RES_001,Residentiel,0.324,0.40499999999999997,NORMAL
2025-01-15 23:00:00,SITE_RES_001,Residentiel,0.334,0.4175,NORMAL
2025-01-16 00:00:00,SITE_RES_001,Residentiel,0.298,0.37249999999999994,NORMAL
2025-01-16 01:00:00,SITE_RES_001,Residentiel,0.336,0.42,NORMAL
2025-01-16 02:00:00,SITE_RES_001,Residentiel,0.336,0.42,NORMAL
2025-01-16 03:00:00,SITE_RES_001,Residentiel,0.329,0.41125,NORMAL
2025-01-16 04:00:00,SITE_RES_001,Residentiel,0.34,0.425,NORMAL
2025-01-16 05:00:00,SITE_RES_001,Residentiel,0.305,0.38125,NORMAL
2025-01-16 06:00:00,SITE_RES_001,Residentiel,0.291,0.36374999999999996,NORMAL
2025-01-16 07:00:00,SITE_RES_001,Residentiel,,,
2025-01-16 08:00:00,SITE_RES_001,Residentiel,0.52,0.65,SOUTENU
2025-01-16 09:00:00,SITE_RES_001,Residentiel,0.289,0.36124999999999996,NORMAL
2025-01-16 10:00:00,SITE_RES_001,Residentiel,0.333,0.41625,NORMAL
2025-01-16 11:00:00,SITE_RES_001,Residentiel,0.301,0.37625,NORMAL
2025-01-16 12:00:00,SITE_RES_001,Residentiel,,,
2025-01-16 13:00:00,SITE_RES_001,Residentiel,,,
2025-01-16 14:00:00,SITE_RES_001,Residentiel,0.306,0.38249999999999995,NORMAL
2025-01-16 15:00:00,SITE_RES_001,Residentiel,0.301,0.37625,NORMAL
2025-01-16 16:00:00,SITE_RES_001,Residentiel,0.305,0.38125,NORMAL
2025-01-16 17:00:00,SITE_RES_001,Residentiel,0.327,0.40875,NORMAL
2025-01-16 18:00:00,SITE_RES_001,Residentiel,0.487,0.6087499999999999,SOUTENU
2025-01-16 19:00:00,SITE_RES_001,Residentiel,0.559,0.69875,SOUTENU
2025-01-16 20:00:00,SITE_RES_001,Residentiel,,,
2025-01-16 21:00:00,SITE_RES_001,Residentiel,0.506,0.6325,SOUTENU
2025-01-16 22:00:00,SITE_RES_001,Residentiel,0.345,0.43124999999999997,NORMAL
2025-01-16 23:00:00,SITE_RES_001,Residentiel,0.302,0.37749999999999995,NORMAL
2025-01-17 00:00:00,SITE_RES_001,Residentiel,0.334,0.4175,NORMAL
2025-01-17 01:00:00,SITE_RES_001,Residentiel,0.336,0.42,NORMAL
2025-01-17 02:00:00,SITE_RES_001,Residentiel,0.339,0.42375,NORMAL
2025-01-17 03:00:00,SITE_RES_001,Residentiel,0.295,0.36874999999999997,NORMAL
2025-01-17 04:00:00,SITE_RES_001,Residentiel,0.289,0.36124999999999996,NORMAL
2025-01-17 05:00:00,SITE_RES_001,Residentiel,,,
2025-01-17 06:00:00,SITE_RES_001,Residentiel,0.329,0.41125,NORMAL
2025-01-17 07:00:00,SITE_RES_001,Residentiel,0.497,0.62125,SOUTENU
2025-01-17 08:00:00,SITE_RES_001,Residentiel,0.48,0.6,SOUTENU
2025-01-17 09:00:00,SITE_RES_001,Residentiel,0.351,0.43875,NORMAL
2025-01-17 10:00:00,SITE_RES_001,Residentiel,0.349,0.43624999999999997,NORMAL
2025-01-17 11:00:00,SITE_RES_001,Residentiel,0.299,0.37374999999999997,NORMAL
2025-01-17 12:00:00,SITE_RES_001,Residentiel,0.345,0.43124999999999997,NORMAL
2025-01-17 13:00:00,SITE_RES_001,Residentiel,0.324,0.40499999999999997,NORMAL
2025-01-17 14:00:00,SITE_RES_001,Residentiel,0.313,0.39125,NORMAL
2025-01-17 15:00:00,SITE_RES_001,Residentiel,,,
2025-01-17 16:00:00,SITE_RES_001,Residentiel,0.33,0.4125,NORMAL
2025-01-17 17:00:00,SITE_RES_001,Residentiel,0.334,0.4175,NORMAL
2025-01-17 18:00:00,SITE_RES_001,Residentiel,0.568,0.7099999999999999,SOUTENU
2025-01-17 19:00:00,SITE_RES_001,Residentiel,0.572,0.7149999999999999,SOUTENU
2025-01-17 20:00:00,SITE_RES_001,Residentiel,0.526,0.6575,SOUTENU
2025-01-17 21:00:00,SITE_RES_001,Residentiel,0.545,0.68125,SOUTENU
2025-01-17 22:00:00,SITE_RES_001,Residentiel,0.341,0.42625,NORMAL
2025-01-17 23:00:00,SITE_RES_001,Residentiel,0.334,0.4175,NORMAL
2025-01-18 00:00:00,SITE_RES_001,Residentiel,,,
2025-01-18 01:00:00,SITE_RES_001,Residentiel,0.388,0.485,NORMAL
2025-01-18 02:00:00,SITE_RES_001,Residentiel,0.381,0.47625,NORMAL
2025-01-18 03:00:00,SITE_RES_001,Residentiel,0.35,0.43749999999999994,NORMAL
2025-01-18 04:00:00,SITE_RES_001,Residentiel,0.364,0.45499999999999996,NORMAL
2025-01-18 05:00:00,SITE_RES_001,Residentiel,0.356,0.44499999999999995,NORMAL
2025-01-18 06:00:00,SITE_RES_001,Residentiel,0.356,0.44499999999999995,NORMAL
2025-01-18 07:00:00,SITE_RES_001,Residentiel,0.607,0.7587499999999999,SOUTENU
2025-01-18 08:00:00,SITE_RES_001,Residentiel,0.586,0.7324999999999999,SOUTENU
2025-01-18 09:00:00,SITE_RES_001,Residentiel,1.082,1.3525,DÉPASSEMENT
2025-01-18 10:00:00,SITE_RES_001,Residentiel,0.372,0.46499999999999997,NORMAL
2025-01-18 11:00:00,SITE_RES_001,Residentiel,0.389,0.48625,NORMAL
2025-01-18 12:00:00,SITE_RES_001,Residentiel,0.359,0.44875,NORMAL
2025-01-18 13:00:00,SITE_RES_001,Residentiel,0.347,0.43374999999999997,NORMAL
2025-01-18 14:00:00,SITE_RES_001,Residentiel,0.339,0.42375,NORMAL
2025-01-18 15:00:00,SITE_RES_001,Residentiel,0.397,0.49625,NORMAL
2025-01-18 16:00:00,SITE_RES_001,Residentiel,0.368,0.45999999999999996,NORMAL
2025-01-18 17:00:00,SITE_RES_001,Residentiel,0.401,0.50125,SOUTENU
2025-01-18 18:00:00,SITE_RES_001,Residentiel,0.603,0.7537499999999999,SOUTENU
2025-01-18 19:00:00,SITE_RES_001,Residentiel,0.542,0.6775,SOUTENU
2025-01-18 20:00:00,SITE_RES_001,Residentiel,0.547,0.68375,SOUTENU
2025-01-18 21:00:00,SITE_RES_001,Residentiel,0.581,0.72625,SOUTENU
2025-01-18 22:00:00,SITE_RES_001,Residentiel,0.36,0.44999999999999996,NORMAL
2025-01-18 23:00:00,SITE_RES_001,Residentiel,0.366,0.45749999999999996,NORMAL
2025-01-19 00:00:00,SITE_RES_001,Residentiel,0.334,0.4175,NORMAL
2025-01-19 01:00:00,SITE_RES_001,Residentiel,0.395,0.49375,NORMAL
2025-01-19 02:00:00,SITE_RES_001,Residentiel,0.382,0.4775,NORMAL
2025-01-19 03:00:00,SITE_RES_001,Residentiel,0.367,0.45875,NORMAL
2025-01-19 04:00:00,SITE_RES_001,Residentiel,0.398,0.4975,NORMAL
2025-01-19 05:00:00,SITE_RES_001,Residentiel,0.385,0.48125,NORMAL
2025-01-19 06:00:00,SITE_RES_001,Residentiel,0.386,0.4825,NORMAL
2025-01-19 07:00:00,SITE_RES_001,Residentiel,0.575,0.7187499999999999,SOUTENU
2025-01-19 08:00:00,SITE_RES_001,Residentiel,0.587,0.7337499999999999,SOUTENU
2025-01-19 09:00:00,SITE_RES_001,Residentiel,0.389,0.48625,NORMAL
2025-01-19 10:00:00,SITE_RES_001,Residentiel,0.365,0.45625,NORMAL
2025-01-19 11:00:00,SITE_RES_001,Residentiel,,,
2025-01-19 12:00:00,SITE_RES_001,Residentiel,,,
2025-01-19 13:00:00,SITE_RES_001,Residentiel,0.353,0.44125,NORMAL
2025-01-19 14:00:00,SITE_RES_001,Residentiel,0.393,0.49125,NORMAL
2025-01-19 15:00:00,SITE_RES_001,Residentiel,0.388,0.485,NORMAL
2025-01-19 16:00:00,SITE_RES_001,Residentiel,0.334,0.4175,NORMAL
2025-01-19 17:00:00,SITE_RES_001,Residentiel,0.393,0.49125,NORMAL
2025-01-19 18:00:00,SITE_RES_001,Residentiel,0.647,0.80875,CRITIQUE
2025-01-19 19:00:00,SITE_RES_001,Residentiel,,,
2025-01-19 20:00:00,SITE_RES_001,Residentiel,0.622,0.7775,SOUTENU
2025-01-19 21:00:00,SITE_RES_001,Residentiel,0.614,0.7675,SOUTENU
2025-01-19 22:00:00,SITE_RES_001,Residentiel,0.372,0.46499999999999997,NORMAL
2025-01-19 23:00:00,SITE_RES_001,Residentiel,0.401,0.50125,SOUTENU
2025-01-20 00:00:00,SITE_RES_001,Residentiel,0.346,0.43249999999999994,NORMAL
2025-01-20 01:00:00,SITE_RES_001,Residentiel,0.325,0.40625,NORMAL
2025-01-20 02:00:00,SITE_RES_001,Residentiel,,,
2025-01-20 03:00:00,SITE_RES_001,Residentiel,0.3,0.37499999999999994,NORMAL
2025-01-20 04:00:00,SITE_RES_001,Residentiel,0.297,0.37124999999999997,NORMAL
2025-01-20 05:00:00,SITE_RES_001,Residentiel,0.292,0.36499999999999994,NORMAL
2025-01-20 06:00:00,SITE_RES_001,Residentiel,0.325,0.40625,NORMAL
2025-01-20 07:00:00,SITE_RES_001,Residentiel,0.564,0.7049999999999998,SOUTENU
2025-01-20 08:00:00,SITE_RES_001,Residentiel,0.517,0.64625,SOUTENU
2025-01-20 09:00:00,SITE_RES_001,Residentiel,0.329,0.41125,NORMAL
2025-01-20 10:00:00,SITE_RES_001,Residentiel,0.296,0.36999999999999994,NORMAL
2025-01-20 11:00:00,SITE_RES_001,Residentiel,0.321,0.40125,NORMAL
2025-01-20 12:00:00,SITE_RES_001,Residentiel,0.336,0.42,NORMAL
2025-01-20 13:00:00,SITE_RES_001,Residentiel,0.305,0.38125,NORMAL
2025-01-20 14:00:00,SITE_RES_001,Residentiel,0.338,0.4225,NORMAL
2025-01-20 15:00:00,SITE_RES_001,Residentiel,0.313,0.39125,NORMAL
2025-01-20 16:00:00,SITE_RES_001,Residentiel,0.296,0.36999999999999994,NORMAL
2025-01-20 17:00:00,SITE_RES_001,Residentiel,0.329,0.41125,NORMAL
2025-01-20 18:00:00,SITE_RES_001,Residentiel,0.498,0.6224999999999999,SOUTENU
2025-01-20 19:00:00,SITE_RES_001,Residentiel,0.475,0.5937499999999999,SOUTENU
2025-01-20 20:00:00,SITE_RES_001,Residentiel,0.535,0.66875,SOUTENU
2025-01-20 21:00:00,SITE_RES_001,Residentiel,0.552,0.6900000000000001,SOUTENU
2025-01-20 22:00:00,SITE_RES_001,Residentiel,0.309,0.38625,NORMAL
2025-01-20 23:00:00,SITE_RES_001,Residentiel,0.313,0.39125,NORMAL
2025-01-21 00:00:00,SITE_RES_001,Residentiel,0.347,0.43374999999999997,NORMAL
2025-01-21 01:00:00,SITE_RES_001,Residentiel,0.318,0.39749999999999996,NORMAL
2025-01-21 02:00:00,SITE_RES_001,Residentiel,0.321,0.40125,NORMAL
2025-01-21 03:00:00,SITE_RES_001,Residentiel,0.305,0.38125,NORMAL
2025-01-21 04:00:00,SITE_RES_001,Residentiel,0.346,0.43249999999999994,NORMAL
2025-01-21 05:00:00,SITE_RES_001,Residentiel,0.308,0.38499999999999995,NORMAL
2025-01-21 06:00:00,SITE_RES_001,Residentiel,,,
2025-01-21 07:00:00,SITE_RES_001,Residentiel,0.561,0.70125,SOUTENU
2025-01-21 08:00:00,SITE_RES_001,Residentiel,0.539,0.67375,SOUTENU
2025-01-21 09:00:00,SITE_RES_001,Residentiel,0.339,0.42375,NORMAL
2025-01-21 10:00:00,SITE_RES_001,Residentiel,0.344,0.42999999999999994,NORMAL
2025-01-21 11:00:00,SITE_RES_001,Residentiel,0.341,0.42625,NORMAL
2025-01-21 12:00:00,SITE_RES_001,Residentiel,0.304,0.37999999999999995,NORMAL
2025-01-21 13:00:00,SITE_RES_001,Residentiel,0.322,0.40249999999999997,NORMAL
2025-01-21 14:00:00,SITE_RES_001,Residentiel,0.35,0.43749999999999994,NORMAL
2025-01-21 15:00:00,SITE_RES_001,Residentiel,0.3,0.37499999999999994,NORMAL
2025-01-21 16:00:00,SITE_RES_001,Residentiel,0.351,0.43875,NORMAL
2025-01-21 17:00:00,SITE_RES_001,Residentiel,0.301,0.37625,NORMAL
2025-01-21 18:00:00,SITE_RES_001,Residentiel,0.53,0.6625,SOUTENU
2025-01-21 19:00:00,SITE_RES_001,Residentiel,0.487,0.6087499999999999,SOUTENU
2025-01-21 20:00:00,SITE_RES_001,Residentiel,,,
2025-01-21 21:00:00,SITE_RES_001,Residentiel,0.55,0.6875,SOUTENU
2025-01-21 22:00:00,SITE_RES_001,Residentiel,0.345,0.43124999999999997,NORMAL
2025-01-21 23:00:00,SITE_RES_001,Residentiel,0.328,0.41,NORMAL
2025-01-22 00:00:00,SITE_RES_001,Residentiel,0.328,0.41,NORMAL
2025-01-22 01:00:00,SITE_RES_001,Residentiel,0.342,0.4275,NORMAL
2025-01-22 02:00:00,SITE_RES_001,Residentiel,0.302,0.37749999999999995,NORMAL
2025-01-22 03:00:00,SITE_RES_001,Residentiel,0.327,0.40875,NORMAL
2025-01-22 04:00:00,SITE_RES_001,Residentiel,0.351,0.43875,NORMAL
2025-01-22 05:00:00,SITE_RES_001,Residentiel,0.342,0.4275,NORMAL
2025-01-22 06:00:00,SITE_RES_001,Residentiel,0.299,0.37374999999999997,NORMAL
2025-01-22 07:00:00,SITE_RES_001,Residentiel,0.5,0.625,SOUTENU
2025-01-22 08:00:00,SITE_RES_001,Residentiel,0.49,0.6124999999999999,SOUTENU
2025-01-22 09:00:00,SITE_RES_001,Residentiel,0.316,0.39499999999999996,NORMAL
2025-01-22 10:00:00,SITE_RES_001,Residentiel,0.312,0.38999999999999996,NORMAL
2025-01-22 11:00:00,SITE_RES_001,Residentiel,0.319,0.39875,NORMAL
2025-01-22 12:00:00,SITE_RES_001,Residentiel,0.32,0.39999999999999997,NORMAL
2025-01-22 13:00:00,SITE_RES_001,Residentiel,0.312,0.38999999999999996,NORMAL
2025-01-22 14:00:00,SITE_RES_001,Residentiel,0.312,0.38999999999999996,NORMAL
2025-01-22 15:00:00,SITE_RES_001,Residentiel,0.314,0.39249999999999996,NORMAL
2025-01-22 16:00:00,SITE_RES_001,Residentiel,0.326,0.4075,NORMAL
2025-01-22 17:00:00,SITE_RES_001,Residentiel,0.304,0.37999999999999995,NORMAL
2025-01-22 18:00:00,SITE_RES_001,Residentiel,0.508,0.635,SOUTENU
2025-01-22 19:00:00,SITE_RES_001,Residentiel,,,
2025-01-22 20:00:00,SITE_RES_001,Residentiel,0.492,0.615,SOUTENU
2025-01-22 21:00:00,SITE_RES_001,Residentiel,,,
2025-01-22 22:00:00,SITE_RES_001,Residentiel,0.34,0.425,NORMAL
2025-01-22 23:00:00,SITE_RES_001,Residentiel,0.337,0.42125,NORMAL
2025-01-23 00:00:00,SITE_RES_001,Residentiel,0.333,0.41625,NORMAL
2025-01-23 01:00:00,SITE_RES_001,Residentiel,0.317,0.39625,NORMAL
2025-01-23 02:00:00,SITE_RES_001,Residentiel,0.347,0.43374999999999997,NORMAL
2025-01-23 03:00:00,SITE_RES_001,Residentiel,0.303,0.37875,NORMAL
2025-01-23 04:00:00,SITE_RES_001,Residentiel,0.338,0.4225,NORMAL
2025-01-23 05:00:00,SITE_RES_001,Residentiel,0.323,0.40375,NORMAL
2025-01-23 06:00:00,SITE_RES_001,Residentiel,,,
2025-01-23 07:00:00,SITE_RES_001,Residentiel,0.479,0.5987499999999999,SOUTENU
2025-01-23 08:00:00,SITE_RES_001,Residentiel,0.516,0.645,SOUTENU
2025-01-23 09:00:00,SITE_RES_001,Residentiel,0.348,0.43499999999999994,NORMAL
2025-01-23 10:00:00,SITE_RES_001,Residentiel,0.337,0.42125,NORMAL
2025-01-23 11:00:00,SITE_RES_001,Residentiel,0.292,0.36499999999999994,NORMAL
2025-01-23 12:00:00,SITE_RES_001,Residentiel,0.296,0.36999999999999994,NORMAL
2025-01-23 13:00:00,SITE_RES_001,Residentiel,,,
2025-01-23 14:00:00,SITE_RES_001,Residentiel,0.304,0.37999999999999995,NORMAL
2025-01-23 15:00:00,SITE_RES_001,Residentiel,0.312,0.38999999999999996,NORMAL
2025-01-23 16:00:00,SITE_RES_001,Residentiel,0.331,0.41375,NORMAL
2025-01-23 17:00:00,SITE_RES_001,Residentiel,0.322,0.40249999999999997,NORMAL
2025-01-23 18:00:00,SITE_RES_001,Residentiel,0.531,0.66375,SOUTENU
2025-01-23 19:00:00,SITE_RES_001,Residentiel,0.522,0.6525,SOUTENU
2025-01-23 20:00:00,SITE_RES_001,Residentiel,0.552,0.6900000000000001,SOUTENU
2025-01-23 21:00:00,SITE_RES_001,Residentiel,0.499,0.6237499999999999,SOUTENU
2025-01-23 22:00:00,SITE_RES_001,Residentiel,0.312,0.38999999999999996,NORMAL
2025-01-23 23:00:00,SITE_RES_001,Residentiel,0.316,0.39499999999999996,NORMAL
2025-01-24 00:00:00,SITE_RES_001,Residentiel,0.339,0.42375,NORMAL
2025-01-24 01:00:00,SITE_RES_001,Residentiel,0.304,0.37999999999999995,NORMAL
2025-01-24 02:00:00,SITE_RES_001,Residentiel,0.319,0.39875,NORMAL
2025-01-24 03:00:00,SITE_RES_001,Residentiel,0.318,0.39749999999999996,NORMAL
2025-01-24 04:00:00,SITE_RES_001,Residentiel,0.345,0.43124999999999997,NORMAL
2025-01-24 05:00:00,SITE_RES_001,Residentiel,0.318,0.39749999999999996,NORMAL
2025-01-24 06:00:00,SITE_RES_001,Residentiel,,,
2025-01-24 07:00:00,SITE_RES_001,Residentiel,0.565,0.7062499999999999,SOUTENU
2025-01-24 08:00:00,SITE_RES_001,Residentiel,0.488,0.61,SOUTENU
2025-01-24 09:00:00,SITE_RES_001,Residentiel,0.297,0.37124999999999997,NORMAL
2025-01-24 10:00:00,SITE_RES_001,Residentiel,0.302,0.37749999999999995,NORMAL
2025-01-24 11:00:00,SITE_RES_001,Residentiel,0.339,0.42375,NORMAL
2025-01-24 12:00:00,SITE_RES_001,Residentiel,0.291,0.36374999999999996,NORMAL
2025-01-24 13:00:00,SITE_RES_001,Residentiel,0.319,0.39875,NORMAL
2025-01-24 14:00:00,SITE_RES_001,Residentiel,0.335,0.41875,NORMAL
2025-01-24 15:00:00,SITE_RES_001,Residentiel,0.348,0.43499999999999994,NORMAL
2025-01-24 16:00:00,SITE_RES_001,Residentiel,0.334,0.4175,NORMAL
2025-01-24 17:00:00,SITE_RES_001,Residentiel,0.294,0.36749999999999994,NORMAL
2025-01-24 18:00:00,SITE_RES_001,Residentiel,0.5,0.625,SOUTENU
2025-01-24 19:00:00,SITE_RES_001,Residentiel,0.511,0.6387499999999999,SOUTENU
2025-01-24 20:00:00,SITE_RES_001,Residentiel,0.495,0.6187499999999999,SOUTENU
2025-01-24 21:00:00,SITE_RES_001,Residentiel,0.557,0.69625,SOUTENU
2025-01-24 22:00:00,SITE_RES_001,Residentiel,0.318,0.39749999999999996,NORMAL
2025-01-24 23:00:00,SITE_RES_001,Residentiel,0.293,0.36624999999999996,NORMAL
2025-01-25 00:00:00,SITE_RES_001,Residentiel,0.403,0.50375,SOUTENU
2025-01-25 01:00:00,SITE_RES_001,Residentiel,0.372,0.46499999999999997,NORMAL
2025-01-25 02:00:00,SITE_RES_001,Residentiel,0.38,0.475,NORMAL
2025-01-25 03:00:00,SITE_RES_001,Residentiel,0.375,0.46875,NORMAL
2025-01-25 04:00:00,SITE_RES_001,Residentiel,0.349,0.43624999999999997,NORMAL
2025-01-25 05:00:00,SITE_RES_001,Residentiel,0.4,0.5,NORMAL
2025-01-25 06:00:00,SITE_RES_001,Residentiel,0.335,0.41875,NORMAL
2025-01-25 07:00:00,SITE_RES_001,Residentiel,0.637,0.79625,SOUTENU
2025-01-25 08:00:00,SITE_RES_001,Residentiel,0.653,0.81625,CRITIQUE
2025-01-25 09:00:00,SITE_RES_001,Residentiel,0.371,0.46375,NORMAL
2025-01-25 10:00:00,SITE_RES_001,Residentiel,0.356,0.44499999999999995,NORMAL
2025-01-25 11:00:00,SITE_RES_001,Residentiel,,,
2025-01-25 12:00:00,SITE_RES_001,Residentiel,0.363,0.45375,NORMAL
2025-01-25 13:00:00,SITE_RES_001,Residentiel,0.333,0.41625,NORMAL
2025-01-25 14:00:00,SITE_RES_001,Residentiel,0.396,0.495,NORMAL
2025-01-25 15:00:00,SITE_RES_001,Residentiel,0.361,0.45125,NORMAL
2025-01-25 16:00:00,SITE_RES_001,Residentiel,0.343,0.42875,NORMAL
2025-01-25 17:00:00,SITE_RES_001,Residentiel,0.337,0.42125,NORMAL
2025-01-25 18:00:00,SITE_RES_001,Residentiel,0.603,0.7537499999999999,SOUTENU
2025-01-25 19:00:00,SITE_RES_001,Residentiel,0.635,0.79375,SOUTENU
2025-01-25 20:00:00,SITE_RES_001,Residentiel,0.559,0.69875,SOUTENU
2025-01-25 21:00:00,SITE_RES_001,Residentiel,0.62,0.7749999999999999,SOUTENU
2025-01-25 22:00:00,SITE_RES_001,Residentiel,0.334,0.4175,NORMAL
2025-01-25 23:00:00,SITE_RES_001,Residentiel,0.374,0.46749999999999997,NORMAL
2025-01-26 00:00:00,SITE_RES_001,Residentiel,0.345,0.43124999999999997,NORMAL
2025-01-26 01:00:00,SITE_RES_001,Residentiel,0.339,0.42375,NORMAL
2025-01-26 02:00:00,SITE_RES_001,Residentiel,0.392,0.49,NORMAL
2025-01-26 03:00:00,SITE_RES_001,Residentiel,0.35,0.43749999999999994,NORMAL
2025-01-26 04:00:00,SITE_RES_001,Residentiel,0.376,0.47,NORMAL
2025-01-26 05:00:00,SITE_RES_001,Residentiel,,,
2025-01-26 06:00:00,SITE_RES_001,Residentiel,0.369,0.46125,NORMAL
2025-01-26 07:00:00,SITE_RES_001,Residentiel,0.635,0.79375,SOUTENU
2025-01-26 08:00:00,SITE_RES_001,Residentiel,0.577,0.72125,SOUTENU
2025-01-26 09:00:00,SITE_RES_001,Residentiel,0.337,0.42125,NORMAL
2025-01-26 10:00:00,SITE_RES_001,Residentiel,0.364,0.45499999999999996,NORMAL
2025-01-26 11:00:00,SITE_RES_001,Residentiel,0.382,0.4775,NORMAL
2025-01-26 12:00:00,SITE_RES_001,Residentiel,0.34,0.425,NORMAL
2025-01-26 13:00:00,SITE_RES_001,Residentiel,0.374,0.46749999999999997,NORMAL
2025-01-26 14:00:00,SITE_RES_001,Residentiel,0.334,0.4175,NORMAL
2025-01-26 15:00:00,SITE_RES_001,Residentiel,0.334,0.4175,NORMAL
2025-01-26 16:00:00,SITE_RES_001,Residentiel,,,
2025-01-26 17:00:00,SITE_RES_001,Residentiel,0.355,0.44375,NORMAL
2025-01-26 18:00:00,SITE_RES_001,Residentiel,0.589,0.73625,SOUTENU
2025-01-26 19:00:00,SITE_RES_001,Residentiel,0.622,0.7775,SOUTENU
2025-01-26 20:00:00,SITE_RES_001,Residentiel,0.588,0.7349999999999999,SOUTENU
2025-01-26 21:00:00,SITE_RES_001,Residentiel,0.644,0.8049999999999999,CRITIQUE
2025-01-26 22:00:00,SITE_RES_001,Residentiel,0.398,0.4975,NORMAL
2025-01-26 23:00:00,SITE_RES_001,Residentiel,0.378,0.4725,NORMAL
2025-01-27 00:00:00,SITE_RES_001,Residentiel,0.288,0.35999999999999993,NORMAL
2025-01-27 01:00:00,SITE_RES_001,Residentiel,0.302,0.37749999999999995,NORMAL
2025-01-27 02:00:00,SITE_RES_001,Residentiel,0.32,0.39999999999999997,NORMAL
2025-01-27 03:00:00,SITE_RES_001,Residentiel,0.327,0.40875,NORMAL
2025-01-27 04:00:00,SITE_RES_001,Residentiel,0.339,0.42375,NORMAL
2025-01-27 05:00:00,SITE_RES_001,Residentiel,0.322,0.40249999999999997,NORMAL
2025-01-27 06:00:00,SITE_RES_001,Residentiel,0.314,0.39249999999999996,NORMAL
2025-01-27 07:00:00,SITE_RES_001,Residentiel,0.559,0.69875,SOUTENU
2025-01-27 08:00:00,SITE_RES_001,Residentiel,0.492,0.615,SOUTENU
2025-01-27 09:00:00,SITE_RES_001,Residentiel,0.307,0.38375,NORMAL
2025-01-27 10:00:00,SITE_RES_001,Residentiel,0.346,0.43249999999999994,NORMAL
2025-01-27 11:00:00,SITE_RES_001,Residentiel,0.291,0.36374999999999996,NORMAL
2025-01-27 12:00:00,SITE_RES_001,Residentiel,0.316,0.39499999999999996,NORMAL
2025-01-27 13:00:00,SITE_RES_001,Residentiel,0.34,0.425,NORMAL
2025-01-27 14:00:00,SITE_RES_001,Residentiel,0.349,0.43624999999999997,NORMAL
2025-01-27 15:00:00,SITE_RES_001,Residentiel,0.326,0.4075,NORMAL
2025-01-27 16:00:00,SITE_RES_001,Residentiel,0.33,0.4125,NORMAL
2025-01-27 17:00:00,SITE_RES_001,Residentiel,0.351,0.43875,NORMAL
2025-01-27 18:00:00,SITE_RES_001,Residentiel,,,
2025-01-27 19:00:00,SITE_RES_001,Residentiel,0.566,0.7074999999999999,SOUTENU
2025-01-27 20:00:00,SITE_RES_001,Residentiel,0.495,0.6187499999999999,SOUTENU
2025-01-27 21:00:00,SITE_RES_001,Residentiel,0.562,0.7025,SOUTENU
2025-01-27 22:00:00,SITE_RES_001,Residentiel,0.348,0.43499999999999994,NORMAL
2025-01-27 23:00:00,SITE_RES_001,Residentiel,0.292,0.36499999999999994,NORMAL
2025-01-28 00:00:00,SITE_RES_001,Residentiel,0.288,0.35999999999999993,NORMAL
2025-01-28 01:00:00,SITE_RES_001,Residentiel,,,
2025-01-28 02:00:00,SITE_RES_001,Residentiel,0.296,0.36999999999999994,NORMAL
2025-01-28 03:00:00,SITE_RES_001,Residentiel,0.296,0.36999999999999994,NORMAL
2025-01-28 04:00:00,SITE_RES_001,Residentiel,0.338,0.4225,NORMAL
2025-01-28 05:00:00,SITE_RES_001,Residentiel,0.348,0.43499999999999994,NORMAL
2025-01-28 06:00:00,SITE_RES_001,Residentiel,,,
2025-01-28 07:00:00,SITE_RES_001,Residentiel,0.504,0.63,SOUTENU
2025-01-28 08:00:00,SITE_RES_001,Residentiel,0.571,0.7137499999999999,SOUTENU
2025-01-28 09:00:00,SITE_RES_001,Residentiel,0.313,0.39125,NORMAL
2025-01-28 10:00:00,SITE_RES_001,Residentiel,0.34,0.425,NORMAL
2025-01-28 11:00:00,SITE_RES_001,Residentiel,0.338,0.4225,NORMAL
2025-01-28 12:00:00,SITE_RES_001,Residentiel,0.303,0.37875,NORMAL
2025-01-28 13:00:00,SITE_RES_001,Residentiel,0.337,0.42125,NORMAL
2025-01-28 14:00:00,SITE_RES_001,Residentiel,0.291,0.36374999999999996,NORMAL
2025-01-28 15:00:00,SITE_RES_001,Residentiel,0.351,0.43875,NORMAL
2025-01-28 16:00:00,SITE_RES_001,Residentiel,0.342,0.4275,NORMAL
2025-01-28 17:00:00,SITE_RES_001,Residentiel,0.342,0.4275,NORMAL
2025-01-28 18:00:00,SITE_RES_001,Residentiel,,,
2025-01-28 19:00:00,SITE_RES_001,Residentiel,0.503,0.6287499999999999,SOUTENU
2025-01-28 20:00:00,SITE_RES_001,Residentiel,0.501,0.62625,SOUTENU
2025-01-28 21:00:00,SITE_RES_001,Residentiel,0.557,0.69625,SOUTENU
2025-01-28 22:00:00,SITE_RES_001,Residentiel,0.297,0.37124999999999997,NORMAL
2025-01-28 23:00:00,SITE_RES_001,Residentiel,0.31,0.38749999999999996,NORMAL
2025-01-29 00:00:00,SITE_RES_001,Residentiel,0.293,0.36624999999999996,NORMAL
2025-01-29 01:00:00,SITE_RES_001,Residentiel,0.351,0.43875,NORMAL
2025-01-29 02:00:00,SITE_RES_001,Residentiel,,,
2025-01-29 03:00:00,SITE_RES_001,Residentiel,0.294,0.36749999999999994,NORMAL
2025-01-29 04:00:00,SITE_RES_001,Residentiel,0.3,0.37499999999999994,NORMAL
2025-01-29 05:00:00,SITE_RES_001,Residentiel,0.306,0.38249999999999995,NORMAL
2025-01-29 06:00:00,SITE_RES_001,Residentiel,0.343,0.42875,NORMAL
2025-01-29 07:00:00,SITE_RES_001,Residentiel,0.54,0.675,SOUTENU
2025-01-29 08:00:00,SITE_RES_001,Residentiel,0.561,0.70125,SOUTENU
2025-01-29 09:00:00,SITE_RES_001,Residentiel,,,
2025-01-29 10:00:00,SITE_RES_001,Residentiel,0.292,0.36499999999999994,NORMAL
2025-01-29 11:00:00,SITE_RES_001,Residentiel,0.319,0.39875,NORMAL
2025-01-29 12:00:00,SITE_RES_001,Residentiel,0.305,0.38125,NORMAL
2025-01-29 13:00:00,SITE_RES_001,Residentiel,0.293,0.36624999999999996,NORMAL
2025-01-29 14:00:00,SITE_RES_001,Residentiel,0.343,0.42875,NORMAL
2025-01-29 15:00:00,SITE_RES_001,Residentiel,0.333,0.41625,NORMAL
2025-01-29 16:00:00,SITE_RES_001,Residentiel,0.321,0.40125,NORMAL
2025-01-29 17:00:00,SITE_RES_001,Residentiel,0.305,0.38125,NORMAL
2025-01-29 18:00:00,SITE_RES_001,Residentiel,0.525,0.65625,SOUTENU
2025-01-29 19:00:00,SITE_RES_001,Residentiel,0.488,0.61,SOUTENU
2025-01-29 20:00:00,SITE_RES_001,Residentiel,0.529,0.66125,SOUTENU
2025-01-29 21:00:00,SITE_RES_001,Residentiel,0.557,0.69625,SOUTENU
2025-01-29 22:00:00,SITE_RES_001,Residentiel,0.32,0.39999999999999997,NORMAL
2025-01-29 23:00:00,SITE_RES_001,Residentiel,0.304,0.37999999999999995,NORMAL
2025-01-30 00:00:00,SITE_RES_001,Residentiel,,,
2025-01-30 01:00:00,SITE_RES_001,Residentiel,0.352,0.43999999999999995,NORMAL
2025-01-30 02:00:00,SITE_RES_001,Residentiel,0.297,0.37124999999999997,NORMAL
2025-01-30 03:00:00,SITE_RES_001,Residentiel,0.33,0.4125,NORMAL
2025-01-30 04:00:00,SITE_RES_001,Residentiel,0.295,0.36874999999999997,NORMAL
2025-01-30 05:00:00,SITE_RES_001,Residentiel,0.338,0.4225,NORMAL
2025-01-30 06:00:00,SITE_RES_001,Residentiel,0.33,0.4125,NORMAL
2025-01-30 07:00:00,SITE_RES_001,Residentiel,0.534,0.6675,SOUTENU
2025-01-30 08:00:00,SITE_RES_001,Residentiel,0.557,0.69625,SOUTENU
2025-01-30 09:00:00,SITE_RES_001,Residentiel,0.316,0.39499999999999996,NORMAL
2025-01-30 10:00:00,SITE_RES_001,Residentiel,0.338,0.4225,NORMAL
2025-01-30 11:00:00,SITE_RES_001,Residentiel,0.301,0.37625,NORMAL
2025-01-30 12:00:00,SITE_RES_001,Residentiel,0.299,0.37374999999999997,NORMAL
2025-01-30 13:00:00,SITE_RES_001,Residentiel,0.292,0.36499999999999994,NORMAL
2025-01-30 14:00:00,SITE_RES_001,Residentiel,0.301,0.37625,NORMAL
2025-01-30 15:00:00,SITE_RES_001,Residentiel,0.305,0.38125,NORMAL
2025-01-30 16:00:00,SITE_RES_001,Residentiel,0.338,0.4225,NORMAL
2025-01-30 17:00:00,SITE_RES_001,Residentiel,0.323,0.40375,NORMAL
2025-01-30 18:00:00,SITE_RES_001,Residentiel,0.507,0.6337499999999999,SOUTENU
2025-01-30 19:00:00,SITE_RES_001,Residentiel,0.522,0.6525,SOUTENU
2025-01-30 20:00:00,SITE_RES_001,Residentiel,0.568,0.7099999999999999,SOUTENU
2025-01-30 21:00:00,SITE_RES_001,Residentiel,0.493,0.61625,SOUTENU
2025-01-30 22:00:00,SITE_RES_001,Residentiel,,,
2025-01-30 23:00:00,SITE_RES_001,Residentiel,0.351,0.43875,NORMAL
2025-01-01 00:00:00,SITE_RES_002,Residentiel,0.249,0.41500000000000004,NORMAL
2025-01-01 01:00:00,SITE_RES_002,Residentiel,0.225,0.375,NORMAL
2025-01-01 02:00:00,SITE_RES_002,Residentiel,0.228,0.38,NORMAL
2025-01-01 03:00:00,SITE_RES_002,Residentiel,0.248,0.41333333333333333,NORMAL
2025-01-01 04:00:00,SITE_RES_002,Residentiel,0.234,0.39,NORMAL
2025-01-01 05:00:00,SITE_RES_002,Residentiel,0.257,0.42833333333333334,NORMAL
2025-01-01 06:00:00,SITE_RES_002,Residentiel,0.24,0.4,NORMAL
2025-01-01 07:00:00,SITE_RES_002,Residentiel,0.359,0.5983333333333334,SOUTENU
2025-01-01 08:00:00,SITE_RES_002,Residentiel,0.367,0.6116666666666667,SOUTENU
2025-01-01 09:00:00,SITE_RES_002,Residentiel,0.249,0.41500000000000004,NORMAL
2025-01-01 10:00:00,SITE_RES_002,Residentiel,0.251,0.41833333333333333,NORMAL
2025-01-01 11:00:00,SITE_RES_002,Residentiel,0.26,0.43333333333333335,NORMAL
2025-01-01 12:00:00,SITE_RES_002,Residentiel,,,
2025-01-01 13:00:00,SITE_RES_002,Residentiel,0.245,0.4083333333333333,NORMAL
2025-01-01 14:00:00,SITE_RES_002,Residentiel,0.252,0.42000000000000004,NORMAL
2025-01-01 15:00:00,SITE_RES_002,Residentiel,0.229,0.3816666666666667,NORMAL
2025-01-01 16:00:00,SITE_RES_002,Residentiel,0.26,0.43333333333333335,NORMAL
2025-01-01 17:00:00,SITE_RES_002,Residentiel,0.259,0.4316666666666667,NORMAL
2025-01-01 18:00:00,SITE_RES_002,Residentiel,0.396,0.66,SOUTENU
2025-01-01 19:00:00,SITE_RES_002,Residentiel,0.41,0.6833333333333333,SOUTENU
2025-01-01 20:00:00,SITE_RES_002,Residentiel,0.427,0.7116666666666667,SOUTENU
2025-01-01 21:00:00,SITE_RES_002,Residentiel,0.415,0.6916666666666667,SOUTENU
2025-01-01 22:00:00,SITE_RES_002,Residentiel,0.256,0.4266666666666667,NORMAL
2025-01-01 23:00:00,SITE_RES_002,Residentiel,0.238,0.39666666666666667,NORMAL
2025-01-02 00:00:00,SITE_RES_002,Residentiel,0.251,0.41833333333333333,NORMAL
2025-01-02 01:00:00,SITE_RES_002,Residentiel,0.948,1.58,DÉPASSEMENT
2025-01-02 02:00:00,SITE_RES_002,Residentiel,,,
2025-01-02 03:00:00,SITE_RES_002,Residentiel,0.224,0.37333333333333335,NORMAL
2025-01-02 04:00:00,SITE_RES_002,Residentiel,0.224,0.37333333333333335,NORMAL
2025-01-02 05:00:00,SITE_RES_002,Residentiel,0.25,0.4166666666666667,NORMAL
2025-01-02 06:00:00,SITE_RES_002,Residentiel,0.258,0.43000000000000005,NORMAL
2025-01-02 07:00:00,SITE_RES_002,Residentiel,0.426,0.71,SOUTENU
2025-01-02 08:00:00,SITE_RES_002,Residentiel,0.416,0.6933333333333334,SOUTENU
2025-01-02 09:00:00,SITE_RES_002,Residentiel,0.238,0.39666666666666667,NORMAL
2025-01-02 10:00:00,SITE_RES_002,Residentiel,0.231,0.385,NORMAL
2025-01-02 11:00:00,SITE_RES_002,Residentiel,0.256,0.4266666666666667,NORMAL
2025-01-02 12:00:00,SITE_RES_002,Residentiel,0.238,0.39666666666666667,NORMAL
2025-01-02 13:00:00,SITE_RES_002,Residentiel,0.222,0.37,NORMAL
2025-01-02 14:00:00,SITE_RES_002,Residentiel,0.257,0.42833333333333334,NORMAL
2025-01-02 15:00:00,SITE_RES_002,Residentiel,0.25,0.4166666666666667,NORMAL
2025-01-02 16:00:00,SITE_RES_002,Residentiel,0.258,0.43000000000000005,NORMAL
2025-01-02 17:00:00,SITE_RES_002,Residentiel,0.257,0.42833333333333334,NORMAL
2025-01-02 18:00:00,SITE_RES_002,Residentiel,0.358,0.5966666666666667,SOUTENU
2025-01-02 19:00:00,SITE_RES_002,Residentiel,,,
2025-01-02 20:00:00,SITE_RES_002,Residentiel,0.416,0.6933333333333334,SOUTENU
2025-01-02 21:00:00,SITE_RES_002,Residentiel,0.358,0.5966666666666667,SOUTENU
2025-01-02 22:00:00,SITE_RES_002,Residentiel,0.246,0.41000000000000003,NORMAL
2025-01-02 23:00:00,SITE_RES_002,Residentiel,0.249,0.41500000000000004,NORMAL
2025-01-03 00:00:00,SITE_RES_002,Residentiel,0.217,0.3616666666666667,NORMAL
2025-01-03 01:00:00,SITE_RES_002,Residentiel,0.255,0.42500000000000004,NORMAL
2025-01-03 02:00:00,SITE_RES_002,Residentiel,0.255,0.42500000000000004,NORMAL
2025-01-03 03:00:00,SITE_RES_002,Residentiel,0.262,0.4366666666666667,NORMAL
2025-01-03 04:00:00,SITE_RES_002,Residentiel,0.234,0.39,NORMAL
2025-01-03 05:00:00,SITE_RES_002,Residentiel,0.251,0.41833333333333333,NORMAL
2025-01-03 06:00:00,SITE_RES_002,Residentiel,0.254,0.42333333333333334,NORMAL
2025-01-03 07:00:00,SITE_RES_002,Residentiel,0.363,0.605,SOUTENU
2025-01-03 08:00:00,SITE_RES_002,Residentiel,0.393,0.655,SOUTENU
2025-01-03 09:00:00,SITE_RES_002,Residentiel,0.223,0.3716666666666667,NORMAL
2025-01-03 10:00:00,SITE_RES_002,Residentiel,,,
2025-01-03 11:00:00,SITE_RES_002,Residentiel,,,
2025-01-03 12:00:00,SITE_RES_002,Residentiel,0.228,0.38,NORMAL
2025-01-03 13:00:00,SITE_RES_002,Residentiel,0.241,0.40166666666666667,NORMAL
2025-01-03 14:00:00,SITE_RES_002,Residentiel,0.227,0.37833333333333335,NORMAL
2025-01-03 15:00:00,SITE_RES_002,Residentiel,0.231,0.385,NORMAL
2025-01-03 16:00:00,SITE_RES_002,Residentiel,0.254,0.42333333333333334,NORMAL
2025-01-03 17:00:00,SITE_RES_002,Residentiel,0.246,0.41000000000000003,NORMAL
2025-01-03 18:00:00,SITE_RES_002,Residentiel,0.418,0.6966666666666667,SOUTENU
2025-01-03 19:00:00,SITE_RES_002,Residentiel,0.352,0.5866666666666667,SOUTENU
2025-01-03 20:00:00,SITE_RES_002,Residentiel,0.423,0.705,SOUTENU
2025-01-03 21:00:00,SITE_RES_002,Residentiel,0.355,0.5916666666666667,SOUTENU
2025-01-03 22:00:00,SITE_RES_002,Residentiel,0.222,0.37,NORMAL
2025-01-03 23:00:00,SITE_RES_002,Residentiel,0.246,0.41000000000000003,NORMAL
2025-01-04 00:00:00,SITE_RES_002,Residentiel,0.301,0.5016666666666667,SOUTENU
2025-01-04 01:00:00,SITE_RES_002,Residentiel,0.269,0.44833333333333336,NORMAL
2025-01-04 02:00:00,SITE_RES_002,Residentiel,0.263,0.43833333333333335,NORMAL
2025-01-04 03:00:00,SITE_RES_002,Residentiel,0.283,0.4716666666666666,NORMAL
2025-01-04 04:00:00,SITE_RES_002,Residentiel,0.285,0.475,NORMAL
2025-01-04 05:00:00,SITE_RES_002,Residentiel,0.262,0.4366666666666667,NORMAL
2025-01-04 06:00:00,SITE_RES_002,Residentiel,0.288,0.48,NORMAL
2025-01-04 07:00:00,SITE_RES_002,Residentiel,0.473,0.7883333333333333,SOUTENU
2025-01-04 08:00:00,SITE_RES_002,Residentiel,0.43,0.7166666666666667,SOUTENU
2025-01-04 09:00:00,SITE_RES_002,Residentiel,0.29,0.48333333333333334,NORMAL
2025-01-04 10:00:00,SITE_RES_002,Residentiel,0.271,0.4516666666666667,NORMAL
2025-01-04 11:00:00,SITE_RES_002,Residentiel,0.286,0.4766666666666666,NORMAL
2025-01-04 12:00:00,SITE_RES_002,Residentiel,0.25,0.4166666666666667,NORMAL
2025-01-04 13:00:00,SITE_RES_002,Residentiel,0.264,0.44000000000000006,NORMAL
2025-01-04 14:00:00,SITE_RES_002,Residentiel,0.276,0.4600000000000001,NORMAL
2025-01-04 15:00:00,SITE_RES_002,Residentiel,0.269,0.44833333333333336,NORMAL
2025-01-04 16:00:00,SITE_RES_002,Residentiel,0.303,0.505,SOUTENU
2025-01-04 17:00:00,SITE_RES_002,Residentiel,0.294,0.49,NORMAL
2025-01-04 18:00:00,SITE_RES_002,Residentiel,0.465,0.775,SOUTENU
2025-01-04 19:00:00,SITE_RES_002,Residentiel,0.486,0.81,CRITIQUE
2025-01-04 20:00:00,SITE_RES_002,Residentiel,0.478,0.7966666666666666,SOUTENU
2025-01-04 21:00:00,SITE_RES_002,Residentiel,0.439,0.7316666666666667,SOUTENU
2025-01-04 22:00:00,SITE_RES_002,Residentiel,0.254,0.42333333333333334,NORMAL
2025-01-04 23:00:00,SITE_RES_002,Residentiel,0.292,0.48666666666666664,NORMAL
2025-01-05 00:00:00,SITE_RES_002,Residentiel,0.281,0.4683333333333334,NORMAL
2025-01-05 01:00:00,SITE_RES_002,Residentiel,0.271,0.4516666666666667,NORMAL
2025-01-05 02:00:00,SITE_RES_002,Residentiel,0.296,0.49333333333333335,NORMAL
2025-01-05 03:00:00,SITE_RES_002,Residentiel,0.282,0.47,NORMAL
2025-01-05 04:00:00,SITE_RES_002,Residentiel,0.27,0.45000000000000007,NORMAL
2025-01-05 05:00:00,SITE_RES_002,Residentiel,0.279,0.4650000000000001,NORMAL
2025-01-05 06:00:00,SITE_RES_002,Residentiel,0.259,0.4316666666666667,NORMAL
2025-01-05 07:00:00,SITE_RES_002,Residentiel,0.413,0.6883333333333334,SOUTENU
2025-01-05 08:00:00,SITE_RES_002,Residentiel,0.457,0.7616666666666667,SOUTENU
2025-01-05 09:00:00,SITE_RES_002,Residentiel,0.274,0.4566666666666667,NORMAL
2025-01-05 10:00:00,SITE_RES_002,Residentiel,0.302,0.5033333333333333,SOUTENU
2025-01-05 11:00:00,SITE_RES_002,Residentiel,0.249,0.41500000000000004,NORMAL
2025-01-05 12:00:00,SITE_RES_002,Residentiel,0.292,0.48666666666666664,NORMAL
2025-01-05 13:00:00,SITE_RES_002,Residentiel,,,
2025-01-05 14:00:00,SITE_RES_002,Residentiel,,,
2025-01-05 15:00:00,SITE_RES_002,Residentiel,0.275,0.45833333333333337,NORMAL
2025-01-05 16:00:00,SITE_RES_002,Residentiel,,,
2025-01-05 17:00:00,SITE_RES_002,Residentiel,0.282,0.47,NORMAL
2025-01-05 18:00:00,SITE_RES_002,Residentiel,0.434,0.7233333333333334,SOUTENU
2025-01-05 19:00:00,SITE_RES_002,Residentiel,,,
2025-01-05 20:00:00,SITE_RES_002,Residentiel,,,
2025-01-05 21:00:00,SITE_RES_002,Residentiel,0.473,0.7883333333333333,SOUTENU
2025-01-05 22:00:00,SITE_RES_002,Residentiel,0.272,0.45333333333333337,NORMAL
2025-01-05 23:00:00,SITE_RES_002,Residentiel,0.255,0.42500000000000004,NORMAL
2025-01-06 00:00:00,SITE_RES_002,Residentiel,0.218,0.36333333333333334,NORMAL
2025-01-06 01:00:00,SITE_RES_002,Residentiel,0.226,0.3766666666666667,NORMAL
2025-01-06 02:00:00,SITE_RES_002,Residentiel,0.258,0.43000000000000005,NORMAL
2025-01-06 03:00:00,SITE_RES_002,Residentiel,0.231,0.385,NORMAL
2025-01-06 04:00:00,SITE_RES_002,Residentiel,0.226,0.3766666666666667,NORMAL
2025-01-06 05:00:00,SITE_RES_002,Residentiel,0.24,0.4,NORMAL
2025-01-06 06:00:00,SITE_RES_002,Residentiel,0.257,0.42833333333333334,NORMAL
2025-01-06 07:00:00,SITE_RES_002,Residentiel,0.399,0.665,SOUTENU
2025-01-06 08:00:00,SITE_RES_002,Residentiel,0.426,0.71,SOUTENU
2025-01-06 09:00:00,SITE_RES_002,Residentiel,0.254,0.42333333333333334,NORMAL
2025-01-06 10:00:00,SITE_RES_002,Residentiel,0.227,0.37833333333333335,NORMAL
2025-01-06 11:00:00,SITE_RES_002,Residentiel,0.241,0.40166666666666667,NORMAL
2025-01-06 12:00:00,SITE_RES_002,Residentiel,0.245,0.4083333333333333,NORMAL
2025-01-06 13:00:00,SITE_RES_002,Residentiel,0.249,0.41500000000000004,NORMAL
2025-01-06 14:00:00,SITE_RES_002,Residentiel,0.264,0.44000000000000006,NORMAL
2025-01-06 15:00:00,SITE_RES_002,Residentiel,0.244,0.4066666666666667,NORMAL
2025-01-06 16:00:00,SITE_RES_002,Residentiel,0.228,0.38,NORMAL
2025-01-06 17:00:00,SITE_RES_002,Residentiel,0.243,0.405,NORMAL
2025-01-06 18:00:00,SITE_RES_002,Residentiel,0.414,0.69,SOUTENU
2025-01-06 19:00:00,SITE_RES_002,Residentiel,0.401,0.6683333333333334,SOUTENU
2025-01-06 20:00:00,SITE_RES_002,Residentiel,0.41,0.6833333333333333,SOUTENU
2025-01-06 21:00:00,SITE_RES_002,Residentiel,0.362,0.6033333333333334,SOUTENU
2025-01-06 22:00:00,SITE_RES_002,Residentiel,0.243,0.405,NORMAL
2025-01-06 23:00:00,SITE_RES_002,Residentiel,0.253,0.4216666666666667,NORMAL
2025-01-07 00:00:00,SITE_RES_002,Residentiel,0.257,0.42833333333333334,NORMAL
2025-01-07 01:00:00,SITE_RES_002,Residentiel,0.256,0.4266666666666667,NORMAL
2025-01-07 02:00:00,SITE_RES_002,Residentiel,0.253,0.4216666666666667,NORMAL
2025-01-07 03:00:00,SITE_RES_002,Residentiel,0.219,0.365,NORMAL
2025-01-07 04:00:00,SITE_RES_002,Residentiel,0.223,0.3716666666666667,NORMAL
2025-01-07 05:00:00,SITE_RES_002,Residentiel,0.259,0.4316666666666667,NORMAL
2025-01-07 06:00:00,SITE_RES_002,Residentiel,0.243,0.405,NORMAL
2025-01-07 07:00:00,SITE_RES_002,Residentiel,,,
2025-01-07 08:00:00,SITE_RES_002,Residentiel,0.421,0.7016666666666667,SOUTENU
2025-01-07 09:00:00,SITE_RES_002,Residentiel,0.217,0.3616666666666667,NORMAL
2025-01-07 10:00:00,SITE_RES_002,Residentiel,0.233,0.38833333333333336,NORMAL
2025-01-07 11:00:00,SITE_RES_002,Residentiel,0.259,0.4316666666666667,NORMAL
2025-01-07 12:00:00,SITE_RES_002,Residentiel,0.255,0.42500000000000004,NORMAL
2025-01-07 13:00:00,SITE_RES_002,Residentiel,0.242,0.4033333333333333,NORMAL
2025-01-07 14:00:00,SITE_RES_002,Residentiel,0.242,0.4033333333333333,NORMAL
2025-01-07 15:00:00,SITE_RES_002,Residentiel,0.26,0.43333333333333335,NORMAL
2025-01-07 16:00:00,SITE_RES_002,Residentiel,0.221,0.36833333333333335,NORMAL
2025-01-07 17:00:00,SITE_RES_002,Residentiel,,,
2025-01-07 18:00:00,SITE_RES_002,Residentiel,0.36,0.6,SOUTENU
2025-01-07 19:00:00,SITE_RES_002,Residentiel,0.363,0.605,SOUTENU
2025-01-07 20:00:00,SITE_RES_002,Residentiel,0.372,0.62,SOUTENU
2025-01-07 21:00:00,SITE_RES_002,Residentiel,0.364,0.6066666666666667,SOUTENU
2025-01-07 22:00:00,SITE_RES_002,Residentiel,0.241,0.40166666666666667,NORMAL
2025-01-07 23:00:00,SITE_RES_002,Residentiel,0.264,0.44000000000000006,NORMAL
2025-01-08 00:00:00,SITE_RES_002,Residentiel,0.226,0.3766666666666667,NORMAL
2025-01-08 01:00:00,SITE_RES_002,Residentiel,0.256,0.4266666666666667,NORMAL
2025-01-08 02:00:00,SITE_RES_002,Residentiel,0.234,0.39,NORMAL
2025-01-08 03:00:00,SITE_RES_002,Residentiel,0.246,0.41000000000000003,NORMAL
2025-01-08 04:00:00,SITE_RES_002,Residentiel,,,
2025-01-08 05:00:00,SITE_RES_002,Residentiel,,,
2025-01-08 06:00:00,SITE_RES_002,Residentiel,0.251,0.41833333333333333,NORMAL
2025-01-08 07:00:00,SITE_RES_002,Residentiel,,,
2025-01-08 08:00:00,SITE_RES_002,Residentiel,0.407,0.6783333333333333,SOUTENU
2025-01-08 09:00:00,SITE_RES_002,Residentiel,0.257,0.42833333333333334,NORMAL
2025-01-08 10:00:00,SITE_RES_002,Residentiel,0.243,0.405,NORMAL
2025-01-08 11:00:00,SITE_RES_002,Residentiel,0.256,0.4266666666666667,NORMAL
2025-01-08 12:00:00,SITE_RES_002,Residentiel,0.243,0.405,NORMAL
2025-01-08 13:00:00,SITE_RES_002,Residentiel,0.217,0.3616666666666667,NORMAL
2025-01-08 14:00:00,SITE_RES_002,Residentiel,0.263,0.43833333333333335,NORMAL
2025-01-08 15:00:00,SITE_RES_002,Residentiel,0.222,0.37,NORMAL
2025-01-08 16:00:00,SITE_RES_002,Residentiel,0.226,0.3766666666666667,NORMAL
2025-01-08 17:00:00,SITE_RES_002,Residentiel,0.261,0.43500000000000005,NORMAL
2025-01-08 18:00:00,SITE_RES_002,Residentiel,0.422,0.7033333333333334,SOUTENU
2025-01-08 19:00:00,SITE_RES_002,Residentiel,0.381,0.635,SOUTENU
2025-01-08 20:00:00,SITE_RES_002,Residentiel,0.427,0.7116666666666667,SOUTENU
2025-01-08 21:00:00,SITE_RES_002,Residentiel,0.427,0.7116666666666667,SOUTENU
2025-01-08 22:00:00,SITE_RES_002,Residentiel,0.259,0.4316666666666667,NORMAL
2025-01-08 23:00:00,SITE_RES_002,Residentiel,,,
2025-01-09 00:00:00,SITE_RES_002,Residentiel,0.257,0.42833333333333334,NORMAL
2025-01-09 01:00:00,SITE_RES_002,Residentiel,,,
2025-01-09 02:00:00,SITE_RES_002,Residentiel,0.249,0.41500000000000004,NORMAL
2025-01-09 03:00:00,SITE_RES_002,Residentiel,0.261,0.43500000000000005,NORMAL
2025-01-09 04:00:00,SITE_RES_002,Residentiel,0.241,0.40166666666666667,NORMAL
2025-01-09 05:00:00,SITE_RES_002,Residentiel,0.247,0.4116666666666667,NORMAL
2025-01-09 06:00:00,SITE_RES_002,Residentiel,0.256,0.4266666666666667,NORMAL
2025-01-09 07:00:00,SITE_RES_002,Residentiel,0.427,0.7116666666666667,SOUTENU
2025-01-09 08:00:00,SITE_RES_002,Residentiel,0.389,0.6483333333333334,SOUTENU
2025-01-09 09:00:00,SITE_RES_002,Residentiel,0.236,0.3933333333333333,NORMAL
2025-01-09 10:00:00,SITE_RES_002,Residentiel,0.258,0.43000000000000005,NORMAL
2025-01-09 11:00:00,SITE_RES_002,Residentiel,0.231,0.385,NORMAL
2025-01-09 12:00:00,SITE_RES_002,Residentiel,0.262,0.4366666666666667,NORMAL
2025-01-09 13:00:00,SITE_RES_002,Residentiel,0.251,0.41833333333333333,NORMAL
2025-01-09 14:00:00,SITE_RES_002,Residentiel,0.238,0.39666666666666667,NORMAL
2025-01-09 15:00:00,SITE_RES_002,Residentiel,0.227,0.37833333333333335,NORMAL
2025-01-09 16:00:00,SITE_RES_002,Residentiel,0.254,0.42333333333333334,NORMAL
2025-01-09 17:00:00,SITE_RES_002,Residentiel,0.22,0.3666666666666667,NORMAL
2025-01-09 18:00:00,SITE_RES_002,Residentiel,0.377,0.6283333333333334,SOUTENU
2025-01-09 19:00:00,SITE_RES_002,Residentiel,0.402,0.67,SOUTENU
2025-01-09 20:00:00,SITE_RES_002,Residentiel,0.424,0.7066666666666667,SOUTENU
2025-01-09 21:00:00,SITE_RES_002,Residentiel,0.357,0.595,SOUTENU
2025-01-09 22:00:00,SITE_RES_002,Residentiel,0.243,0.405,NORMAL
2025-01-09 23:00:00,SITE_RES_002,Residentiel,0.245,0.4083333333333333,NORMAL
2025-01-10 00:00:00,SITE_RES_002,Residentiel,0.229,0.3816666666666667,NORMAL
2025-01-10 01:00:00,SITE_RES_002,Residentiel,0.242,0.4033333333333333,NORMAL
2025-01-10 02:00:00,SITE_RES_002,Residentiel,0.218,0.36333333333333334,NORMAL
2025-01-10 03:00:00,SITE_RES_002,Residentiel,0.251,0.41833333333333333,NORMAL
2025-01-10 04:00:00,SITE_RES_002,Residentiel,0.245,0.4083333333333333,NORMAL
2025-01-10 05:00:00,SITE_RES_002,Residentiel,0.222,0.37,NORMAL
2025-01-10 06:00:00,SITE_RES_002,Residentiel,0.241,0.40166666666666667,NORMAL
2025-01-10 07:00:00,SITE_RES_002,Residentiel,0.386,0.6433333333333334,SOUTENU
2025-01-10 08:00:00,SITE_RES_002,Residentiel,,,
2025-01-10 09:00:00,SITE_RES_002,Residentiel,0.225,0.375,NORMAL
2025-01-10 10:00:00,SITE_RES_002,Residentiel,0.225,0.375,NORMAL
2025-01-10 11:00:00,SITE_RES_002,Residentiel,0.246,0.41000000000000003,NORMAL
2025-01-10 12:00:00,SITE_RES_002,Residentiel,0.219,0.365,NORMAL
2025-01-10 13:00:00,SITE_RES_002,Residentiel,0.242,0.4033333333333333,NORMAL
2025-01-10 14:00:00,SITE_RES_002,Residentiel,0.26,0.43333333333333335,NORMAL
2025-01-10 15:00:00,SITE_RES_002,Residentiel,0.256,0.4266666666666667,NORMAL
2025-01-10 16:00:00,SITE_RES_002,Residentiel,0.252,0.42000000000000004,NORMAL
2025-01-10 17:00:00,SITE_RES_002,Residentiel,0.216,0.36,NORMAL
2025-01-10 18:00:00,SITE_RES_002,Residentiel,,,
2025-01-10 19:00:00,SITE_RES_002,Residentiel,0.419,0.6983333333333334,SOUTENU
2025-01-10 20:00:00,SITE_RES_002,Residentiel,0.377,0.6283333333333334,SOUTENU
2025-01-10 21:00:00,SITE_RES_002,Residentiel,0.364,0.6066666666666667,SOUTENU
2025-01-10 22:00:00,SITE_RES_002,Residentiel,0.257,0.42833333333333334,NORMAL
2025-01-10 23:00:00,SITE_RES_002,Residentiel,0.238,0.39666666666666667,NORMAL
2025-01-11 00:00:00,SITE_RES_002,Residentiel,0.282,0.47,NORMAL
2025-01-11 01:00:00,SITE_RES_002,Residentiel,0.286,0.4766666666666666,NORMAL
2025-01-11 02:00:00,SITE_RES_002,Residentiel,0.294,0.49,NORMAL
2025-01-11 03:00:00,SITE_RES_002,Residentiel,0.298,0.49666666666666665,NORMAL
2025-01-11 04:00:00,SITE_RES_002,Residentiel,0.263,0.43833333333333335,NORMAL
2025-01-11 05:00:00,SITE_RES_002,Residentiel,0.29,0.48333333333333334,NORMAL
2025-01-11 06:00:00,SITE_RES_002,Residentiel,,,
2025-01-11 07:00:00,SITE_RES_002,Residentiel,,,
2025-01-11 08:00:00,SITE_RES_002,Residentiel,0.458,0.7633333333333334,SOUTENU
2025-01-11 09:00:00,SITE_RES_002,Residentiel,0.3,0.5,NORMAL
2025-01-11 10:00:00,SITE_RES_002,Residentiel,0.25,0.4166666666666667,NORMAL
2025-01-11 11:00:00,SITE_RES_002,Residentiel,0.301,0.5016666666666667,SOUTENU
2025-01-11 12:00:00,SITE_RES_002,Residentiel,0.275,0.45833333333333337,NORMAL
2025-01-11 13:00:00,SITE_RES_002,Residentiel,0.259,0.4316666666666667,NORMAL
2025-01-11 14:00:00,SITE_RES_002,Residentiel,0.277,0.4616666666666667,NORMAL
2025-01-11 15:00:00,SITE_RES_002,Residentiel,0.275,0.45833333333333337,NORMAL
2025-01-11 16:00:00,SITE_RES_002,Residentiel,0.287,0.47833333333333333,NORMAL
2025-01-11 17:00:00,SITE_RES_002,Residentiel,0.295,0.49166666666666664,NORMAL
2025-01-11 18:00:00,SITE_RES_002,Residentiel,0.444,0.74,SOUTENU
2025-01-11 19:00:00,SITE_RES_002,Residentiel,0.469,0.7816666666666666,SOUTENU
2025-01-11 20:00:00,SITE_RES_002,Residentiel,0.446,0.7433333333333334,SOUTENU
2025-01-11 21:00:00,SITE_RES_002,Residentiel,0.442,0.7366666666666667,SOUTENU
2025-01-11 22:00:00,SITE_RES_002,Residentiel,0.263,0.43833333333333335,NORMAL
2025-01-11 23:00:00,SITE_RES_002,Residentiel,0.254,0.42333333333333334,NORMAL
2025-01-12 00:00:00,SITE_RES_002,Residentiel,0.268,0.4466666666666667,NORMAL
2025-01-12 01:00:00,SITE_RES_002,Residentiel,0.255,0.42500000000000004,NORMAL
2025-01-12 02:00:00,SITE_RES_002,Residentiel,0.289,0.48166666666666663,NORMAL
2025-01-12 03:00:00,SITE_RES_002,Residentiel,0.256,0.4266666666666667,NORMAL
2025-01-12 04:00:00,SITE_RES_002,Residentiel,,,
2025-01-12 05:00:00,SITE_RES_002,Residentiel,0.293,0.48833333333333334,NORMAL
2025-01-12 06:00:00,SITE_RES_002,Residentiel,0.266,0.44333333333333336,NORMAL
2025-01-12 07:00:00,SITE_RES_002,Residentiel,0.444,0.74,SOUTENU
2025-01-12 08:00:00,SITE_RES_002,Residentiel,0.448,0.7466666666666667,SOUTENU
2025-01-12 09:00:00,SITE_RES_002,Residentiel,0.285,0.475,NORMAL
2025-01-12 10:00:00,SITE_RES_002,Residentiel,0.302,0.5033333333333333,SOUTENU
2025-01-12 11:00:00,SITE_RES_002,Residentiel,0.282,0.47,NORMAL
2025-01-12 12:00:00,SITE_RES_002,Residentiel,0.299,0.49833333333333335,NORMAL
2025-01-12 13:00:00,SITE_RES_002,Residentiel,0.267,0.44500000000000006,NORMAL
2025-01-12 14:00:00,SITE_RES_002,Residentiel,0.251,0.41833333333333333,NORMAL
2025-01-12 15:00:00,SITE_RES_002,Residentiel,0.284,0.47333333333333333,NORMAL
2025-01-12 16:00:00,SITE_RES_002,Residentiel,,,
2025-01-12 17:00:00,SITE_RES_002,Residentiel,0.296,0.49333333333333335,NORMAL
2025-01-12 18:00:00,SITE_RES_002,Residentiel,0.407,0.6783333333333333,SOUTENU
2025-01-12 19:00:00,SITE_RES_002,Residentiel,0.42,0.7,SOUTENU
2025-01-12 20:00:00,SITE_RES_002,Residentiel,0.451,0.7516666666666667,SOUTENU
2025-01-12 21:00:00,SITE_RES_002,Residentiel,0.448,0.7466666666666667,SOUTENU
2025-01-12 22:00:00,SITE_RES_002,Residentiel,0.261,0.43500000000000005,NORMAL
2025-01-12 23:00:00,SITE_RES_002,Residentiel,0.301,0.5016666666666667,SOUTENU
2025-01-13 00:00:00,SITE_RES_002,Residentiel,0.234,0.39,NORMAL
2025-01-13 01:00:00,SITE_RES_002,Residentiel,0.234,0.39,NORMAL
2025-01-13 02:00:00,SITE_RES_002,Residentiel,0.255,0.42500000000000004,NORMAL
2025-01-13 03:00:00,SITE_RES_002,Residentiel,0.251,0.41833333333333333,NORMAL
2025-01-13 04:00:00,SITE_RES_002,Residentiel,0.223,0.3716666666666667,NORMAL
2025-01-13 05:00:00,SITE_RES_002,Residentiel,0.22,0.3666666666666667,NORMAL
2025-01-13 06:00:00,SITE_RES_002,Residentiel,0.228,0.38,NORMAL
2025-01-13 07:00:00,SITE_RES_002,Residentiel,0.387,0.645,SOUTENU
2025-01-13 08:00:00,SITE_RES_002,Residentiel,0.391,0.6516666666666667,SOUTENU
2025-01-13 09:00:00,SITE_RES_002,Residentiel,0.259,0.4316666666666667,NORMAL
2025-01-13 10:00:00,SITE_RES_002,Residentiel,0.233,0.38833333333333336,NORMAL
2025-01-13 11:00:00,SITE_RES_002,Residentiel,0.257,0.42833333333333334,NORMAL
2025-01-13 12:00:00,SITE_RES_002,Residentiel,0.241,0.40166666666666667,NORMAL
2025-01-13 13:00:00,SITE_RES_002,Residentiel,0.259,0.4316666666666667,NORMAL
2025-01-13 14:00:00,SITE_RES_002,Residentiel,0.242,0.4033333333333333,NORMAL
2025-01-13 15:00:00,SITE_RES_002,Residentiel,0.239,0.3983333333333333,NORMAL
2025-01-13 16:00:00,SITE_RES_002,Residentiel,0.254,0.42333333333333334,NORMAL
2025-01-13 17:00:00,SITE_RES_002,Residentiel,0.262,0.4366666666666667,NORMAL
2025-01-13 18:00:00,SITE_RES_002,Residentiel,0.364,0.6066666666666667,SOUTENU
2025-01-13 19:00:00,SITE_RES_002,Residentiel,0.409,0.6816666666666666,SOUTENU
2025-01-13 20:00:00,SITE_RES_002,Residentiel,0.413,0.6883333333333334,SOUTENU
2025-01-13 21:00:00,SITE_RES_002,Residentiel,0.369,0.615,SOUTENU
2025-01-13 22:00:00,SITE_RES_002,Residentiel,0.247,0.4116666666666667,NORMAL
2025-01-13 23:00:00,SITE_RES_002,Residentiel,0.259,0.4316666666666667,NORMAL
2025-01-14 00:00:00,SITE_RES_002,Residentiel,0.236,0.3933333333333333,NORMAL
2025-01-14 01:00:00,SITE_RES_002,Residentiel,0.258,0.43000000000000005,NORMAL
2025-01-14 02:00:00,SITE_RES_002,Residentiel,0.261,0.43500000000000005,NORMAL
2025-01-14 03:00:00,SITE_RES_002,Residentiel,0.255,0.42500000000000004,NORMAL
2025-01-14 04:00:00,SITE_RES_002,Residentiel,0.225,0.375,NORMAL
2025-01-14 05:00:00,SITE_RES_002,Residentiel,0.237,0.395,NORMAL
2025-01-14 06:00:00,SITE_RES_002,Residentiel,0.219,0.365,NORMAL
2025-01-14 07:00:00,SITE_RES_002,Residentiel,0.962,1.6033333333333333,DÉPASSEMENT
2025-01-14 08:00:00,SITE_RES_002,Residentiel,0.421,0.7016666666666667,SOUTENU
2025-01-14 09:00:00,SITE_RES_002,Residentiel,0.26,0.43333333333333335,NORMAL
2025-01-14 10:00:00,SITE_RES_002,Residentiel,0.252,0.42000000000000004,NORMAL
2025-01-14 11:00:00,SITE_RES_002,Residentiel,0.254,0.42333333333333334,NORMAL
2025-01-14 12:00:00,SITE_RES_002,Residentiel,0.258,0.43000000000000005,NORMAL
2025-01-14 13:00:00,SITE_RES_002,Residentiel,0.261,0.43500000000000005,NORMAL
2025-01-14 14:00:00,SITE_RES_002,Residentiel,0.243,0.405,NORMAL
2025-01-14 15:00:00,SITE_RES_002,Residentiel,0.25,0.4166666666666667,NORMAL
2025-01-14 16:00:00,SITE_RES_002,Residentiel,0.247,0.4116666666666667,NORMAL
2025-01-14 17:00:00,SITE_RES_002,Residentiel,0.252,0.42000000000000004,NORMAL
2025-01-14 18:00:00,SITE_RES_002,Residentiel,0.373,0.6216666666666667,SOUTENU
2025-01-14 19:00:00,SITE_RES_002,Residentiel,0.415,0.6916666666666667,SOUTENU
2025-01-14 20:00:00,SITE_RES_002,Residentiel,0.356,0.5933333333333334,SOUTENU
2025-01-14 21:00:00,SITE_RES_002,Residentiel,0.408,0.6799999999999999,SOUTENU
2025-01-14 22:00:00,SITE_RES_002,Residentiel,0.223,0.3716666666666667,NORMAL
2025-01-14 23:00:00,SITE_RES_002,Residentiel,0.244,0.4066666666666667,NORMAL
2025-01-15 00:00:00,SITE_RES_002,Residentiel,0.239,0.3983333333333333,NORMAL
2025-01-15 01:00:00,SITE_RES_002,Residentiel,0.245,0.4083333333333333,NORMAL
2025-01-15 02:00:00,SITE_RES_002,Residentiel,0.239,0.3983333333333333,NORMAL
2025-01-15 03:00:00,SITE_RES_002,Residentiel,0.262,0.4366666666666667,NORMAL
2025-01-15 04:00:00,SITE_RES_002,Residentiel,0.223,0.3716666666666667,NORMAL
2025-01-15 05:00:00,SITE_RES_002,Residentiel,0.25,0.4166666666666667,NORMAL
2025-01-15 06:00:00,SITE_RES_002,Residentiel,0.219,0.365,NORMAL
2025-01-15 07:00:00,SITE_RES_002,Residentiel,0.36,0.6,SOUTENU
2025-01-15 08:00:00,SITE_RES_002,Residentiel,0.36,0.6,SOUTENU
2025-01-15 09:00:00,SITE_RES_002,Residentiel,0.248,0.41333333333333333,NORMAL
2025-01-15 10:00:00,SITE_RES_002,Residentiel,0.226,0.3766666666666667,NORMAL
2025-01-15 11:00:00,SITE_RES_002,Residentiel,0.243,0.405,NORMAL
2025-01-15 12:00:00,SITE_RES_002,Residentiel,0.248,0.41333333333333333,NORMAL
2025-01-15 13:00:00,SITE_RES_002,Residentiel,0.253,0.4216666666666667,NORMAL
2025-01-15 14:00:00,SITE_RES_002,Residentiel,0.221,0.36833333333333335,NORMAL
2025-01-15 15:00:00,SITE_RES_002,Residentiel,0.246,0.41000000000000003,NORMAL
2025-01-15 16:00:00,SITE_RES_002,Residentiel,0.248,0.41333333333333333,NORMAL
2025-01-15 17:00:00,SITE_RES_002,Residentiel,0.222,0.37,NORMAL
2025-01-15 18:00:00,SITE_RES_002,Residentiel,0.38,0.6333333333333334,SOUTENU
2025-01-15 19:00:00,SITE_RES_002,Residentiel,0.356,0.5933333333333334,SOUTENU
2025-01-15 20:00:00,SITE_RES_002,Residentiel,0.368,0.6133333333333334,SOUTENU
2025-01-15 21:00:00,SITE_RES_002,Residentiel,0.405,0.675,SOUTENU
2025-01-15 22:00:00,SITE_RES_002,Residentiel,0.263,0.43833333333333335,NORMAL
2025-01-15 23:00:00,SITE_RES_002,Residentiel,0.233,0.38833333333333336,NORMAL
2025-01-16 00:00:00,SITE_RES_002,Residentiel,0.26,0.43333333333333335,NORMAL
2025-01-16 01:00:00,SITE_RES_002,Residentiel,0.259,0.4316666666666667,NORMAL
2025-01-16 02:00:00,SITE_RES_002,Residentiel,0.261,0.43500000000000005,NORMAL
2025-01-16 03:00:00,SITE_RES_002,Residentiel,,,
2025-01-16 04:00:00,SITE_RES_002,Residentiel,0.219,0.365,NORMAL
2025-01-16 05:00:00,SITE_RES_002,Residentiel,0.257,0.42833333333333334,NORMAL
2025-01-16 06:00:00,SITE_RES_002,Residentiel,0.23,0.38333333333333336,NORMAL
2025-01-16 07:00:00,SITE_RES_002,Residentiel,0.371,0.6183333333333334,SOUTENU
2025-01-16 08:00:00,SITE_RES_002,Residentiel,0.401,0.6683333333333334,SOUTENU
2025-01-16 09:00:00,SITE_RES_002,Residentiel,0.228,0.38,NORMAL
2025-01-16 10:00:00,SITE_RES_002,Residentiel,,,
2025-01-16 11:00:00,SITE_RES_002,Residentiel,0.234,0.39,NORMAL
2025-01-16 12:00:00,SITE_RES_002,Residentiel,0.237,0.395,NORMAL
2025-01-16 13:00:00,SITE_RES_002,Residentiel,0.236,0.3933333333333333,NORMAL
2025-01-16 14:00:00,SITE_RES_002,Residentiel,0.221,0.36833333333333335,NORMAL
2025-01-16 15:00:00,SITE_RES_002,Residentiel,0.221,0.36833333333333335,NORMAL
2025-01-16 16:00:00,SITE_RES_002,Residentiel,0.241,0.40166666666666667,NORMAL
2025-01-16 17:00:00,SITE_RES_002,Residentiel,0.254,0.42333333333333334,NORMAL
2025-01-16 18:00:00,SITE_RES_002,Residentiel,0.411,0.6849999999999999,SOUTENU
2025-01-16 19:00:00,SITE_RES_002,Residentiel,0.393,0.655,SOUTENU
2025-01-16 20:00:00,SITE_RES_002,Residentiel,0.386,0.6433333333333334,SOUTENU
2025-01-16 21:00:00,SITE_RES_002,Residentiel,0.427,0.7116666666666667,SOUTENU
2025-01-16 22:00:00,SITE_RES_002,Residentiel,0.218,0.36333333333333334,NORMAL
2025-01-16 23:00:00,SITE_RES_002,Residentiel,0.227,0.37833333333333335,NORMAL
2025-01-17 00:00:00,SITE_RES_002,Residentiel,0.233,0.38833333333333336,NORMAL
2025-01-17 01:00:00,SITE_RES_002,Residentiel,0.254,0.42333333333333334,NORMAL
2025-01-17 02:00:00,SITE_RES_002,Residentiel,0.243,0.405,NORMAL
2025-01-17 03:00:00,SITE_RES_002,Residentiel,0.233,0.38833333333333336,NORMAL
2025-01-17 04:00:00,SITE_RES_002,Residentiel,,,
2025-01-17 05:00:00,SITE_RES_002,Residentiel,0.248,0.41333333333333333,NORMAL
2025-01-17 06:00:00,SITE_RES_002,Residentiel,0.255,0.42500000000000004,NORMAL
2025-01-17 07:00:00,SITE_RES_002,Residentiel,0.385,0.6416666666666667,SOUTENU
2025-01-17 08:00:00,SITE_RES_002,Residentiel,0.397,0.6616666666666667,SOUTENU
2025-01-17 09:00:00,SITE_RES_002,Residentiel,0.239,0.3983333333333333,NORMAL
2025-01-17 10:00:00,SITE_RES_002,Residentiel,0.236,0.3933333333333333,NORMAL
2025-01-17 11:00:00,SITE_RES_002,Residentiel,0.252,0.42000000000000004,NORMAL
2025-01-17 12:00:00,SITE_RES_002,Residentiel,0.248,0.41333333333333333,NORMAL
2025-01-17 13:00:00,SITE_RES_002,Residentiel,0.247,0.4116666666666667,NORMAL
2025-01-17 14:00:00,SITE_RES_002,Residentiel,0.219,0.365,NORMAL
2025-01-17 15:00:00,SITE_RES_002,Residentiel,0.246,0.41000000000000003,NORMAL
2025-01-17 16:00:00,SITE_RES_002,Residentiel,0.264,0.44000000000000006,NORMAL
2025-01-17 17:00:00,SITE_RES_002,Residentiel,0.245,0.4083333333333333,NORMAL
2025-01-17 18:00:00,SITE_RES_002,Residentiel,0.416,0.6933333333333334,SOUTENU
2025-01-17 19:00:00,SITE_RES_002,Residentiel,0.398,0.6633333333333334,SOUTENU
2025-01-17 20:00:00,SITE_RES_002,Residentiel,0.366,0.61,SOUTENU
2025-01-17 21:00:00,SITE_RES_002,Residentiel,0.381,0.635,SOUTENU
2025-01-17 22:00:00,SITE_RES_002,Residentiel,0.234,0.39,NORMAL
2025-01-17 23:00:00,SITE_RES_002,Residentiel,0.218,0.36333333333333334,NORMAL
2025-01-18 00:00:00,SITE_RES_002,Residentiel,0.258,0.43000000000000005,NORMAL
2025-01-18 01:00:00,SITE_RES_002,Residentiel,0.302,0.5033333333333333,SOUTENU
2025-01-18 02:00:00,SITE_RES_002,Residentiel,0.299,0.49833333333333335,NORMAL
2025-01-18 03:00:00,SITE_RES_002,Residentiel,0.288,0.48,NORMAL
2025-01-18 04:00:00,SITE_RES_002,Residentiel,0.303,0.505,SOUTENU
2025-01-18 05:00:00,SITE_RES_002,Residentiel,0.277,0.4616666666666667,NORMAL
2025-01-18 06:00:00,SITE_RES_002,Residentiel,0.253,0.4216666666666667,NORMAL
2025-01-18 07:00:00,SITE_RES_002,Residentiel,0.406,0.6766666666666667,SOUTENU
2025-01-18 08:00:00,SITE_RES_002,Residentiel,0.487,0.8116666666666666,CRITIQUE
2025-01-18 09:00:00,SITE_RES_002,Residentiel,0.261,0.43500000000000005,NORMAL
2025-01-18 10:00:00,SITE_RES_002,Residentiel,0.281,0.4683333333333334,NORMAL
2025-01-18 11:00:00,SITE_RES_002,Residentiel,0.256,0.4266666666666667,NORMAL
2025-01-18 12:00:00,SITE_RES_002,Residentiel,0.289,0.48166666666666663,NORMAL
2025-01-18 13:00:00,SITE_RES_002,Residentiel,0.3,0.5,NORMAL
2025-01-18 14:00:00,SITE_RES_002,Residentiel,0.302,0.5033333333333333,SOUTENU
2025-01-18 15:00:00,SITE_RES_002,Residentiel,0.256,0.4266666666666667,NORMAL
2025-01-18 16:00:00,SITE_RES_002,Residentiel,0.268,0.4466666666666667,NORMAL
2025-01-18 17:00:00,SITE_RES_002,Residentiel,,,
2025-01-18 18:00:00,SITE_RES_002,Residentiel,0.419,0.6983333333333334,SOUTENU
2025-01-18 19:00:00,SITE_RES_002,Residentiel,0.446,0.7433333333333334,SOUTENU
2025-01-18 20:00:00,SITE_RES_002,Residentiel,0.479,0.7983333333333333,SOUTENU
2025-01-18 21:00:00,SITE_RES_002,Residentiel,0.412,0.6866666666666666,SOUTENU
2025-01-18 22:00:00,SITE_RES_002,Residentiel,0.298,0.49666666666666665,NORMAL
2025-01-18 23:00:00,SITE_RES_002,Residentiel,0.282,0.47,NORMAL
2025-01-19 00:00:00,SITE_RES_002,Residentiel,0.288,0.48,NORMAL
2025-01-19 01:00:00,SITE_RES_002,Residentiel,0.295,0.49166666666666664,NORMAL
2025-01-19 02:00:00,SITE_RES_002,Residentiel,0.268,0.4466666666666667,NORMAL
2025-01-19 03:00:00,SITE_RES_002,Residentiel,0.292,0.48666666666666664,NORMAL
2025-01-19 04:00:00,SITE_RES_002,Residentiel,0.298,0.49666666666666665,NORMAL
2025-01-19 05:00:00,SITE_RES_002,Residentiel,0.298,0.49666666666666665,NORMAL
2025-01-19 06:00:00,SITE_RES_002,Residentiel,,,
2025-01-19 07:00:00,SITE_RES_002,Residentiel,0.481,0.8016666666666666,CRITIQUE
2025-01-19 08:00:00,SITE_RES_002,Residentiel,0.461,0.7683333333333334,SOUTENU
2025-01-19 09:00:00,SITE_RES_002,Residentiel,0.264,0.44000000000000006,NORMAL
2025-01-19 10:00:00,SITE_RES_002,Residentiel,0.263,0.43833333333333335,NORMAL
2025-01-19 11:00:00,SITE_RES_002,Residentiel,0.266,0.44333333333333336,NORMAL
2025-01-19 12:00:00,SITE_RES_002,Residentiel,0.254,0.42333333333333334,NORMAL
2025-01-19 13:00:00,SITE_RES_002,Residentiel,0.29,0.48333333333333334,NORMAL
2025-01-19 14:00:00,SITE_RES_002,Residentiel,0.255,0.42500000000000004,NORMAL
2025-01-19 15:00:00,SITE_RES_002,Residentiel,0.261,0.43500000000000005,NORMAL
2025-01-19 16:00:00,SITE_RES_002,Residentiel,0.282,0.47,NORMAL
2025-01-19 17:00:00,SITE_RES_002,Residentiel,,,
2025-01-19 18:00:00,SITE_RES_002,Residentiel,0.455,0.7583333333333334,SOUTENU
2025-01-19 19:00:00,SITE_RES_002,Residentiel,0.431,0.7183333333333334,SOUTENU
2025-01-19 20:00:00,SITE_RES_002,Residentiel,0.472,0.7866666666666666,SOUTENU
2025-01-19 21:00:00,SITE_RES_002,Residentiel,0.457,0.7616666666666667,SOUTENU
2025-01-19 22:00:00,SITE_RES_002,Residentiel,0.288,0.48,NORMAL
2025-01-19 23:00:00,SITE_RES_002,Residentiel,0.298,0.49666666666666665,NORMAL
2025-01-20 00:00:00,SITE_RES_002,Residentiel,0.228,0.38,NORMAL
2025-01-20 01:00:00,SITE_RES_002,Residentiel,0.256,0.4266666666666667,NORMAL
2025-01-20 02:00:00,SITE_RES_002,Residentiel,0.229,0.3816666666666667,NORMAL
2025-01-20 03:00:00,SITE_RES_002,Residentiel,0.221,0.36833333333333335,NORMAL
2025-01-20 04:00:00,SITE_RES_002,Residentiel,,,
2025-01-20 05:00:00,SITE_RES_002,Residentiel,0.219,0.365,NORMAL
2025-01-20 06:00:00,SITE_RES_002,Residentiel,0.252,0.42000000000000004,NORMAL
2025-01-20 07:00:00,SITE_RES_002,Residentiel,0.393,0.655,SOUTENU
2025-01-20 08:00:00,SITE_RES_002,Residentiel,0.426,0.71,SOUTENU
2025-01-20 09:00:00,SITE_RES_002,Residentiel,0.242,0.4033333333333333,NORMAL
2025-01-20 10:00:00,SITE_RES_002,Residentiel,0.241,0.40166666666666667,NORMAL
2025-01-20 11:00:00,SITE_RES_002,Residentiel,0.246,0.41000000000000003,NORMAL
2025-01-20 12:00:00,SITE_RES_002,Residentiel,0.242,0.4033333333333333,NORMAL
2025-01-20 13:00:00,SITE_RES_002,Residentiel,0.228,0.38,NORMAL
2025-01-20 14:00:00,SITE_RES_002,Residentiel,0.237,0.395,NORMAL
2025-01-20 15:00:00,SITE_RES_002,Residentiel,0.259,0.4316666666666667,NORMAL
2025-01-20 16:00:00,SITE_RES_002,Residentiel,0.231,0.385,NORMAL
2025-01-20 17:00:00,SITE_RES_002,Residentiel,,,
2025-01-20 18:00:00,SITE_RES_002,Residentiel,0.388,0.6466666666666667,SOUTENU
2025-01-20 19:00:00,SITE_RES_002,Residentiel,0.405,0.675,SOUTENU
2025-01-20 20:00:00,SITE_RES_002,Residentiel,0.404,0.6733333333333335,SOUTENU
2025-01-20 21:00:00,SITE_RES_002,Residentiel,0.411,0.6849999999999999,SOUTENU
2025-01-20 22:00:00,SITE_RES_002,Residentiel,,,
2025-01-20 23:00:00,SITE_RES_002,Residentiel,0.228,0.38,NORMAL
2025-01-21 00:00:00,SITE_RES_002,Residentiel,,,
2025-01-21 01:00:00,SITE_RES_002,Residentiel,0.223,0.3716666666666667,NORMAL
2025-01-21 02:00:00,SITE_RES_002,Residentiel,0.23,0.38333333333333336,NORMAL
2025-01-21 03:00:00,SITE_RES_002,Residentiel,0.254,0.42333333333333334,NORMAL
2025-01-21 04:00:00,SITE_RES_002,Residentiel,0.24,0.4,NORMAL
2025-01-21 05:00:00,SITE_RES_002,Residentiel,0.217,0.3616666666666667,NORMAL
2025-01-21 06:00:00,SITE_RES_002,Residentiel,0.233,0.38833333333333336,NORMAL
2025-01-21 07:00:00,SITE_RES_002,Residentiel,0.396,0.66,SOUTENU
2025-01-21 08:00:00,SITE_RES_002,Residentiel,0.368,0.6133333333333334,SOUTENU
2025-01-21 09:00:00,SITE_RES_002,Residentiel,0.222,0.37,NORMAL
2025-01-21 10:00:00,SITE_RES_002,Residentiel,,,
2025-01-21 11:00:00,SITE_RES_002,Residentiel,,,
2025-01-21 12:00:00,SITE_RES_002,Residentiel,0.232,0.3866666666666667,NORMAL
2025-01-21 13:00:00,SITE_RES_002,Residentiel,0.249,0.41500000000000004,NORMAL
2025-01-21 14:00:00,SITE_RES_002,Residentiel,0.224,0.37333333333333335,NORMAL
2025-01-21 15:00:00,SITE_RES_002,Residentiel,0.237,0.395,NORMAL
2025-01-21 16:00:00,SITE_RES_002,Residentiel,0.235,0.39166666666666666,NORMAL
2025-01-21 17:00:00,SITE_RES_002,Residentiel,0.221,0.36833333333333335,NORMAL
2025-01-21 18:00:00,SITE_RES_002,Residentiel,0.38,0.6333333333333334,SOUTENU
2025-01-21 19:00:00,SITE_RES_002,Residentiel,0.393,0.655,SOUTENU
2025-01-21 20:00:00,SITE_RES_002,Residentiel,0.41,0.6833333333333333,SOUTENU
2025-01-21 21:00:00,SITE_RES_002,Residentiel,0.391,0.6516666666666667,SOUTENU
2025-01-21 22:00:00,SITE_RES_002,Residentiel,0.222,0.37,NORMAL
2025-01-21 23:00:00,SITE_RES_002,Residentiel,0.261,0.43500000000000005,NORMAL
2025-01-22 00:00:00,SITE_RES_002,Residentiel,,,
2025-01-22 01:00:00,SITE_RES_002,Residentiel,0.229,0.3816666666666667,NORMAL
2025-01-22 02:00:00,SITE_RES_002,Residentiel,0.251,0.41833333333333333,NORMAL
2025-01-22 03:00:00,SITE_RES_002,Residentiel,0.227,0.37833333333333335,NORMAL
2025-01-22 04:00:00,SITE_RES_002,Residentiel,0.233,0.38833333333333336,NORMAL
2025-01-22 05:00:00,SITE_RES_002,Residentiel,0.218,0.36333333333333334,NORMAL
2025-01-22 06:00:00,SITE_RES_002,Residentiel,0.234,0.39,NORMAL
2025-01-22 07:00:00,SITE_RES_002,Residentiel,0.361,0.6016666666666667,SOUTENU
2025-01-22 08:00:00,SITE_RES_002,Residentiel,0.42,0.7,SOUTENU
2025-01-22 09:00:00,SITE_RES_002,Residentiel,0.218,0.36333333333333334,NORMAL
2025-01-22 10:00:00,SITE_RES_002,Residentiel,0.234,0.39,NORMAL
2025-01-22 11:00:00,SITE_RES_002,Residentiel,0.225,0.375,NORMAL
2025-01-22 12:00:00,SITE_RES_002,Residentiel,0.223,0.3716666666666667,NORMAL
2025-01-22 13:00:00,SITE_RES_002,Residentiel,0.246,0.41000000000000003,NORMAL
2025-01-22 14:00:00,SITE_RES_002,Residentiel,,,
2025-01-22 15:00:00,SITE_RES_002,Residentiel,0.253,0.4216666666666667,NORMAL
2025-01-22 16:00:00,SITE_RES_002,Residentiel,0.247,0.4116666666666667,NORMAL
2025-01-22 17:00:00,SITE_RES_002,Residentiel,0.258,0.43000000000000005,NORMAL
2025-01-22 18:00:00,SITE_RES_002,Residentiel,0.357,0.595,SOUTENU
2025-01-22 19:00:00,SITE_RES_002,Residentiel,0.356,0.5933333333333334,SOUTENU
2025-01-22 20:00:00,SITE_RES_002,Residentiel,0.37,0.6166666666666667,SOUTENU
2025-01-22 21:00:00,SITE_RES_002,Residentiel,0.354,0.59,SOUTENU
2025-01-22 22:00:00,SITE_RES_002,Residentiel,0.251,0.41833333333333333,NORMAL
2025-01-22 23:00:00,SITE_RES_002,Residentiel,0.227,0.37833333333333335,NORMAL
2025-01-23 00:00:00,SITE_RES_002,Residentiel,0.257,0.42833333333333334,NORMAL
2025-01-23 01:00:00,SITE_RES_002,Residentiel,0.241,0.40166666666666667,NORMAL
2025-01-23 02:00:00,SITE_RES_002,Residentiel,0.23,0.38333333333333336,NORMAL
2025-01-23 03:00:00,SITE_RES_002,Residentiel,0.224,0.37333333333333335,NORMAL
2025-01-23 04:00:00,SITE_RES_002,Residentiel,0.229,0.3816666666666667,NORMAL
2025-01-23 05:00:00,SITE_RES_002,Residentiel,0.242,0.4033333333333333,NORMAL
2025-01-23 06:00:00,SITE_RES_002,Residentiel,0.226,0.3766666666666667,NORMAL
2025-01-23 07:00:00,SITE_RES_002,Residentiel,0.405,0.675,SOUTENU
2025-01-23 08:00:00,SITE_RES_002,Residentiel,0.37,0.6166666666666667,SOUTENU
2025-01-23 09:00:00,SITE_RES_002,Residentiel,0.24,0.4,NORMAL
2025-01-23 10:00:00,SITE_RES_002,Residentiel,0.255,0.42500000000000004,NORMAL
2025-01-23 11:00:00,SITE_RES_002,Residentiel,0.241,0.40166666666666667,NORMAL
2025-01-23 12:00:00,SITE_RES_002,Residentiel,,,
2025-01-23 13:00:00,SITE_RES_002,Residentiel,0.222,0.37,NORMAL
2025-01-23 14:00:00,SITE_RES_002,Residentiel,,,
2025-01-23 15:00:00,SITE_RES_002,Residentiel,0.251,0.41833333333333333,NORMAL
2025-01-23 16:00:00,SITE_RES_002,Residentiel,0.228,0.38,NORMAL
2025-01-23 17:00:00,SITE_RES_002,Residentiel,0.247,0.4116666666666667,NORMAL
2025-01-23 18:00:00,SITE_RES_002,Residentiel,0.395,0.6583333333333334,SOUTENU
2025-01-23 19:00:00,SITE_RES_002,Residentiel,0.402,0.67,SOUTENU
2025-01-23 20:00:00,SITE_RES_002,Residentiel,0.425,0.7083333333333334,SOUTENU
2025-01-23 21:00:00,SITE_RES_002,Residentiel,0.391,0.6516666666666667,SOUTENU
2025-01-23 22:00:00,SITE_RES_002,Residentiel,0.224,0.37333333333333335,NORMAL
2025-01-23 23:00:00,SITE_RES_002,Residentiel,0.227,0.37833333333333335,NORMAL
2025-01-24 00:00:00,SITE_RES_002,Residentiel,0.235,0.39166666666666666,NORMAL
2025-01-24 01:00:00,SITE_RES_002,Residentiel,0.24,0.4,NORMAL
2025-01-24 02:00:00,SITE_RES_002,Residentiel,0.254,0.42333333333333334,NORMAL
2025-01-24 03:00:00,SITE_RES_002,Residentiel,,,
2025-01-24 04:00:00,SITE_RES_002,Residentiel,0.23,0.38333333333333336,NORMAL
2025-01-24 05:00:00,SITE_RES_002,Residentiel,0.261,0.43500000000000005,NORMAL
2025-01-24 06:00:00,SITE_RES_002,Residentiel,0.24,0.4,NORMAL
2025-01-24 07:00:00,SITE_RES_002,Residentiel,0.41,0.6833333333333333,SOUTENU
2025-01-24 08:00:00,SITE_RES_002,Residentiel,0.375,0.625,SOUTENU
2025-01-24 09:00:00,SITE_RES_002,Residentiel,,,
2025-01-24 10:00:00,SITE_RES_002,Residentiel,0.217,0.3616666666666667,NORMAL
2025-01-24 11:00:00,SITE_RES_002,Residentiel,0.234,0.39,NORMAL
2025-01-24 12:00:00,SITE_RES_002,Residentiel,0.886,1.4766666666666668,DÉPASSEMENT
2025-01-24 13:00:00,SITE_RES_002,Residentiel,0.249,0.41500000000000004,NORMAL
2025-01-24 14:00:00,SITE_RES_002,Residentiel,0.236,0.3933333333333333,NORMAL
2025-01-24 15:00:00,SITE_RES_002,Residentiel,0.26,0.43333333333333335,NORMAL
2025-01-24 16:00:00,SITE_RES_002,Residentiel,0.256,0.4266666666666667,NORMAL
2025-01-24 17:00:00,SITE_RES_002,Residentiel,0.255,0.42500000000000004,NORMAL
2025-01-24 18:00:00,SITE_RES_002,Residentiel,0.423,0.705,SOUTENU
2025-01-24 19:00:00,SITE_RES_002,Residentiel,0.392,0.6533333333333334,SOUTENU
2025-01-24 20:00:00,SITE_RES_002,Residentiel,0.385,0.6416666666666667,SOUTENU
2025-01-24 21:00:00,SITE_RES_002,Residentiel,0.393,0.655,SOUTENU
2025-01-24 22:00:00,SITE_RES_002,Residentiel,0.245,0.4083333333333333,NORMAL
2025-01-24 23:00:00,SITE_RES_002,Residentiel,0.243,0.405,NORMAL
2025-01-25 00:00:00,SITE_RES_002,Residentiel,0.278,0.4633333333333334,NORMAL
2025-01-25 01:00:00,SITE_RES_002,Residentiel,0.252,0.42000000000000004,NORMAL
2025-01-25 02:00:00,SITE_RES_002,Residentiel,0.268,0.4466666666666667,NORMAL
2025-01-25 03:00:00,SITE_RES_002,Residentiel,0.25,0.4166666666666667,NORMAL
2025-01-25 04:00:00,SITE_RES_002,Residentiel,0.256,0.4266666666666667,NORMAL
2025-01-25 05:00:00,SITE_RES_002,Residentiel,0.295,0.49166666666666664,NORMAL
2025-01-25 06:00:00,SITE_RES_002,Residentiel,0.259,0.4316666666666667,NORMAL
2025-01-25 07:00:00,SITE_RES_002,Residentiel,0.404,0.6733333333333335,SOUTENU
2025-01-25 08:00:00,SITE_RES_002,Residentiel,0.416,0.6933333333333334,SOUTENU
2025-01-25 09:00:00,SITE_RES_002,Residentiel,0.266,0.44333333333333336,NORMAL
2025-01-25 10:00:00,SITE_RES_002,Residentiel,0.287,0.47833333333333333,NORMAL
2025-01-25 11:00:00,SITE_RES_002,Residentiel,0.282,0.47,NORMAL
2025-01-25 12:00:00,SITE_RES_002,Residentiel,0.294,0.49,NORMAL
2025-01-25 13:00:00,SITE_RES_002,Residentiel,,,
2025-01-25 14:00:00,SITE_RES_002,Residentiel,0.256,0.4266666666666667,NORMAL
2025-01-25 15:00:00,SITE_RES_002,Residentiel,0.273,0.45500000000000007,NORMAL
2025-01-25 16:00:00,SITE_RES_002,Residentiel,0.263,0.43833333333333335,NORMAL
2025-01-25 17:00:00,SITE_RES_002,Residentiel,0.294,0.49,NORMAL
2025-01-25 18:00:00,SITE_RES_002,Residentiel,0.479,0.7983333333333333,SOUTENU
2025-01-25 19:00:00,SITE_RES_002,Residentiel,,,
2025-01-25 20:00:00,SITE_RES_002,Residentiel,0.478,0.7966666666666666,SOUTENU
2025-01-25 21:00:00,SITE_RES_002,Residentiel,0.409,0.6816666666666666,SOUTENU
2025-01-25 22:00:00,SITE_RES_002,Residentiel,0.271,0.4516666666666667,NORMAL
2025-01-25 23:00:00,SITE_RES_002,Residentiel,0.256,0.4266666666666667,NORMAL
2025-01-26 00:00:00,SITE_RES_002,Residentiel,0.257,0.42833333333333334,NORMAL
2025-01-26 01:00:00,SITE_RES_002,Residentiel,0.292,0.48666666666666664,NORMAL
2025-01-26 02:00:00,SITE_RES_002,Residentiel,0.301,0.5016666666666667,SOUTENU
2025-01-26 03:00:00,SITE_RES_002,Residentiel,0.288,0.48,NORMAL
2025-01-26 04:00:00,SITE_RES_002,Residentiel,,,
2025-01-26 05:00:00,SITE_RES_002,Residentiel,0.269,0.44833333333333336,NORMAL
2025-01-26 06:00:00,SITE_RES_002,Residentiel,0.279,0.4650000000000001,NORMAL
2025-01-26 07:00:00,SITE_RES_002,Residentiel,0.455,0.7583333333333334,SOUTENU
2025-01-26 08:00:00,SITE_RES_002,Residentiel,0.483,0.805,CRITIQUE
2025-01-26 09:00:00,SITE_RES_002,Residentiel,0.259,0.4316666666666667,NORMAL
2025-01-26 10:00:00,SITE_RES_002,Residentiel,0.261,0.43500000000000005,NORMAL
2025-01-26 11:00:00,SITE_RES_002,Residentiel,0.28,0.46666666666666673,NORMAL
2025-01-26 12:00:00,SITE_RES_002,Residentiel,0.272,0.45333333333333337,NORMAL
2025-01-26 13:00:00,SITE_RES_002,Residentiel,0.263,0.43833333333333335,NORMAL
2025-01-26 14:00:00,SITE_RES_002,Residentiel,0.276,0.4600000000000001,NORMAL
2025-01-26 15:00:00,SITE_RES_002,Residentiel,0.265,0.4416666666666667,NORMAL
2025-01-26 16:00:00,SITE_RES_002,Residentiel,,,
2025-01-26 17:00:00,SITE_RES_002,Residentiel,0.271,0.4516666666666667,NORMAL
2025-01-26 18:00:00,SITE_RES_002,Residentiel,0.472,0.7866666666666666,SOUTENU
2025-01-26 19:00:00,SITE_RES_002,Residentiel,0.475,0.7916666666666666,SOUTENU
2025-01-26 20:00:00,SITE_RES_002,Residentiel,0.476,0.7933333333333333,SOUTENU
2025-01-26 21:00:00,SITE_RES_002,Residentiel,0.469,0.7816666666666666,SOUTENU
2025-01-26 22:00:00,SITE_RES_002,Residentiel,0.268,0.4466666666666667,NORMAL
2025-01-26 23:00:00,SITE_RES_002,Residentiel,0.259,0.4316666666666667,NORMAL
2025-01-27 00:00:00,SITE_RES_002,Residentiel,0.254,0.42333333333333334,NORMAL
2025-01-27 01:00:00,SITE_RES_002,Residentiel,0.258,0.43000000000000005,NORMAL
2025-01-27 02:00:00,SITE_RES_002,Residentiel,0.241,0.40166666666666667,NORMAL
2025-01-27 03:00:00,SITE_RES_002,Residentiel,0.218,0.36333333333333334,NORMAL
2025-01-27 04:00:00,SITE_RES_002,Residentiel,0.264,0.44000000000000006,NORMAL
2025-01-27 05:00:00,SITE_RES_002,Residentiel,0.24,0.4,NORMAL
2025-01-27 06:00:00,SITE_RES_002,Residentiel,0.227,0.37833333333333335,NORMAL
2025-01-27 07:00:00,SITE_RES_002,Residentiel,0.417,0.695,SOUTENU
2025-01-27 08:00:00,SITE_RES_002,Residentiel,0.377,0.6283333333333334,SOUTENU
2025-01-27 09:00:00,SITE_RES_002,Residentiel,0.218,0.36333333333333334,NORMAL
2025-01-27 10:00:00,SITE_RES_002,Residentiel,0.233,0.38833333333333336,NORMAL
2025-01-27 11:00:00,SITE_RES_002,Residentiel,0.256,0.4266666666666667,NORMAL
2025-01-27 12:00:00,SITE_RES_002,Residentiel,0.253,0.4216666666666667,NORMAL
2025-01-27 13:00:00,SITE_RES_002,Residentiel,0.251,0.41833333333333333,NORMAL
2025-01-27 14:00:00,SITE_RES_002,Residentiel,0.221,0.36833333333333335,NORMAL
2025-01-27 15:00:00,SITE_RES_002,Residentiel,0.261,0.43500000000000005,NORMAL
2025-01-27 16:00:00,SITE_RES_002,Residentiel,0.232,0.3866666666666667,NORMAL
2025-01-27 17:00:00,SITE_RES_002,Residentiel,0.219,0.365,NORMAL
2025-01-27 18:00:00,SITE_RES_002,Residentiel,0.407,0.6783333333333333,SOUTENU
2025-01-27 19:00:00,SITE_RES_002,Residentiel,0.424,0.7066666666666667,SOUTENU
2025-01-27 20:00:00,SITE_RES_002,Residentiel,,,
2025-01-27 21:00:00,SITE_RES_002,Residentiel,0.375,0.625,SOUTENU
2025-01-27 22:00:00,SITE_RES_002,Residentiel,0.219,0.365,NORMAL
2025-01-27 23:00:00,SITE_RES_002,Residentiel,0.26,0.43333333333333335,NORMAL
2025-01-28 00:00:00,SITE_RES_002,Residentiel,0.251,0.41833333333333333,NORMAL
2025-01-28 01:00:00,SITE_RES_002,Residentiel,0.247,0.4116666666666667,NORMAL
2025-01-28 02:00:00,SITE_RES_002,Residentiel,0.246,0.41000000000000003,NORMAL
2025-01-28 03:00:00,SITE_RES_002,Residentiel,0.24,0.4,NORMAL
2025-01-28 04:00:00,SITE_RES_002,Residentiel,,,
2025-01-28 05:00:00,SITE_RES_002,Residentiel,0.244,0.4066666666666667,NORMAL
2025-01-28 06:00:00,SITE_RES_002,Residentiel,0.252,0.42000000000000004,NORMAL
2025-01-28 07:00:00,SITE_RES_002,Residentiel,0.426,0.71,SOUTENU
2025-01-28 08:00:00,SITE_RES_002,Residentiel,0.352,0.5866666666666667,SOUTENU
2025-01-28 09:00:00,SITE_RES_002,Residentiel,0.233,0.38833333333333336,NORMAL
2025-01-28 10:00:00,SITE_RES_002,Residentiel,0.24,0.4,NORMAL
2025-01-28 11:00:00,SITE_RES_002,Residentiel,0.242,0.4033333333333333,NORMAL
2025-01-28 12:00:00,SITE_RES_002,Residentiel,0.264,0.44000000000000006,NORMAL
2025-01-28 13:00:00,SITE_RES_002,Residentiel,0.262,0.4366666666666667,NORMAL
2025-01-28 14:00:00,SITE_RES_002,Residentiel,0.234,0.39,NORMAL
2025-01-28 15:00:00,SITE_RES_002,Residentiel,0.219,0.365,NORMAL
2025-01-28 16:00:00,SITE_RES_002,Residentiel,0.244,0.4066666666666667,NORMAL
2025-01-28 17:00:00,SITE_RES_002,Residentiel,0.26,0.43333333333333335,NORMAL
2025-01-28 18:00:00,SITE_RES_002,Residentiel,0.407,0.6783333333333333,SOUTENU
2025-01-28 19:00:00,SITE_RES_002,Residentiel,0.37,0.6166666666666667,SOUTENU
2025-01-28 20:00:00,SITE_RES_002,Residentiel,0.407,0.6783333333333333,SOUTENU
2025-01-28 21:00:00,SITE_RES_002,Residentiel,0.374,0.6233333333333334,SOUTENU
2025-01-28 22:00:00,SITE_RES_002,Residentiel,0.227,0.37833333333333335,NORMAL
2025-01-28 23:00:00,SITE_RES_002,Residentiel,0.257,0.42833333333333334,NORMAL
2025-01-29 00:00:00,SITE_RES_002,Residentiel,0.246,0.41000000000000003,NORMAL
2025-01-29 01:00:00,SITE_RES_002,Residentiel,0.234,0.39,NORMAL
2025-01-29 02:00:00,SITE_RES_002,Residentiel,0.221,0.36833333333333335,NORMAL
2025-01-29 03:00:00,SITE_RES_002,Residentiel,0.225,0.375,NORMAL
2025-01-29 04:00:00,SITE_RES_002,Residentiel,0.254,0.42333333333333334,NORMAL
2025-01-29 05:00:00,SITE_RES_002,Residentiel,,,
2025-01-29 06:00:00,SITE_RES_002,Residentiel,0.236,0.3933333333333333,NORMAL
2025-01-29 07:00:00,SITE_RES_002,Residentiel,0.411,0.6849999999999999,SOUTENU
2025-01-29 08:00:00,SITE_RES_002,Residentiel,0.37,0.6166666666666667,SOUTENU
2025-01-29 09:00:00,SITE_RES_002,Residentiel,0.235,0.39166666666666666,NORMAL
2025-01-29 10:00:00,SITE_RES_002,Residentiel,0.23,0.38333333333333336,NORMAL
2025-01-29 11:00:00,SITE_RES_002,Residentiel,0.238,0.39666666666666667,NORMAL
2025-01-29 12:00:00,SITE_RES_002,Residentiel,0.263,0.43833333333333335,NORMAL
2025-01-29 13:00:00,SITE_RES_002,Residentiel,0.22,0.3666666666666667,NORMAL
2025-01-29 14:00:00,SITE_RES_002,Residentiel,0.224,0.37333333333333335,NORMAL
2025-01-29 15:00:00,SITE_RES_002,Residentiel,0.248,0.41333333333333333,NORMAL
2025-01-29 16:00:00,SITE_RES_002,Residentiel,0.223,0.3716666666666667,NORMAL
2025-01-29 17:00:00,SITE_RES_002,Residentiel,0.238,0.39666666666666667,NORMAL
2025-01-29 18:00:00,SITE_RES_002,Residentiel,0.351,0.585,SOUTENU
2025-01-29 19:00:00,SITE_RES_002,Residentiel,0.364,0.6066666666666667,SOUTENU
2025-01-29 20:00:00,SITE_RES_002,Residentiel,0.385,0.6416666666666667,SOUTENU
2025-01-29 21:00:00,SITE_RES_002,Residentiel,0.408,0.6799999999999999,SOUTENU
2025-01-29 22:00:00,SITE_RES_002,Residentiel,0.254,0.42333333333333334,NORMAL
2025-01-29 23:00:00,SITE_RES_002,Residentiel,0.249,0.41500000000000004,NORMAL
2025-01-30 00:00:00,SITE_RES_002,Residentiel,0.24,0.4,NORMAL
2025-01-30 01:00:00,SITE_RES_002,Residentiel,0.22,0.3666666666666667,NORMAL
2025-01-30 02:00:00,SITE_RES_002,Residentiel,0.249,0.41500000000000004,NORMAL
2025-01-30 03:00:00,SITE_RES_002,Residentiel,0.243,0.405,NORMAL
2025-01-30 04:00:00,SITE_RES_002,Residentiel,0.232,0.3866666666666667,NORMAL
2025-01-30 05:00:00,SITE_RES_002,Residentiel,0.245,0.4083333333333333,NORMAL
2025-01-30 06:00:00,SITE_RES_002,Residentiel,0.261,0.43500000000000005,NORMAL
2025-01-30 07:00:00,SITE_RES_002,Residentiel,0.414,0.69,SOUTENU
2025-01-30 08:00:00,SITE_RES_002,Residentiel,0.355,0.5916666666666667,SOUTENU
2025-01-30 09:00:00,SITE_RES_002,Residentiel,0.252,0.42000000000000004,NORMAL
2025-01-30 10:00:00,SITE_RES_002,Residentiel,0.246,0.41000000000000003,NORMAL
2025-01-30 11:00:00,SITE_RES_002,Residentiel,0.227,0.37833333333333335,NORMAL
2025-01-30 12:00:00,SITE_RES_002,Residentiel,0.229,0.3816666666666667,NORMAL
2025-01-30 13:00:00,SITE_RES_002,Residentiel,0.222,0.37,NORMAL
2025-01-30 14:00:00,SITE_RES_002,Residentiel,0.236,0.3933333333333333,NORMAL
2025-01-30 15:00:00,SITE_RES_002,Residentiel,0.225,0.375,NORMAL
2025-01-30 16:00:00,SITE_RES_002,Residentiel,0.217,0.3616666666666667,NORMAL
2025-01-30 17:00:00,SITE_RES_002,Residentiel,0.261,0.43500000000000005,NORMAL
2025-01-30 18:00:00,SITE_RES_002,Residentiel,0.407,0.6783333333333333,SOUTENU
2025-01-30 19:00:00,SITE_RES_002,Residentiel,0.419,0.6983333333333334,SOUTENU
2025-01-30 20:00:00,SITE_RES_002,Residentiel,0.412,0.6866666666666666,SOUTENU
2025-01-30 21:00:00,SITE_RES_002,Residentiel,0.355,0.5916666666666667,SOUTENU
2025-01-30 22:00:00,SITE_RES_002,Residentiel,0.256,0.4266666666666667,NORMAL
2025-01-30 23:00:00,SITE_RES_002,Residentiel,0.256,0.4266666666666667,NORMAL
